Date,,Open,High,Low,Close,Shares Traded
03-Jan-2000,,1482.15,1592.9,1482.15,1592.2,0
04-Jan-2000,,1594.4,1641.95,1594.4,1638.7,0
05-Jan-2000,mbjh,1634.55,1635.5,1555.05,1595.8,0
06-Jan-2000,vhg,1595.8,1639,1595.8,1617.6,0
07-Jan-2000,,1616.6,1628.25,1597.2,1613.3,0
10-Jan-2000,,1615.65,1662.1,1614.95,1632.95,0
11-Jan-2000,,1633.25,1639.9,1548.25,1572.5,0
12-Jan-2000,,1572.3,1631.55,1571.7,1624.8,0
13-Jan-2000,,1627.85,1671.15,1613.65,1621.4,0
14-Jan-2000,,1622.15,1627.4,1591.4,1622.75,0
17-Jan-2000,,1623.5,1668.45,1604.65,1611.6,0
18-Jan-2000,,1611.65,1615.15,1587.85,1606.7,0
19-Jan-2000,,1610.05,1644.45,1608.85,1634.85,0
20-Jan-2000,,1634.65,1644.4,1596.65,1601.1,0
21-Jan-2000,,1601.25,1626.5,1593.2,1620.6,0
24-Jan-2000,,1623.05,1645,1608.3,1613.6,0
25-Jan-2000,,1612.95,1613.65,1579.55,1586.4,0
27-Jan-2000,,1600.5,1633.55,1600.05,1603.9,0
28-Jan-2000,,1603.65,1610.9,1592.7,1599.1,0
31-Jan-2000,,1598.35,1598.35,1538.7,1546.2,0
01-Feb-2000,,1546.2,1554.15,1521.4,1549.5,0
02-Feb-2000,,1554.2,1605.9,1554.2,1588,0
03-Feb-2000,,1591.25,1616.7,1591.25,1597.9,0
04-Feb-2000,,1598.5,1621.35,1596.45,1599.75,0
07-Feb-2000,,1599.8,1645.9,1599.8,1636.6,0
08-Feb-2000,,1636.6,1676.1,1636.6,1662.75,0
09-Feb-2000,,1666.95,1731.65,1666.7,1689.65,0
10-Feb-2000,,1692.1,1713.7,1692.1,1711.2,0
11-Feb-2000,,1712.85,1771.65,1712.85,1756,0
14-Feb-2000,,1777.75,1795.45,1738.75,1744.5,0
15-Feb-2000,,1744.5,1744.5,1694.45,1702.55,0
16-Feb-2000,,1704.85,1742.8,1704.15,1711.1,0
17-Feb-2000,,1710.05,1753.1,1710.05,1742.1,0
18-Feb-2000,,1742.3,1764.15,1713.45,1717.8,0
21-Feb-2000,,1719.55,1767.8,1719.55,1753.5,0
22-Feb-2000,,1754.2,1781.05,1733.55,1739.05,0
23-Feb-2000,,1745.2,1818.15,1689.2,1696.4,0
24-Feb-2000,,1696.4,1751.6,1693.1,1732,0
25-Feb-2000,,1734.05,1757.05,1699.25,1710.45,0
28-Feb-2000,,1711.15,1726.65,1670.75,1722.55,0
29-Feb-2000,,1722.85,1783.3,1626.35,1654.8,0
01-Mar-2000,,1661.5,1727.9,1630,1712.7,0
02-Mar-2000,,1713.65,1773.85,1690.05,1696.55,0
03-Mar-2000,,1696.45,1719.15,1644.4,1656,0
06-Mar-2000,,1656,1721,1656,1688.5,0
07-Mar-2000,,1711.85,1730.85,1684.9,1702.75,0
08-Mar-2000,,1717.75,1765.25,1654.45,1666.35,0
09-Mar-2000,,1667.45,1692.25,1595.45,1646.25,0
10-Mar-2000,,1647.85,1680.45,1588.2,1602.75,0
13-Mar-2000,,1601.4,1645,1553.45,1560.7,0
14-Mar-2000,,1561.55,1571.3,1503.2,1567.05,0
15-Mar-2000,,1546.8,1630.95,1538.7,1620.1,0
16-Mar-2000,,1620.4,1621.2,1554.3,1562.2,0
21-Mar-2000,,1563.3,1585.25,1542.65,1556.6,0
22-Mar-2000,,1551.05,1604,1551.05,1589.6,0
23-Mar-2000,,1590.3,1629.2,1544.5,1553.4,0
24-Mar-2000,,1554.2,1579.4,1540.45,1569.55,0
27-Mar-2000,,1570.45,1593.3,1555.75,1562.95,0
28-Mar-2000,,1563.3,1575.85,1527.55,1568.6,0
29-Mar-2000,,1569.3,1609.4,1553.4,1558.25,0
30-Mar-2000,,1556.95,1557.85,1489.1,1549.5,0
31-Mar-2000,,1545.55,1545.55,1493.9,1528.45,0
03-Apr-2000,,1528.7,1555.5,1510.75,1534.75,0
04-Apr-2000,,1534.05,1534.05,1420.85,1428.1,0
05-Apr-2000,,1428.5,1467.4,1391.65,1434.65,0
06-Apr-2000,,1436.15,1475.25,1381.05,1452.95,0
07-Apr-2000,,1453.3,1558.05,1453.3,1557.15,0
10-Apr-2000,,1557.55,1636.95,1557.55,1613,0
11-Apr-2000,,1613,1631.6,1550.85,1624.65,0
12-Apr-2000,,1624.4,1628.55,1586,1592.7,0
13-Apr-2000,,1587.95,1587.95,1502.7,1518.65,0
17-Apr-2000,,1518.55,1518.55,1412.45,1443.55,0
18-Apr-2000,,1443.55,1478.85,1410,1414.8,0
19-Apr-2000,,1417.75,1469.05,1375.05,1404.95,0
20-Apr-2000,,1405.7,1425.55,1339.75,1415.65,0
24-Apr-2000,,1416.05,1431.8,1371.85,1388,0
25-Apr-2000,,1383.8,1383.8,1311.3,1359.45,0
26-Apr-2000,,1362.5,1439.05,1362.5,1436.1,0
27-Apr-2000,,1436.15,1455.85,1400.65,1416.9,0
28-Apr-2000,,1419.9,1438,1396.55,1406.55,0
02-May-2000,,1410,1421.5,1319.65,1333.45,0
03-May-2000,,1330.15,1342.15,1258.1,1316.05,0
04-May-2000,,1317.95,1385.15,1317.95,1380.55,0
05-May-2000,,1381.9,1428.6,1381.9,1422.4,0
08-May-2000,,1423.25,1436.6,1358.8,1365.05,0
09-May-2000,,1362.45,1385.7,1328.05,1378.55,0
10-May-2000,,1380.4,1391.35,1359.65,1363.15,0
11-May-2000,,1359.1,1359.1,1295.95,1304.55,0
12-May-2000,,1305.3,1326.3,1276.4,1282.8,0
15-May-2000,,1281.3,1311.7,1220.7,1299.25,0
16-May-2000,,1300.2,1310.45,1287.8,1306.85,0
17-May-2000,,1310.8,1347.7,1303.75,1311.65,0
18-May-2000,,1311.3,1316.2,1289.55,1293.4,0
19-May-2000,,1293.45,1293.45,1252.7,1268,0
22-May-2000,,1267.85,1267.85,1228.4,1233,0
23-May-2000,,1229.25,1230.9,1203.2,1224.4,0
24-May-2000,,1224.5,1246.25,1201.5,1235.9,0
25-May-2000,,1237,1269.8,1235.7,1247.65,0
26-May-2000,,1247.1,1278.75,1232.85,1275.35,0
29-May-2000,,1273.7,1317.75,1267.4,1311.05,0
30-May-2000,,1310.8,1347.3,1304.95,1344.85,0
31-May-2000,,1355.35,1410.75,1355.35,1380.45,0
01-Jun-2000,,1380.4,1380.4,1345.1,1349,0
02-Jun-2000,,1350.15,1395.35,1350.15,1389.25,0
05-Jun-2000,,1390.95,1461.05,1390.95,1404.6,0
06-Jun-2000,,1405.45,1426.15,1392.7,1421.75,0
07-Jun-2000,,1423.4,1442.7,1413.8,1430.35,0
08-Jun-2000,,1430.5,1468.7,1430.5,1463.65,0
09-Jun-2000,,1464.3,1485.5,1458.9,1467.2,0
12-Jun-2000,,1464.4,1477.55,1437.15,1440.4,0
13-Jun-2000,,1438.8,1438.8,1411.9,1432.9,0
14-Jun-2000,,1434.95,1459.15,1423.95,1435.5,0
15-Jun-2000,,1437,1452.8,1422.4,1445.25,0
16-Jun-2000,,1443.15,1480.85,1441.6,1477.3,0
19-Jun-2000,,1477.55,1510.45,1477.55,1498.75,0
20-Jun-2000,,1498,1518.05,1497.05,1507.1,0
21-Jun-2000,,1524.05,1539.1,1470.4,1475.15,0
22-Jun-2000,,1475.65,1491.4,1461.3,1488.25,0
23-Jun-2000,,1487.85,1499.85,1462.75,1472.2,0
26-Jun-2000,,1472.15,1472.15,1431.25,1451.65,0
27-Jun-2000,,1452.8,1467.15,1448.95,1454.3,0
28-Jun-2000,,1453.7,1474.7,1445.6,1470,0
29-Jun-2000,,1471.35,1505.75,1471.35,1492.35,0
30-Jun-2000,,1490.2,1490.65,1462.45,1471.45,0
03-Jul-2000,,1473.45,1498.7,1473.45,1495.25,0
04-Jul-2000,,1496.15,1516.8,1494.8,1511.3,0
05-Jul-2000,,1511.5,1530.9,1511.5,1526.05,0
06-Jul-2000,,1525.15,1525.15,1504.05,1516.8,0
07-Jul-2000,,1517,1528.15,1513.4,1517.6,0
10-Jul-2000,,1518.15,1523.2,1502.7,1509.65,0
11-Jul-2000,,1510.55,1523.1,1506.15,1518.55,0
12-Jul-2000,,1518.7,1537.1,1507.95,1533.35,0
13-Jul-2000,,1535.55,1564.75,1513.65,1522.6,0
14-Jul-2000,,1522.2,1534.35,1505.9,1509.75,0
17-Jul-2000,,1509.25,1512.25,1475.15,1479.65,0
18-Jul-2000,,1479.3,1482.9,1458.6,1463.1,0
19-Jul-2000,,1464.55,1468.55,1432.85,1435.8,0
20-Jul-2000,,1434.95,1443.25,1416,1424.2,0
21-Jul-2000,,1424.9,1435.2,1394.3,1397.25,0
24-Jul-2000,,1397.05,1397.05,1310.85,1317.75,0
25-Jul-2000,,1317.35,1363.45,1269.25,1348.9,0
26-Jul-2000,,1350.8,1371.8,1315.15,1318.25,0
27-Jul-2000,,1317,1342.75,1291.3,1338.05,0
28-Jul-2000,,1337.7,1359.4,1327.95,1333.8,0
31-Jul-2000,,1333.3,1343.65,1317.3,1332.85,0
01-Aug-2000,,1332.85,1344.5,1322.6,1326.85,0
02-Aug-2000,,1323.7,1333.85,1312.25,1331.9,0
03-Aug-2000,,1330.7,1339.4,1319,1321.25,0
04-Aug-2000,,1320.25,1333.15,1302.65,1318.55,0
07-Aug-2000,,1319.7,1321.7,1299.9,1310.8,0
08-Aug-2000,,1312.1,1348.25,1311.15,1345.6,0
09-Aug-2000,,1345.95,1363.95,1341.05,1344.95,0
10-Aug-2000,,1345.25,1360.4,1325.15,1328,0
11-Aug-2000,,1328.15,1328.15,1306.6,1310.75,0
14-Aug-2000,,1312.25,1321.55,1295.45,1317.9,0
16-Aug-2000,,1319.35,1354.95,1319.35,1351.45,0
17-Aug-2000,,1351.5,1363.05,1334.95,1341.4,0
18-Aug-2000,,1342,1360.65,1339.05,1358.05,0
21-Aug-2000,,1358.75,1374.5,1358.75,1370.25,0
22-Aug-2000,,1370.75,1394.9,1370.75,1381.2,0
23-Aug-2000,,1381.6,1398.9,1376.9,1386.05,0
24-Aug-2000,,1386.3,1390.45,1374.9,1386.95,0
25-Aug-2000,,1387.35,1396.1,1377.75,1381.25,0
28-Aug-2000,,1379.6,1383.45,1368.25,1369.85,0
29-Aug-2000,,1368.65,1373.55,1360.65,1367.7,0
30-Aug-2000,,1369.9,1384.85,1369.8,1375.95,0
31-Aug-2000,,1376.5,1397.3,1375.9,1394.1,0
04-Sep-2000,,1395.95,1433.15,1395.95,1427.75,0
05-Sep-2000,,1428.05,1434.65,1420.9,1428.25,0
06-Sep-2000,,1430.9,1444.45,1421,1435.35,0
07-Sep-2000,,1434.7,1450.2,1424.35,1439.75,0
08-Sep-2000,,1440.6,1453.15,1440.6,1450.05,0
11-Sep-2000,,1449.35,1469,1448.95,1456.35,0
12-Sep-2000,,1457.1,1470.55,1447.8,1467.65,0
13-Sep-2000,,1467.65,1482,1452.6,1456.15,0
14-Sep-2000,,1456.75,1466.65,1437.85,1445.3,0
15-Sep-2000,,1443.25,1451.05,1411.55,1417.2,0
18-Sep-2000,,1416.05,1416.05,1352.1,1354.35,0
19-Sep-2000,,1351.8,1361.7,1295.3,1317,0
20-Sep-2000,,1317.8,1351.1,1311.1,1342.9,0
21-Sep-2000,,1341.65,1347.4,1325.75,1329.85,0
22-Sep-2000,,1329.1,1329.1,1261.2,1266.45,0
25-Sep-2000,,1268.4,1305.1,1268.4,1292.55,0
26-Sep-2000,,1292.9,1298.25,1261,1267.9,0
27-Sep-2000,,1267.45,1299,1249.35,1292.55,0
28-Sep-2000,,1292.4,1302.75,1260.8,1266.4,0
29-Sep-2000,,1267.3,1284.15,1264.4,1271.65,0
03-Oct-2000,,1270.75,1288.15,1254.35,1282,0
04-Oct-2000,,1281.45,1300.05,1275.8,1297.8,0
05-Oct-2000,,1296.1,1306.45,1282.5,1284.75,0
06-Oct-2000,,1284.35,1287.85,1262.65,1285,0
09-Oct-2000,,1285.05,1286.35,1264.2,1267.3,0
10-Oct-2000,,1268.7,1272.75,1230.05,1238.95,0
11-Oct-2000,,1232.85,1234.1,1193.8,1201.9,0
12-Oct-2000,,1201.3,1214.35,1185.1,1206.25,0
13-Oct-2000,,1205.7,1205.7,1167.5,1176.75,0
16-Oct-2000,,1177.85,1228.8,1173.35,1175.45,0
17-Oct-2000,,1174.3,1174.3,1140.6,1158.05,0
18-Oct-2000,,1157.05,1157.05,1122.8,1136,0
19-Oct-2000,,1135.65,1171.5,1108.2,1166.15,0
20-Oct-2000,,1166.2,1202.7,1166.2,1172,0
23-Oct-2000,,1171.75,1172.15,1141.45,1143.95,0
24-Oct-2000,,1143,1155.35,1132.9,1152.45,0
25-Oct-2000,,1158.2,1190.4,1157.25,1183.9,0
26-Oct-2000,,1182.8,1188.2,1176.6,1186.3,0
27-Oct-2000,,1186.95,1192.9,1171.85,1178.7,0
30-Oct-2000,,1178.75,1185.8,1164.25,1167.15,0
31-Oct-2000,,1167.2,1175.6,1155.15,1172.75,0
01-Nov-2000,,1178.25,1203.85,1177.1,1200.8,0
02-Nov-2000,,1201.25,1226.35,1199.75,1224.85,0
03-Nov-2000,,1225,1249.2,1225,1242.05,0
06-Nov-2000,,1242.15,1261.4,1236.65,1240.25,0
07-Nov-2000,,1239,1249.1,1232.35,1246.75,0
08-Nov-2000,,1246.65,1277.25,1246.65,1266.8,0
09-Nov-2000,,1266.75,1275.55,1255.95,1269.95,0
10-Nov-2000,,1271.35,1271.4,1237.5,1239.55,0
13-Nov-2000,,1239.35,1239.35,1199.95,1208.05,0
14-Nov-2000,,1207.2,1246.9,1207.05,1242.85,0
15-Nov-2000,,1245,1270.1,1243.2,1247.05,0
16-Nov-2000,,1246.6,1254.55,1228.6,1233.25,0
17-Nov-2000,,1232.35,1238,1216.9,1236,0
20-Nov-2000,,1236,1241.75,1231.05,1237.6,0
21-Nov-2000,,1236.95,1237.85,1224.3,1235,0
22-Nov-2000,,1235.85,1247.5,1220.05,1222.35,0
23-Nov-2000,,1221.2,1223.05,1209.85,1216,0
24-Nov-2000,,1216.05,1230,1216.05,1225.2,0
27-Nov-2000,,1225.4,1254.45,1225.35,1252.9,0
28-Nov-2000,,1252.9,1275.45,1248.9,1272.75,0
29-Nov-2000,,1272.25,1281,1253.45,1264.75,0
30-Nov-2000,,1264.75,1272.1,1258.4,1268.15,0
01-Dec-2000,,1268.1,1280.5,1255.2,1276.2,0
04-Dec-2000,,1276.25,1290,1273.65,1275.6,0
05-Dec-2000,,1275.7,1288.2,1275.5,1284.65,0
06-Dec-2000,,1284.85,1319.85,1284.85,1298.55,0
07-Dec-2000,,1298.9,1308.45,1295.1,1302.5,0
08-Dec-2000,,1303.3,1317.2,1303.3,1313.7,0
11-Dec-2000,,1313.7,1333.5,1313.7,1332.15,0
12-Dec-2000,,1332.2,1341.75,1327.6,1333.35,0
13-Dec-2000,,1333.8,1360.8,1333.8,1354.3,0
14-Dec-2000,,1354.45,1369.5,1346.15,1349.35,0
15-Dec-2000,,1349.25,1349.25,1308.15,1312.6,0
18-Dec-2000,,1310.15,1321.65,1297.2,1317.6,0
19-Dec-2000,,1317.75,1325.6,1307,1310.5,0
20-Dec-2000,,1312.8,1313.4,1285.45,1295.25,0
21-Dec-2000,,1294.25,1294.25,1257.1,1277.4,0
22-Dec-2000,,1278.95,1292.8,1237.3,1242,0
26-Dec-2000,,1242.05,1248.5,1207.95,1212,0
27-Dec-2000,,1212.15,1239,1208.75,1228.3,0
28-Dec-2000,,1229.35,1253.6,1229.35,1248.95,0
29-Dec-2000,,1249,1265.9,1242.25,1263.55,0
01-Jan-2001,,1263.5,1276.15,1250.65,1254.3,0
02-Jan-2001,,1254.25,1279.6,1248.55,1271.8,0
03-Jan-2001,,1271.8,1293.55,1263.95,1291.25,0
04-Jan-2001,,1291.3,1331.35,1291.3,1307.65,0
05-Jan-2001,,1307.55,1330.3,1306.25,1327.25,0
08-Jan-2001,,1327.35,1334.2,1303.35,1309.25,0
09-Jan-2001,,1309.2,1323.4,1304.9,1311.65,0
10-Jan-2001,,1311.65,1324.35,1285.3,1287.3,0
11-Jan-2001,,1287.5,1296.75,1275.95,1280.4,0
12-Jan-2001,,1280.45,1298.85,1279.4,1286.75,0
15-Jan-2001,,1286.85,1295.2,1277.85,1286.75,0
16-Jan-2001,,1287,1302.6,1279.85,1293.05,0
17-Jan-2001,,1299.4,1312.35,1295.3,1297.9,0
18-Jan-2001,,1297.95,1309.95,1297.95,1305.95,0
19-Jan-2001,,1306,1333.5,1306,1329.1,0
22-Jan-2001,,1329.3,1351.85,1329.3,1348,0
23-Jan-2001,,1347.95,1362.05,1346.5,1355.2,0
24-Jan-2001,,1355.35,1371.1,1355.35,1365.95,0
25-Jan-2001,,1366.05,1374.2,1353.5,1370.1,0
29-Jan-2001,,1368.55,1368.55,1312.1,1342.05,0
30-Jan-2001,,1342.1,1382.55,1342.05,1379.7,0
31-Jan-2001,,1385.85,1396.05,1369,1371.7,0
01-Feb-2001,,1371.5,1373.5,1340.95,1359.15,0
02-Feb-2001,,1359.1,1384.9,1355.3,1378.85,0
05-Feb-2001,,1378.8,1392.15,1373.45,1382.6,0
06-Feb-2001,,1382.7,1395.4,1382.7,1387.1,0
07-Feb-2001,,1387.3,1391.85,1368.05,1370.8,0
08-Feb-2001,,1370.65,1396.8,1365.05,1395.5,0
09-Feb-2001,,1395.55,1416.3,1395.55,1405.7,0
12-Feb-2001,,1405.7,1416.45,1397.6,1402.2,0
13-Feb-2001,,1402.2,1412.7,1386.65,1391.2,0
14-Feb-2001,,1393.15,1396.35,1380.65,1393.35,0
15-Feb-2001,,1393.35,1421,1393.35,1416.7,0
16-Feb-2001,,1415.85,1422.95,1376.15,1381.35,0
19-Feb-2001,,1381.4,1392.05,1369.45,1384.8,0
20-Feb-2001,,1384.85,1392.8,1380.4,1383.85,0
21-Feb-2001,,1383.9,1389.55,1364.25,1370.1,0
22-Feb-2001,,1370.05,1370.05,1335.65,1355.1,0
23-Feb-2001,,1355.1,1362.8,1314.1,1320.45,0
26-Feb-2001,,1320.9,1325.2,1299.05,1312.4,0
27-Feb-2001,,1312.45,1324,1281.9,1295.55,0
28-Feb-2001,,1295.3,1362.25,1294.6,1351.4,0
01-Mar-2001,,1351.75,1399.55,1345.05,1358.05,0
02-Mar-2001,,1360.25,1386.75,1301.8,1306.35,0
05-Mar-2001,,1304.85,1316.45,1259.1,1271.45,0
07-Mar-2001,,1272.8,1311.1,1249.45,1290.5,0
08-Mar-2001,,1290.85,1307.95,1279.3,1292.85,0
09-Mar-2001,,1292.7,1292.7,1219.35,1254.75,0
12-Mar-2001,,1253.25,1253.25,1193.95,1197.95,0
13-Mar-2001,,1197.85,1201.15,1098.75,1124.7,0
14-Mar-2001,,1125.15,1200.25,1114.6,1194.2,0
15-Mar-2001,,1191.6,1219.7,1170.7,1217.15,0
16-Mar-2001,,1216.9,1233.4,1179.6,1193.55,0
19-Mar-2001,,1192.85,1201.7,1173.15,1186.7,0
20-Mar-2001,,1186.8,1193.35,1162.35,1170.95,0
21-Mar-2001,,1168.8,1212.2,1156.15,1207.1,0
22-Mar-2001,,1206.45,1218.35,1184.95,1187.55,0
23-Mar-2001,,1187.6,1196.55,1139.65,1161.3,0
26-Mar-2001,,1159.85,1165.65,1147.5,1161.5,0
27-Mar-2001,,1161.6,1182.7,1157.25,1177.75,0
28-Mar-2001,,1177.55,1209.6,1177.55,1206.2,0
29-Mar-2001,,1204.9,1210.1,1185,1195.1,0
30-Mar-2001,,1195.05,1195.25,1144.65,1148.2,0
02-Apr-2001,,1148.1,1148.1,1094.35,1138.1,0
03-Apr-2001,,1136.65,1153.1,1128.1,1149.25,0
04-Apr-2001,,1146.1,1146.15,1120.35,1136.65,0
06-Apr-2001,,1137.55,1171.85,1133.05,1139.6,0
09-Apr-2001,,1137.6,1138.55,1116.1,1128.35,0
10-Apr-2001,,1129.1,1129.75,1093.05,1103.05,0
11-Apr-2001,,1104.9,1116.85,1056.1,1066.8,0
12-Apr-2001,,1066.75,1066.75,1001.8,1024.9,0
16-Apr-2001,,1024,1049.4,1000.1,1044.6,0
17-Apr-2001,,1044.85,1072.9,1037.7,1067,0
18-Apr-2001,,1066.5,1106.3,1063.05,1103.4,0
19-Apr-2001,,1103.6,1159.3,1103.6,1144.45,0
20-Apr-2001,,1145.75,1156.45,1120.6,1144,0
23-Apr-2001,,1144.05,1162.05,1137.3,1149.75,0
24-Apr-2001,,1149.6,1149.6,1128.4,1146.3,0
25-Apr-2001,,1146.5,1162.85,1142.3,1155.35,0
26-Apr-2001,,1155.4,1170.2,1138.85,1143.75,0
27-Apr-2001,,1143.65,1143.65,1078.1,1101.3,0
30-Apr-2001,,1101.45,1127.9,1101.45,1125.25,0
02-May-2001,,1125.45,1150.65,1125.25,1137.2,0
03-May-2001,,1137.15,1139.85,1117.7,1122.05,0
04-May-2001,,1121.45,1131.95,1113.65,1130.05,0
07-May-2001,,1130.05,1145.4,1130.05,1139.2,0
08-May-2001,,1139.25,1151.95,1138.2,1148.95,0
09-May-2001,,1149.9,1164.3,1145.25,1149.25,0
10-May-2001,,1149.1,1151.6,1139.25,1144.95,0
11-May-2001,,1144.1,1146.85,1136.9,1140.5,0
14-May-2001,,1140.45,1146.25,1134.05,1140.8,0
15-May-2001,,1140.75,1147.75,1096.25,1145.3,0
16-May-2001,,1147.1,1163.15,1146.05,1151.15,0
17-May-2001,,1151.2,1179,1150.6,1174.95,0
18-May-2001,,1175,1187.65,1169.2,1172.8,0
21-May-2001,,1172.95,1182.65,1166.7,1169.45,0
22-May-2001,,1169.5,1176.2,1165.65,1168.1,0
23-May-2001,,1168.25,1181.8,1167,1179.1,0
24-May-2001,,1179.1,1190.15,1177.55,1181.85,0
25-May-2001,,1181.95,1188.5,1171.35,1174.9,0
28-May-2001,,1174.95,1194.5,1174.45,1193.2,0
29-May-2001,,1193.25,1202.05,1193.25,1198.45,0
30-May-2001,,1199.5,1207,1173.75,1177.55,0
31-May-2001,,1177.5,1177.5,1154.9,1167.9,0
01-Jun-2001,,1168.1,1175.8,1146.9,1148.05,0
04-Jun-2001,,1148,1154.45,1125.35,1127.2,0
05-Jun-2001,,1127.15,1130.65,1106.8,1115.6,0
06-Jun-2001,,1117.5,1132.95,1114,1115.7,0
07-Jun-2001,,1115.05,1116.1,1095.45,1112.35,0
08-Jun-2001,,1112.45,1128.9,1112.45,1126.6,0
11-Jun-2001,,1126.55,1134.8,1122.35,1131.1,0
12-Jun-2001,,1131.05,1133.3,1121.8,1127.15,0
13-Jun-2001,,1127.1,1132.95,1126.9,1129,0
14-Jun-2001,,1128.95,1128.95,1110.15,1112.75,0
15-Jun-2001,,1112.7,1112.7,1084.2,1087.75,0
18-Jun-2001,,1087.75,1087.75,1064.4,1078.3,0
19-Jun-2001,,1078.25,1099.7,1075.45,1096.65,0
20-Jun-2001,,1096.35,1100.55,1084.7,1097.6,0
21-Jun-2001,,1097.9,1102.45,1090.25,1095.2,0
22-Jun-2001,,1095.85,1097.8,1081.3,1087.65,0
25-Jun-2001,,1087.1,1087.1,1064.4,1067,0
26-Jun-2001,,1066.4,1099.8,1060.05,1096.6,0
27-Jun-2001,,1096.6,1102.8,1086.75,1096.1,0
28-Jun-2001,,1095.85,1101,1090.2,1094,0
29-Jun-2001,,1094.05,1114.35,1091.05,1107.9,0
02-Jul-2001,,1108.35,1119.55,1097.95,1100.75,0
03-Jul-2001,,1097.4,1097.4,1066.05,1069.8,0
04-Jul-2001,,1068.05,1074.6,1062.2,1067.95,0
05-Jul-2001,,1068.35,1079.35,1066.95,1069.75,0
06-Jul-2001,,1069.15,1069.15,1059.6,1065.1,0
09-Jul-2001,,1064.8,1064.8,1052.1,1059.5,0
10-Jul-2001,,1059.95,1078.1,1059.25,1072.05,0
11-Jul-2001,,1072.15,1088.5,1068.35,1083.65,0
12-Jul-2001,,1083.8,1109,1083.8,1105.5,0
13-Jul-2001,,1105.7,1127.15,1103.3,1110.45,0
16-Jul-2001,,1110.35,1116.7,1102.45,1105.55,0
17-Jul-2001,,1103.55,1106.05,1092.5,1103.1,0
18-Jul-2001,,1103.1,1108.45,1088.1,1091.95,0
19-Jul-2001,,1091.35,1091.35,1079.55,1085.9,0
20-Jul-2001,,1085.95,1089.95,1072.75,1077.7,0
23-Jul-2001,,1076.15,1076.15,1063.4,1070.65,0
24-Jul-2001,,1065.95,1074.75,1064.5,1072.55,0
25-Jul-2001,,1072.45,1073.95,1062.15,1064.2,0
26-Jul-2001,,1063.9,1066.55,1050.15,1053.4,0
27-Jul-2001,,1053.2,1061.2,1046.9,1051.7,0
30-Jul-2001,,1051.45,1062.8,1050.9,1061.45,0
31-Jul-2001,,1061.45,1076.35,1053.6,1072.85,0
01-Aug-2001,,1073,1077.7,1059.75,1063.15,0
02-Aug-2001,,1064.25,1070.05,1059.55,1066,0
03-Aug-2001,,1066.4,1077.55,1066.2,1074.6,0
06-Aug-2001,,1074.2,1082.4,1072.55,1075.25,0
07-Aug-2001,,1074.35,1079.3,1070.2,1072.1,0
08-Aug-2001,,1071.75,1072.1,1059.55,1068,0
09-Aug-2001,,1068.1,1072.6,1061.4,1070.65,0
10-Aug-2001,,1070.65,1076.7,1069.05,1071.15,0
13-Aug-2001,,1070.95,1081.4,1061.05,1063,0
14-Aug-2001,,1063.05,1076.6,1062.2,1075.5,0
16-Aug-2001,,1075.2,1083.7,1072.95,1078.95,0
17-Aug-2001,,1079,1084,1067.6,1069.2,0
20-Aug-2001,,1062.5,1067.95,1061,1063.75,0
21-Aug-2001,,1063.65,1071.2,1062.3,1068.7,0
23-Aug-2001,,1068.7,1079,1065.7,1071.5,0
24-Aug-2001,,1071.5,1076.7,1064.9,1069.15,0
27-Aug-2001,,1064.05,1078.35,1064.05,1072.55,0
28-Aug-2001,,1072.35,1076.85,1069.6,1070.65,0
29-Aug-2001,,1070.55,1074.5,1066.45,1067.45,0
30-Aug-2001,,1068.3,1070.25,1061.9,1064.15,0
31-Aug-2001,,1064.1,1064.1,1051.75,1053.75,0
03-Sep-2001,,1054.65,1059.9,1046.35,1048.05,0
04-Sep-2001,,1048.2,1053.25,1043.3,1048.2,0
05-Sep-2001,,1047.25,1051.55,1043.3,1045,0
06-Sep-2001,,1047.7,1048.2,1033.4,1036.1,0
07-Sep-2001,,1036.35,1037.35,1026.45,1035.2,0
10-Sep-2001,,1035,1045.3,1031.45,1033.4,0
11-Sep-2001,,1033.35,1037.45,1020.7,1023.4,0
12-Sep-2001,,1023.25,1023.25,957.95,982.2,0
13-Sep-2001,,982.2,993.05,969,971.7,0
14-Sep-2001,,972.05,974.5,902.7,919.7,0
17-Sep-2001,,916.15,916.15,861.05,872.25,0
18-Sep-2001,,872.15,910.35,868.5,900.2,0
19-Sep-2001,,899.7,915,899.7,912.2,0
20-Sep-2001,,910.2,910.35,873.7,898.8,0
21-Sep-2001,,903.75,903.75,849.95,854.2,0
24-Sep-2001,,853,878.6,853,869.05,0
25-Sep-2001,,869.15,893.35,858.85,861.4,0
26-Sep-2001,,861.35,877,859.2,873.7,0
27-Sep-2001,,873.15,893.05,868.3,890,0
28-Sep-2001,,891.75,922.55,891,913.85,0
01-Oct-2001,,914.65,919.2,905.5,910.1,0
03-Oct-2001,,910.05,915.05,896.25,899.65,0
04-Oct-2001,,899.65,914.25,899.65,911.65,0
05-Oct-2001,,911.6,919.75,903.05,914.6,0
08-Oct-2001,,911.2,913.05,884.65,901.95,0
09-Oct-2001,,903,914.3,902.55,912.7,0
10-Oct-2001,,915.5,942.8,912.9,940.35,0
11-Oct-2001,,940.45,959.75,940.45,954.9,0
12-Oct-2001,,958.4,969.9,956.85,960.4,0
15-Oct-2001,,963.65,966.15,954.35,963.4,0
16-Oct-2001,,963.4,973.25,962.5,971.25,0
17-Oct-2001,,971.95,989.05,971.95,986.25,0
18-Oct-2001,,984.2,984.5,969.35,972.05,0
19-Oct-2001,,972.2,981,970.85,976.65,0
22-Oct-2001,,980.05,994.15,973.2,976.4,0
23-Oct-2001,,976.75,994.15,976.55,993.2,0
24-Oct-2001,,992.95,1000.95,987.4,991.2,0
25-Oct-2001,,991.25,998,979.95,983.2,0
29-Oct-2001,,983.15,996.6,974.05,977.45,0
30-Oct-2001,,977.35,977.35,960.5,963.1,0
31-Oct-2001,,962.85,976.4,959.35,971.9,0
01-Nov-2001,,973.55,997.3,973.55,994,0
02-Nov-2001,,994.25,1009.55,991.95,997.6,0
05-Nov-2001,,997.25,1001.3,987.85,991.05,0
06-Nov-2001,,991.2,1007.4,991.15,1001.9,0
07-Nov-2001,,1001.95,1014.1,984.45,987.5,0
08-Nov-2001,,987.5,1001.15,985.75,997.7,0
09-Nov-2001,,999.1,1008.95,999.1,1004.05,0
12-Nov-2001,,1004.55,1014.25,1003.6,1010.9,0
13-Nov-2001,,1010.95,1013.25,999.85,1005.4,0
14-Nov-2001,,1005.45,1017.2,1004.7,1015.8,0
15-Nov-2001,,1016.05,1038.35,1015.15,1035.7,0
19-Nov-2001,,1034.2,1072,1032.85,1068.15,0
20-Nov-2001,,1067.3,1082.4,1046.15,1050.2,0
21-Nov-2001,,1050.4,1064.85,1046.3,1056.35,0
22-Nov-2001,,1056.45,1075.9,1056.45,1062.45,0
23-Nov-2001,,1063.05,1075.05,1057.3,1059,0
26-Nov-2001,,1059.25,1084.65,1059.25,1080.6,0
27-Nov-2001,,1087.6,1097.6,1071.05,1076.05,0
28-Nov-2001,,1076.15,1082.3,1067.65,1070.8,0
29-Nov-2001,,1070.3,1071,1063,1067.15,0
03-Dec-2001,,1067.2,1074.5,1063.25,1065.4,0
04-Dec-2001,,1066.05,1082.6,1065.65,1077.7,0
05-Dec-2001,,1077.95,1107.15,1077.95,1104.55,0
06-Dec-2001,,1105.1,1132.65,1105.1,1110.45,0
07-Dec-2001,,1110.9,1122.65,1109.65,1112.3,0
10-Dec-2001,,1112.15,1123.55,1112.15,1115.25,0
11-Dec-2001,,1112.15,1122.85,1107.7,1110.2,0
12-Dec-2001,,1110.65,1121.55,1104.75,1107.65,0
13-Dec-2001,,1107.75,1114.15,1069.95,1098.75,0
14-Dec-2001,,1098.65,1102.9,1082.75,1087.85,0
18-Dec-2001,,1089.9,1098,1071.35,1082.3,0
19-Dec-2001,,1082.5,1086.35,1057.1,1060.75,0
20-Dec-2001,,1060.45,1064.8,1047.5,1062,0
21-Dec-2001,,1061.8,1061.8,1043.65,1050.85,0
24-Dec-2001,,1051,1055,1032.6,1048.5,0
26-Dec-2001,,1048.9,1058.3,1030.5,1034.25,0
27-Dec-2001,,1033.85,1037.7,1017.35,1020,0
28-Dec-2001,,1019.9,1036.35,1010.45,1033.8,0
31-Dec-2001,,1033.9,1062.3,1033.9,1059.05,0
01-Jan-2002,,1058.85,1071.15,1052.05,1055.3,0
02-Jan-2002,,1054.95,1065.25,1054.1,1060.75,0
03-Jan-2002,,1063.45,1074.85,1062.9,1072.25,0
04-Jan-2002,,1072.4,1099.25,1072.4,1096.2,0
07-Jan-2002,,1093.05,1111.55,1093.05,1100.15,0
08-Jan-2002,,1100.55,1114.55,1097.9,1109.9,0
09-Jan-2002,,1110,1119.4,1098.7,1102.8,0
10-Jan-2002,,1098.8,1105.35,1093.6,1098.2,0
11-Jan-2002,,1098.15,1105.9,1073.45,1088.55,0
14-Jan-2002,,1089.45,1118.5,1089.45,1109.8,0
15-Jan-2002,,1109.45,1112.6,1090.2,1094.15,0
16-Jan-2002,,1094.15,1104.8,1085.3,1090.3,0
17-Jan-2002,,1090.25,1116.05,1078.95,1109.2,0
18-Jan-2002,,1109.55,1121.75,1089.05,1093.15,0
21-Jan-2002,,1093.25,1099.8,1082.65,1091.35,0
22-Jan-2002,,1091.35,1099,1090,1092.85,0
23-Jan-2002,,1092.85,1096.95,1087.5,1089.4,0
24-Jan-2002,,1089.6,1098.6,1081.7,1085.3,0
25-Jan-2002,,1085.85,1089.7,1077,1080.1,0
28-Jan-2002,,1083.25,1088.75,1068.7,1071.35,0
29-Jan-2002,,1071.35,1076.45,1068.85,1071.65,0
30-Jan-2002,,1072.85,1072.85,1058.8,1067.45,0
31-Jan-2002,,1067.65,1082,1067.65,1075.4,0
01-Feb-2002,,1076.95,1088.05,1076.95,1081.65,0
04-Feb-2002,,1083.05,1086.95,1074.15,1076.9,0
05-Feb-2002,,1076.25,1081.2,1069.4,1074.25,0
06-Feb-2002,,1074.4,1117.1,1074,1113.1,0
07-Feb-2002,,1114.85,1130.95,1104.3,1110.45,0
08-Feb-2002,,1112.8,1131.85,1104.45,1123.75,0
11-Feb-2002,,1124.85,1144.15,1124.85,1131.55,0
12-Feb-2002,,1131.95,1143.3,1125.55,1129.5,0
13-Feb-2002,,1129.8,1142.3,1129.6,1135.1,0
14-Feb-2002,,1135.5,1151.65,1133.85,1150,0
15-Feb-2002,,1150.65,1164.1,1150.3,1159.95,0
18-Feb-2002,,1159.85,1177.05,1156.7,1172.85,0
19-Feb-2002,,1172.85,1178.1,1155.1,1158.9,0
20-Feb-2002,,1158.45,1158.45,1134.65,1145.95,0
21-Feb-2002,,1146.05,1158.05,1146.05,1149.85,0
22-Feb-2002,,1149.85,1165.7,1145.5,1163.5,0
25-Feb-2002,,1163.65,1167.6,1155.45,1165.45,0
26-Feb-2002,,1165.75,1192.65,1165.75,1189.4,0
27-Feb-2002,,1190.15,1205.95,1180,1189.2,0
28-Feb-2002,,1189.6,1197,1135.2,1142.05,0
01-Mar-2002,,1142.05,1181.25,1135.45,1178,0
04-Mar-2002,,1178.45,1201.1,1172.3,1177.35,0
05-Mar-2002,,1176.4,1193.1,1175.15,1178.5,0
06-Mar-2002,,1176.55,1182.65,1162.75,1172.6,0
07-Mar-2002,,1173.6,1195.2,1173.6,1193.05,0
08-Mar-2002,,1193.6,1199.6,1182.55,1187.65,0
11-Mar-2002,,1187.5,1192.75,1164.55,1167.85,0
12-Mar-2002,,1167.85,1171.2,1144.3,1150.45,0
13-Mar-2002,,1150.2,1165.4,1143.55,1157.05,0
14-Mar-2002,,1156.85,1163.65,1153.15,1159.45,0
15-Mar-2002,,1159.6,1173.75,1159.6,1169.75,0
18-Mar-2002,,1169.95,1184.7,1163.75,1169.3,0
19-Mar-2002,,1169.4,1170.8,1150.3,1152.15,0
20-Mar-2002,,1152.05,1158.95,1148.5,1155.6,0
21-Mar-2002,,1155.55,1155.55,1141.05,1144.2,0
22-Mar-2002,,1144.5,1148.65,1135.9,1138.45,0
26-Mar-2002,,1138.1,1140.2,1117.85,1123.05,0
27-Mar-2002,,1130,1134.1,1121.35,1123.35,0
28-Mar-2002,,1123.6,1138.45,1123.6,1129.55,0
01-Apr-2002,,1129.85,1143.3,1129.85,1138.95,0
02-Apr-2002,,1138.8,1147.3,1132.3,1136.95,0
03-Apr-2002,,1136.6,1136.9,1121.45,1123.5,0
04-Apr-2002,,1124.05,1149.65,1123.9,1145.9,0
05-Apr-2002,,1146.05,1153.3,1139.9,1141.95,0
08-Apr-2002,,1141.9,1147.9,1134,1135.25,0
09-Apr-2002,,1135.15,1137.45,1122.1,1126.7,0
10-Apr-2002,,1126.7,1140.25,1125.75,1138.5,0
11-Apr-2002,,1138.55,1150.2,1138.55,1143.6,0
12-Apr-2002,,1143.25,1151.55,1138.65,1146.5,0
15-Apr-2002,,1146.55,1152.55,1130.45,1134.15,0
16-Apr-2002,,1130.8,1133.5,1116.65,1118.75,0
17-Apr-2002,,1119,1136.6,1118.95,1125.1,0
18-Apr-2002,,1125.25,1135,1123.8,1129,0
19-Apr-2002,,1125.55,1127.05,1097.6,1100.3,0
22-Apr-2002,,1100.5,1107.2,1088.05,1104.15,0
23-Apr-2002,,1104,1108.8,1095,1106,0
24-Apr-2002,,1106.25,1116.85,1105.7,1110.6,0
25-Apr-2002,,1110.65,1113.85,1089,1094.3,0
26-Apr-2002,,1094.25,1103.35,1094.1,1097.4,0
29-Apr-2002,,1097.55,1098.65,1073.3,1074.2,0
30-Apr-2002,,1074.25,1085.75,1073.4,1084.5,0
02-May-2002,,1084.8,1101.1,1084.8,1093.3,0
03-May-2002,,1093.4,1098.6,1091.5,1096.95,0
06-May-2002,,1096.95,1102.05,1096.25,1100.95,0
07-May-2002,,1100.9,1111.85,1096.65,1110.7,0
08-May-2002,,1110.7,1122.7,1110.7,1117.6,0
09-May-2002,,1117.7,1136.55,1117.7,1127.6,0
10-May-2002,,1127.05,1127.3,1111.15,1116.4,0
13-May-2002,,1116.8,1121.95,1114.2,1119.65,0
14-May-2002,,1119.95,1125.95,1111.45,1115.1,0
15-May-2002,,1115.15,1121.5,1102.65,1107.8,0
16-May-2002,,1108.25,1111.25,1089.85,1092.8,0
17-May-2002,,1092.8,1099.75,1079.95,1090.65,0
20-May-2002,,1091.7,1097.95,1071.35,1074.35,0
21-May-2002,,1074.75,1074.85,1028.25,1049.2,0
22-May-2002,,1049.5,1050.9,1035.5,1045.3,0
23-May-2002,,1045.2,1045.35,1024.3,1026.75,0
24-May-2002,,1026.9,1069.2,1026.9,1067,0
27-May-2002,,1067,1071.5,1054.1,1062.7,0
28-May-2002,,1061.9,1062.3,1034.1,1038.2,0
29-May-2002,,1038.2,1047.95,1026.5,1041.65,0
30-May-2002,,1041.4,1049.95,1030.1,1032.15,0
31-May-2002,,1032.5,1037.7,1020.1,1028.8,0
03-Jun-2002,,1029.25,1047.25,1029.25,1039.75,0
04-Jun-2002,,1040.15,1047.4,1036.55,1045.4,0
05-Jun-2002,,1045.55,1067.5,1045,1064.2,0
06-Jun-2002,,1064.15,1072,1055.5,1064.35,0
07-Jun-2002,,1063.75,1063.75,1044.35,1048.8,0
10-Jun-2002,,1049.95,1072.5,1049.95,1069.9,0
11-Jun-2002,,1070.95,1099.5,1070.55,1097.05,0
12-Jun-2002,,1097.15,1100.45,1088.5,1092.8,0
13-Jun-2002,,1093,1102.05,1080.8,1082.85,0
14-Jun-2002,,1081.75,1087.6,1079.45,1085.7,0
17-Jun-2002,,1085.8,1097.55,1085.7,1088.9,0
18-Jun-2002,,1088.9,1097.4,1073.75,1074.95,0
19-Jun-2002,,1074.7,1079.2,1056.45,1062.9,0
20-Jun-2002,,1063.1,1074,1056.25,1070.05,0
21-Jun-2002,,1069.5,1069.8,1058.95,1062.55,0
24-Jun-2002,,1065.6,1065.6,1054.45,1061.85,0
25-Jun-2002,,1061.9,1063.3,1048.55,1055.4,0
26-Jun-2002,,1055.35,1061.05,1042.2,1044.2,0
27-Jun-2002,,1044.5,1053.7,1044,1048.55,0
28-Jun-2002,,1049.4,1068.9,1049.4,1057.8,0
01-Jul-2002,,1058,1070.15,1058,1068.95,0
02-Jul-2002,,1067.9,1071.7,1064.95,1068.05,0
03-Jul-2002,,1067.8,1074,1065.55,1069.9,0
04-Jul-2002,,1069.95,1078.55,1068.4,1070.55,0
05-Jul-2002,,1071,1076.2,1067.45,1073.8,0
08-Jul-2002,,1074,1085.3,1072.9,1082.05,0
09-Jul-2002,,1081.9,1083.65,1077.55,1080.3,0
10-Jul-2002,,1081.55,1087.4,1069.45,1071.7,0
11-Jul-2002,,1070.95,1070.95,1055.3,1056.6,0
12-Jul-2002,,1057.1,1064.9,1054.9,1058.25,0
15-Jul-2002,,1057.95,1058.45,1043.3,1048,0
16-Jul-2002,,1047.9,1051.85,1033.95,1035.95,0
17-Jul-2002,,1035.95,1037.5,1025,1032.55,0
18-Jul-2002,,1032.55,1044,1032.55,1041.3,0
19-Jul-2002,,1041.35,1041.5,1032.25,1035.9,0
22-Jul-2002,,1035.2,1035.2,1009,1012,0
23-Jul-2002,,1012.05,1023.65,1005.75,1021.9,0
24-Jul-2002,,1021.8,1022.2,1001.9,1004.05,0
25-Jul-2002,,1004.2,1021.3,997.85,1001.55,0
26-Jul-2002,,1001.05,1001.05,972.55,973.5,0
29-Jul-2002,,973,977.95,953.15,971.65,0
30-Jul-2002,,973,987.5,956.8,960.65,0
31-Jul-2002,,960.3,964.1,943.6,958.9,0
01-Aug-2002,,959.2,972.05,954.15,957.7,0
02-Aug-2002,,957.55,957.55,935.55,954.75,0
05-Aug-2002,,954.9,966.5,953.9,963.25,0
06-Aug-2002,,963.3,969.55,955.4,966.65,0
07-Aug-2002,,967.7,978.6,966.55,969.1,0
08-Aug-2002,,969.15,971.75,951.2,953.55,0
09-Aug-2002,,953.8,963.85,948,961.95,0
12-Aug-2002,,961.15,971.55,961.15,969.85,0
13-Aug-2002,,970.4,977.2,969.9,976.05,0
14-Aug-2002,,976.05,976.25,967.25,969.65,0
16-Aug-2002,,970.75,981.2,968.35,979.25,0
19-Aug-2002,,979.4,983.55,978.2,979.85,0
20-Aug-2002,,979.75,990.85,979.05,988.55,0
21-Aug-2002,,988.6,994.25,984.35,988.45,0
22-Aug-2002,,988.55,995.3,983.45,985.7,0
23-Aug-2002,,985.75,996.4,984.7,995.2,0
26-Aug-2002,,992.4,1001.45,986.15,998.85,0
27-Aug-2002,,998.85,1003.3,985.7,987.7,0
28-Aug-2002,,987.35,988.1,981.1,985.7,0
29-Aug-2002,,985.85,989.4,981.45,987.25,0
30-Aug-2002,,987.65,1012.75,986.7,1010.6,0
02-Sep-2002,,1010.9,1024.65,1010.85,1013.5,0
03-Sep-2002,,1013.65,1014.8,999.4,1001.1,0
04-Sep-2002,,1000.7,1008.8,990.85,1006.95,0
05-Sep-2002,,1006.9,1013.45,1004.2,1008.6,0
06-Sep-2002,,1008.45,1008.45,992.7,995.2,0
09-Sep-2002,,992.05,1005.85,985.25,998.55,0
11-Sep-2002,,998.6,1002.35,993.35,998.85,0
12-Sep-2002,,998.95,1005.15,998.8,1001.65,0
13-Sep-2002,,1001.4,1001.4,989.85,992,0
16-Sep-2002,,991.75,997,983.55,985.75,0
17-Sep-2002,,985.75,996.8,985.75,994.9,0
18-Sep-2002,,994.15,994.15,981.6,983.6,0
19-Sep-2002,,983.45,985.25,970.8,976.05,0
20-Sep-2002,,975.6,975.6,960.7,969.6,0
23-Sep-2002,,969.85,974.75,967.35,970.3,0
24-Sep-2002,,969.95,969.95,960.2,966.2,0
25-Sep-2002,,964.65,971.85,960.5,970.05,0
26-Sep-2002,,970.1,976.25,968.25,969.9,0
27-Sep-2002,,969.95,978,969.25,976.45,0
30-Sep-2002,,976.15,976.15,961.55,963.15,0
01-Oct-2002,,961.15,964.2,950.3,955.2,0
03-Oct-2002,,955.35,957.9,945.8,948.2,0
04-Oct-2002,,948.1,951.8,944.5,948.2,0
07-Oct-2002,,947.8,956.35,946.25,954.75,0
08-Oct-2002,,954.8,963.15,952.5,960.8,0
09-Oct-2002,,960.85,968.75,952.95,954.75,0
10-Oct-2002,,954.8,960.45,945,958.45,0
11-Oct-2002,,958.45,973.5,958.45,971.05,0
14-Oct-2002,,971.5,976.5,969,972.45,0
16-Oct-2002,,972.9,983.6,971.7,973.6,0
17-Oct-2002,,973.7,976.05,966.55,973.3,0
18-Oct-2002,,973.8,982.5,968.8,971.65,0
21-Oct-2002,,971.75,976.2,965.65,967.35,0
22-Oct-2002,,967.5,976.35,961.65,962.5,0
23-Oct-2002,,962.9,963.75,955.45,957.35,0
24-Oct-2002,,957.7,959.8,945,946.9,0
25-Oct-2002,,946.8,946.8,929.25,932.2,0
28-Oct-2002,,932.35,934.9,920.1,922.7,0
29-Oct-2002,,922.55,939.7,921.65,936.9,0
30-Oct-2002,,936.15,944.35,935.9,937.75,0
31-Oct-2002,,937.35,953.3,937.05,951.4,0
01-Nov-2002,,951.45,956.95,946.4,951.45,0
04-Nov-2002,,951.6,965.5,951.6,962.1,0
05-Nov-2002,,962.85,963.7,957.2,962.3,0
07-Nov-2002,,962.35,970.2,957.95,960.7,0
08-Nov-2002,,960.5,960.95,954.35,956.95,0
11-Nov-2002,,957.55,958.55,952.1,954.05,0
12-Nov-2002,,953.9,960.85,948.05,959.85,0
13-Nov-2002,,960.35,965.75,956.9,962.65,0
14-Nov-2002,,964.15,974.1,963.5,971.9,0
15-Nov-2002,,972.3,992.05,972.3,990.35,0
18-Nov-2002,,990.35,1000.3,989.05,996.85,0
20-Nov-2002,,996.85,1007.2,992.3,1001.6,0
21-Nov-2002,,1001.8,1012.75,1001.8,1008.75,0
22-Nov-2002,,1009.5,1026,1009.5,1020.15,0
25-Nov-2002,,1020.9,1030.35,1017.5,1026.2,0
26-Nov-2002,,1026.4,1040.45,1026,1036.15,0
27-Nov-2002,,1036.35,1042.2,1027.7,1031.1,0
28-Nov-2002,,1031.25,1051.75,1031.25,1049.7,0
29-Nov-2002,,1049.55,1057.45,1040.95,1050.15,0
02-Dec-2002,,1050.15,1070.15,1050.15,1067.9,0
03-Dec-2002,,1067.7,1075.75,1051.8,1055,0
04-Dec-2002,,1055.75,1055.75,1034.1,1036.4,0
05-Dec-2002,,1036.75,1052.45,1036.75,1045.95,0
06-Dec-2002,,1047.55,1072.25,1047.55,1069.8,0
09-Dec-2002,,1070.5,1085.75,1054.95,1058.65,0
10-Dec-2002,,1058.35,1066.1,1045.65,1063.7,0
11-Dec-2002,,1064.1,1076.95,1062.3,1069.75,0
12-Dec-2002,,1069.95,1078.85,1066.8,1077,0
13-Dec-2002,,1074.45,1087.35,1074.45,1086.2,0
16-Dec-2002,,1089,1100,1075.55,1078.45,0
17-Dec-2002,,1078.7,1084.95,1069,1073.25,0
18-Dec-2002,,1073.2,1083.65,1072.85,1077.95,0
19-Dec-2002,,1077.85,1079.9,1070.5,1076,0
20-Dec-2002,,1075.45,1084.95,1075.4,1079.3,0
23-Dec-2002,,1079.3,1082.6,1073.35,1076,0
24-Dec-2002,,1075.95,1087,1072.65,1085,0
26-Dec-2002,,1085.05,1100.4,1085.05,1094.8,0
27-Dec-2002,,1095.65,1103.95,1095.6,1098.4,0
30-Dec-2002,,1095.8,1095.8,1084.35,1091.95,0
31-Dec-2002,,1091.85,1100.1,1091.7,1093.5,0
01-Jan-2003,,1093.6,1102.1,1093.6,1100.15,0
02-Jan-2003,,1100.55,1105.6,1091.2,1093.05,0
03-Jan-2003,,1094.45,1099.85,1087.3,1089.6,0
06-Jan-2003,,1089.75,1093.05,1081.25,1084.35,0
07-Jan-2003,,1084.4,1089.85,1078.95,1081.8,0
08-Jan-2003,,1082.4,1091.45,1082.3,1089.35,0
09-Jan-2003,,1089.75,1099.15,1087.75,1097.35,0
10-Jan-2003,,1097.6,1103.25,1077.4,1080.25,0
13-Jan-2003,,1080.25,1080.4,1070.75,1073.75,0
14-Jan-2003,,1072.7,1080.8,1070.3,1078.95,0
15-Jan-2003,,1077.9,1087.5,1077.8,1085,0
16-Jan-2003,,1085.05,1091.35,1083.95,1088.35,0
17-Jan-2003,,1089.3,1090.25,1083.2,1086.5,0
20-Jan-2003,,1086.25,1087,1074.2,1076.35,0
21-Jan-2003,,1076.3,1080.5,1074.1,1077.9,0
22-Jan-2003,,1078.45,1086.2,1073.6,1082.9,0
23-Jan-2003,,1081.4,1083.15,1069.05,1070.9,0
24-Jan-2003,,1070.6,1075.2,1053.4,1056.05,0
27-Jan-2003,,1057.8,1059.35,1030.35,1037.65,0
28-Jan-2003,,1036.35,1047.95,1026.75,1046.2,0
29-Jan-2003,,1059.8,1059.8,1033.3,1037.2,0
30-Jan-2003,,1037.15,1050.55,1031.35,1034.6,0
31-Jan-2003,,1034.75,1044.25,1026.2,1041.85,0
03-Feb-2003,,1040.25,1056.6,1036.5,1055.3,0
04-Feb-2003,,1056.55,1063.7,1050.45,1054.8,0
05-Feb-2003,,1054.3,1054.65,1041.75,1047.4,0
06-Feb-2003,,1047.25,1065.95,1043.7,1063.6,0
07-Feb-2003,,1063.75,1065.8,1055.5,1057.5,0
10-Feb-2003,,1058.2,1058.75,1047.15,1048.6,0
11-Feb-2003,,1048.6,1055.8,1044.55,1048,0
12-Feb-2003,,1048.15,1051,1040.4,1044.45,0
14-Feb-2003,,1044.45,1047.05,1034.1,1036,0
17-Feb-2003,,1036.2,1060.5,1036.2,1058.2,0
18-Feb-2003,,1058.95,1065.15,1057.6,1059.3,0
19-Feb-2003,,1059.3,1068.8,1059.3,1064.3,0
20-Feb-2003,,1064.15,1071.7,1058.35,1065.6,0
21-Feb-2003,,1065.6,1069.2,1061.1,1066.15,0
24-Feb-2003,,1066.2,1075.5,1066.2,1070.15,0
25-Feb-2003,,1070.1,1073.25,1054.9,1055.55,0
26-Feb-2003,,1055.6,1059.6,1048.2,1049.65,0
27-Feb-2003,,1049.6,1057.45,1044.9,1052.95,0
28-Feb-2003,,1053.65,1068.65,1053.65,1063.4,0
03-Mar-2003,,1063.55,1070.85,1057.55,1058.85,0
04-Mar-2003,,1058.7,1058.7,1045.2,1046.6,0
05-Mar-2003,,1046.55,1046.55,1029.9,1040.7,0
06-Mar-2003,,1040.3,1040.75,1029.55,1031.25,0
07-Mar-2003,,1031.05,1031.05,1014.3,1017.1,0
10-Mar-2003,,1017.1,1021.5,1004.35,1006.7,0
11-Mar-2003,,1006.65,1016.7,998.95,1014.55,0
12-Mar-2003,,1014.25,1017.75,1000.05,1001.7,0
13-Mar-2003,,1001.5,1006.4,994.2,999.65,0
17-Mar-2003,,999.7,1000.85,982.7,993,0
19-Mar-2003,,993.35,1011.45,992.9,1003.9,0
20-Mar-2003,,1003.45,1028.9,1001.75,1025.25,0
21-Mar-2003,,1025.55,1033.7,1022.05,1030.55,0
22-Mar-2003,,1030.6,1039.8,1030.6,1037.15,0
24-Mar-2003,,1037.15,1038.55,1011.95,1013.9,0
25-Mar-2003,,1013.5,1013.5,998.4,1011.3,0
26-Mar-2003,,1011.55,1019.9,1004.85,1013.85,0
27-Mar-2003,,1013.9,1013.9,999.6,1002.7,0
28-Mar-2003,,1002.8,1006.3,996.75,1000.6,0
31-Mar-2003,,1000.6,1000.6,974.1,978.2,0
01-Apr-2003,,977.4,992.05,973.5,984.3,0
02-Apr-2003,,984.45,1002.1,984.45,999.4,0
03-Apr-2003,,999.55,1010.75,999.55,1009.15,0
04-Apr-2003,,1009.15,1018.25,1002.75,1016.95,0
07-Apr-2003,,1017.05,1033.45,1017.05,1031.5,0
08-Apr-2003,,1032,1032,1016.6,1018.1,0
09-Apr-2003,,1018,1018,1002.3,1004.85,0
10-Apr-2003,,1003.8,1003.8,958.2,962.2,0
11-Apr-2003,,958.9,965.15,935.7,949.8,0
15-Apr-2003,,951.8,964.2,938.8,951.2,0
16-Apr-2003,,950.65,961.75,949,958.65,0
17-Apr-2003,,958.65,958.65,936.7,940.7,0
21-Apr-2003,,941.5,949.7,941.5,947.2,0
22-Apr-2003,,947.1,951.4,937.85,943.5,0
23-Apr-2003,,943.75,951.2,931.5,934.2,0
24-Apr-2003,,934.2,943.15,927.8,929.7,0
25-Apr-2003,,929.45,931.35,921.1,924.3,0
28-Apr-2003,,922.85,931.05,920,929.5,0
29-Apr-2003,,929.75,936.9,929.75,932.3,0
30-Apr-2003,,935.25,935.55,929.85,934.05,0
02-May-2003,,930.9,940.2,930.8,938.3,0
05-May-2003,,937.45,948.95,936.65,945.4,0
06-May-2003,,945.85,955,943.2,951.85,0
07-May-2003,,950.4,956.65,948.9,950.15,0
08-May-2003,,950.15,951.3,938.7,941.55,0
09-May-2003,,941.6,941.65,935.8,937.85,0
12-May-2003,,938.5,944.45,934,936,0
13-May-2003,,936.9,945.8,936.7,944.2,0
14-May-2003,,944.2,953.45,943.15,952.15,0
15-May-2003,,952.15,961.6,951.15,959.85,0
16-May-2003,,959.85,974.4,959.85,973.1,0
19-May-2003,,973.7,979.85,964.6,966.55,0
20-May-2003,,964.65,974.05,959.8,971.55,0
21-May-2003,,972.05,980.75,965.55,968,0
22-May-2003,,967.95,972.4,960.05,963.25,0
23-May-2003,,963.5,972.9,962.4,967.9,0
26-May-2003,,967.85,983.9,967.1,982.45,0
27-May-2003,,982.35,990,974.25,976.85,0
28-May-2003,,977.65,992.25,977.55,990.8,0
29-May-2003,,990.8,1004.85,989.5,1002.6,0
30-May-2003,,1000.05,1013.85,994.65,1006.8,0
02-Jun-2003,,1006.85,1020.5,1004.7,1015.15,0
03-Jun-2003,,1015.9,1016.9,1007.65,1010.65,0
04-Jun-2003,,1010.7,1022.75,1010.1,1021.05,0
05-Jun-2003,,1021.1,1038.3,1021.1,1035.05,0
06-Jun-2003,,1036.2,1048.85,1035.95,1046.4,0
09-Jun-2003,,1046,1057.05,1039.85,1052.1,0
10-Jun-2003,,1052,1056.55,1033.95,1037.8,0
11-Jun-2003,,1038,1048.25,1035,1044.1,0
12-Jun-2003,,1044.2,1052.6,1043.1,1051.3,0
13-Jun-2003,,1050.95,1059.45,1050.95,1056.2,0
16-Jun-2003,,1056.5,1059.8,1045.55,1051.8,0
17-Jun-2003,,1052.3,1083.2,1052.3,1081.95,0
18-Jun-2003,,1082.8,1093.2,1080.9,1086.75,0
19-Jun-2003,,1085.95,1097,1078.9,1092.55,0
20-Jun-2003,,1092.65,1101.6,1081.35,1100.25,0
23-Jun-2003,,1100.6,1106.15,1087.65,1089.2,0
24-Jun-2003,,1089.2,1092.65,1079.1,1085.35,0
25-Jun-2003,,1085.65,1109.75,1084.35,1106.65,0
26-Jun-2003,,1106.8,1118.9,1106.8,1116.35,0
27-Jun-2003,,1117.45,1126.8,1109.35,1125.55,0
30-Jun-2003,,1125.6,1141.3,1125.5,1134.15,0
01-Jul-2003,,1133.95,1139,1125.75,1130.7,0
02-Jul-2003,,1131.55,1145.4,1130.2,1133.8,0
03-Jul-2003,,1133.8,1150.75,1126.35,1144.65,0
04-Jul-2003,,1145.6,1148.85,1134,1138.45,0
07-Jul-2003,,1138.9,1145.75,1134.6,1140.55,0
08-Jul-2003,,1141.45,1153.15,1141.3,1145.9,0
09-Jul-2003,,1146.35,1155.3,1137.15,1141.05,0
10-Jul-2003,,1146,1163.6,1146,1162.35,0
11-Jul-2003,,1162.3,1170.75,1157.45,1161.65,0
14-Jul-2003,,1161.2,1173.95,1161.2,1171.5,0
15-Jul-2003,,1171.5,1175.55,1148.8,1159.85,0
16-Jul-2003,,1158.7,1170.45,1148.6,1168.75,0
17-Jul-2003,,1168.85,1175.95,1145.65,1152,0
18-Jul-2003,,1151.85,1162.6,1130.45,1140,0
21-Jul-2003,,1140,1146.4,1112.55,1115.8,0
22-Jul-2003,,1115.35,1118.25,1089.3,1109.2,0
23-Jul-2003,,1109.6,1124.7,1109.6,1119.05,0
24-Jul-2003,,1119.95,1144.35,1118.55,1139.45,0
25-Jul-2003,,1135.5,1164.7,1135.05,1162.75,0
28-Jul-2003,,1163.25,1180.6,1163.25,1169.2,0
29-Jul-2003,,1169.25,1177.25,1154.8,1174.75,0
30-Jul-2003,,1175.3,1187.7,1168.45,1183,0
31-Jul-2003,,1183.3,1198.5,1181.9,1185.85,0
01-Aug-2003,,1185.8,1198.8,1180.3,1195.75,0
04-Aug-2003,,1196.05,1206.1,1185.95,1203.6,0
05-Aug-2003,,1203.9,1218.5,1181,1184.45,0
06-Aug-2003,,1184.1,1191.05,1164.75,1171.05,0
07-Aug-2003,,1170.75,1199.7,1170.75,1196.95,0
08-Aug-2003,,1199.7,1224.5,1199.7,1222.65,0
11-Aug-2003,,1222.6,1240.35,1215.75,1232.85,0
12-Aug-2003,,1233.95,1249.35,1229.8,1234.75,0
13-Aug-2003,,1235.35,1249.35,1229.3,1246.9,0
14-Aug-2003,,1247,1260.35,1243.4,1247.75,0
18-Aug-2003,,1247.9,1285.7,1247.9,1281.4,0
19-Aug-2003,,1286.05,1307.6,1268.1,1277.7,0
20-Aug-2003,,1280.8,1292.95,1280.8,1287.4,0
21-Aug-2003,,1288.2,1304.15,1287,1300.95,0
22-Aug-2003,,1301.5,1319.45,1298.8,1311.15,0
25-Aug-2003,,1311.95,1332.55,1245.85,1271.1,0
26-Aug-2003,,1270.2,1322.95,1269.5,1318.2,0
27-Aug-2003,,1318.75,1346.3,1318.75,1340.3,0
28-Aug-2003,,1340.2,1349,1328.35,1341.05,0
29-Aug-2003,,1341.2,1365.8,1340.8,1356.55,0
01-Sep-2003,,1356.7,1379.4,1356.65,1375.95,0
02-Sep-2003,,1375.95,1388.95,1366.9,1385.45,0
03-Sep-2003,,1387.2,1394.95,1353.6,1359.35,0
04-Sep-2003,,1358.9,1382.6,1355.8,1372.7,0
05-Sep-2003,,1373,1400.9,1372.75,1398.4,0
08-Sep-2003,,1398.4,1420.25,1398.35,1417.35,0
09-Sep-2003,,1417.8,1430.7,1397.65,1407.05,0
10-Sep-2003,,1407,1414.1,1389.65,1409.55,0
11-Sep-2003,,1409.65,1422.4,1399.6,1403.15,0
12-Sep-2003,,1405.55,1415.65,1367.15,1372.1,0
15-Sep-2003,,1371.75,1371.85,1322.65,1329.25,0
16-Sep-2003,,1330.15,1362.1,1299.5,1357.95,0
17-Sep-2003,,1357.95,1377.45,1332.2,1341.6,0
18-Sep-2003,,1341.45,1342.6,1299.25,1302.35,0
19-Sep-2003,,1303.2,1331.05,1285.25,1322.15,0
22-Sep-2003,,1319.25,1333.55,1300.25,1302.9,0
23-Sep-2003,,1302.85,1333.7,1290.55,1328.2,0
24-Sep-2003,,1324.85,1373.9,1322.65,1372.05,0
25-Sep-2003,,1371.45,1377.25,1352.8,1357.2,0
26-Sep-2003,,1357.55,1389.3,1357.35,1386.95,0
29-Sep-2003,,1386.9,1422.35,1386.1,1399.95,0
30-Sep-2003,,1400.7,1418.1,1399.8,1417.1,0
01-Oct-2003,,1416.6,1430.9,1407.95,1420.85,0
03-Oct-2003,,1420.85,1451.2,1420.85,1449.3,0
06-Oct-2003,,1449.45,1481.05,1423.75,1478.9,0
07-Oct-2003,,1478.95,1498.45,1467.75,1477.85,0
08-Oct-2003,,1477.85,1493.05,1460.6,1478.6,0
09-Oct-2003,,1487.85,1505.05,1478.4,1502.1,0
10-Oct-2003,,1507.1,1527.25,1505.1,1523.1,0
13-Oct-2003,,1523.35,1550.9,1516.05,1546.75,0
14-Oct-2003,,1548.7,1562.85,1513.75,1520.8,0
15-Oct-2003,,1521.45,1543.85,1503,1537,0
16-Oct-2003,,1537.3,1563.4,1537.3,1555.7,0
17-Oct-2003,,1565.2,1574.1,1552.15,1569.45,0
20-Oct-2003,,1569.7,1574.1,1536.5,1542.7,0
21-Oct-2003,,1546.2,1549.65,1496.95,1506.5,0
22-Oct-2003,,1506.75,1522.65,1483,1494.1,0
23-Oct-2003,,1494.75,1503,1466.25,1470.45,0
24-Oct-2003,,1485.8,1512.55,1434.75,1506.05,0
25-Oct-2003,,1506.05,1533.05,1506.05,1521.95,0
27-Oct-2003,,1522.05,1524.05,1482,1485.3,0
28-Oct-2003,,1485.45,1500.8,1471.3,1481.75,0
29-Oct-2003,,1481.3,1501.7,1477.1,1498.45,0
30-Oct-2003,,1499.25,1524.25,1495.8,1516.85,0
31-Oct-2003,,1517.1,1559.75,1515.55,1555.9,0
03-Nov-2003,,1556.5,1605.6,1556.5,1601.65,0
04-Nov-2003,,1601.3,1626.4,1601.3,1618.7,0
05-Nov-2003,,1618.7,1627.6,1592.55,1609.15,0
06-Nov-2003,,1610.55,1630.25,1605.4,1612.2,0
07-Nov-2003,,1612.1,1624.5,1585.35,1592.05,0
10-Nov-2003,,1603.55,1603.65,1568.1,1594.5,0
11-Nov-2003,,1594.5,1608.85,1590.95,1601.15,0
12-Nov-2003,,1601.3,1617.75,1598,1603.8,0
13-Nov-2003,,1610.4,1616.15,1573.6,1579.95,0
14-Nov-2003,,1577.2,1580.3,1544.75,1550.45,0
15-Nov-2003,,1549.65,1571.3,1542,1562.8,0
17-Nov-2003,,1563.1,1584.75,1554.4,1579.9,0
18-Nov-2003,,1579.15,1591.25,1557.2,1564.4,0
19-Nov-2003,,1563.95,1564,1534.35,1540.6,0
20-Nov-2003,,1542.85,1558.15,1517.9,1522.3,0
21-Nov-2003,,1520.4,1547,1509.15,1540.7,0
24-Nov-2003,,1541.35,1554.05,1536.5,1543.9,0
25-Nov-2003,,1543.95,1572.05,1543.95,1568.65,0
27-Nov-2003,,1568.85,1602.6,1568.7,1598.35,0
28-Nov-2003,,1598.55,1618.95,1598.55,1615.25,0
01-Dec-2003,,1615.85,1660.55,1615.7,1657.65,0
02-Dec-2003,,1657.65,1671.85,1639.65,1658.5,0
03-Dec-2003,,1660.7,1676.2,1655.9,1670.5,0
04-Dec-2003,,1670.65,1683.75,1656.1,1675.2,0
05-Dec-2003,,1675.5,1688.25,1642.05,1645.8,0
08-Dec-2003,,1644.85,1654.35,1631.85,1646.25,0
09-Dec-2003,,1646.4,1677.9,1646.4,1675.85,0
10-Dec-2003,,1675.75,1697.3,1672.65,1686.9,0
11-Dec-2003,,1688.35,1701.7,1678.35,1695.4,0
12-Dec-2003,,1695.8,1705.95,1686.45,1698.9,0
15-Dec-2003,,1699.7,1728,1699.7,1723.95,0
16-Dec-2003,,1723.9,1740.3,1711.3,1736.25,0
17-Dec-2003,,1736.35,1746.2,1725.4,1733.25,0
18-Dec-2003,,1733.2,1759,1725.85,1756.1,0
19-Dec-2003,,1757,1783.7,1755.4,1778.55,0
22-Dec-2003,,1778.85,1794.3,1778.4,1789.15,0
23-Dec-2003,,1789.1,1800.9,1751.05,1780.3,0
24-Dec-2003,,1788.45,1815.6,1780.3,1808.7,0
26-Dec-2003,,1804.7,1840.35,1804.7,1837.05,0
29-Dec-2003,,1838.05,1876,1837.65,1874.05,0
30-Dec-2003,,1878.9,1914.4,1858.55,1873.25,0
31-Dec-2003,,1868.9,1895.65,1852.5,1879.75,0
01-Jan-2004,,1880.35,1917.05,1880.35,1912.25,0
02-Jan-2004,,1912.25,1951.7,1911.05,1946.05,0
05-Jan-2004,,1946.3,1969.2,1930.75,1955,0
06-Jan-2004,,1955.1,1979.05,1908.75,1926.7,0
07-Jan-2004,,1927.95,1930.95,1888.1,1916.75,0
08-Jan-2004,,1918.1,1973.45,1918.1,1968.55,0
09-Jan-2004,,1969,2014.65,1957.45,1971.9,0
12-Jan-2004,,1972,1980.55,1936.75,1945.6,0
13-Jan-2004,,1944.7,1967.85,1926.1,1963.6,0
14-Jan-2004,,1987.4,1995.2,1970.1,1982.15,0
15-Jan-2004,,1983.2,2000.3,1933.25,1944.45,0
16-Jan-2004,,1944.15,1953.05,1887.1,1900.65,0
19-Jan-2004,,1901.9,1943.1,1874.95,1935.35,0
20-Jan-2004,,1928.8,1957.65,1876.85,1893.25,0
21-Jan-2004,,1895.45,1899.55,1811.35,1824.6,0
22-Jan-2004,,1824.7,1854.55,1756.25,1770.5,0
23-Jan-2004,,1771.1,1858.5,1771.1,1847.55,0
27-Jan-2004,,1847.9,1911.3,1844.65,1904.7,0
28-Jan-2004,,1903.9,1918.45,1846.35,1863.1,0
29-Jan-2004,,1863,1883.1,1827.25,1843.6,0
30-Jan-2004,,1843.7,1860.4,1804.3,1809.75,0
03-Feb-2004,,1809.3,1815.95,1755.65,1769,0
04-Feb-2004,,1769.1,1829.65,1761.75,1822.2,0
05-Feb-2004,,1823.5,1846.75,1787.15,1804.5,0
06-Feb-2004,,1804.35,1837.95,1797.95,1833.65,0
09-Feb-2004,,1834.9,1885.2,1833.05,1880.7,0
10-Feb-2004,,1880.85,1897,1861.65,1880.75,0
11-Feb-2004,,1891.8,1894.8,1874.5,1891.5,0
12-Feb-2004,,1892.2,1906.1,1869.25,1885.3,0
13-Feb-2004,,1875.6,1916.2,1873.25,1913.6,0
16-Feb-2004,,1914.45,1929.5,1909.45,1913.55,0
17-Feb-2004,,1913.55,1926.15,1905.5,1920.1,0
18-Feb-2004,,1920,1935.8,1912.6,1916.45,0
19-Feb-2004,,1916.65,1919.7,1851.8,1858.3,0
20-Feb-2004,,1858.25,1872.85,1831.15,1852.65,0
23-Feb-2004,,1853,1867.25,1800.2,1808.2,0
24-Feb-2004,,1808.4,1826.85,1780.35,1821.35,0
25-Feb-2004,,1833.65,1834.1,1779,1786.8,0
26-Feb-2004,,1787.45,1818.6,1760.55,1765.8,0
27-Feb-2004,,1765.9,1807.45,1763.95,1800.3,0
01-Mar-2004,,1798.35,1856.45,1795.35,1852.7,0
03-Mar-2004,,1852.45,1868.25,1842.45,1860.4,0
04-Mar-2004,,1859.3,1867.95,1831.2,1843.85,0
05-Mar-2004,,1843.9,1871.1,1843.9,1867.7,0
08-Mar-2004,,1868.15,1891.95,1867.95,1885.25,0
09-Mar-2004,,1884.5,1898.7,1843,1866.05,0
10-Mar-2004,,1866.3,1866.4,1835.8,1844.35,0
11-Mar-2004,,1843.95,1843.95,1798.45,1805.4,0
12-Mar-2004,,1805.2,1820.95,1775.9,1812.2,0
15-Mar-2004,,1812.45,1836,1751.8,1763.4,0
16-Mar-2004,,1763.35,1769.5,1730.1,1749.35,0
17-Mar-2004,,1749.6,1765.05,1738.85,1749.85,0
18-Mar-2004,,1750,1754.95,1708.3,1716.65,0
19-Mar-2004,,1716.3,1738.6,1703.55,1725.1,0
22-Mar-2004,,1726.3,1726.35,1678.4,1685,0
23-Mar-2004,,1685.15,1710.45,1669.7,1696.4,0
24-Mar-2004,,1697.4,1700.65,1676.4,1692.1,0
25-Mar-2004,,1691.95,1720.65,1691.95,1704.45,0
26-Mar-2004,,1704.45,1755.45,1703.8,1747.5,0
29-Mar-2004,,1747.35,1766.15,1739.5,1762.05,0
30-Mar-2004,,1762.15,1775.4,1746.25,1750.15,0
31-Mar-2004,,1744.6,1775.3,1740.2,1771.9,0
01-Apr-2004,,1771.45,1823.05,1771.45,1819.65,0
02-Apr-2004,,1856.1,1856.3,1809,1841.1,0
05-Apr-2004,,1841.1,1878.8,1840,1856.6,0
06-Apr-2004,,1870.8,1876.15,1836.9,1851.15,0
07-Apr-2004,,1856.4,1865.2,1833.95,1848.7,0
08-Apr-2004,,1854,1864.95,1839.7,1853.55,0
12-Apr-2004,,1860.3,1873.75,1828.95,1838.2,0
13-Apr-2004,,1838.5,1885.15,1819.8,1878.45,0
15-Apr-2004,,1878.5,1884.5,1855,1861.95,0
16-Apr-2004,,1863.85,1882.55,1861.8,1868.95,0
17-Apr-2004,,1869.2,1875.95,1864.95,1868.1,0
19-Apr-2004,,1868.2,1876.2,1837.4,1844.05,0
20-Apr-2004,,1844.4,1851,1832,1844.25,0
21-Apr-2004,,1844.35,1876,1838.6,1873.35,0
22-Apr-2004,,1873.55,1894.6,1871,1889.55,0
23-Apr-2004,,1890.85,1912.35,1885.75,1892.45,0
27-Apr-2004,,1890.05,1893.1,1814,1817.25,0
28-Apr-2004,,1819,1833.95,1801.8,1816.55,0
29-Apr-2004,,1816.7,1818.9,1793.1,1808.95,0
30-Apr-2004,,1820.55,1841.45,1788.3,1796.1,0
03-May-2004,,1796.1,1801.45,1742.8,1766.7,0
04-May-2004,,1769.1,1803.15,1768.8,1793.1,0
05-May-2004,,1789.45,1814.35,1788.1,1809.9,0
06-May-2004,,1810.3,1837.95,1810.3,1832.8,0
07-May-2004,,1832.85,1833.15,1796.95,1804.45,0
10-May-2004,,1804.4,1804.4,1753.8,1769.1,0
11-May-2004,,1768.7,1768.7,1692.9,1699.45,0
12-May-2004,,1699.25,1721.35,1689.85,1711.1,0
13-May-2004,,1707.95,1750.3,1625.1,1717.5,0
14-May-2004,,1717.05,1722.8,1566.95,1582.4,0
17-May-2004,,1582.5,1583.8,1292.2,1388.75,0
18-May-2004,,1392.95,1517.6,1389.65,1503.95,0
19-May-2004,,1508.05,1576.05,1508.05,1567.85,0
20-May-2004,,1566.5,1591.05,1531.3,1543.85,0
21-May-2004,,1545.05,1566.15,1498.1,1560.2,0
24-May-2004,,1563.65,1613.6,1563.05,1608.85,0
25-May-2004,,1608.9,1621.45,1566.4,1606.7,0
26-May-2004,,1608.15,1625.7,1587,1598.8,0
27-May-2004,,1590.15,1606,1576.05,1586.4,0
28-May-2004,,1586.35,1587.1,1504,1508.75,0
31-May-2004,,1507.05,1509.05,1456.2,1483.6,0
01-Jun-2004,,1483.9,1529.6,1483.9,1507.9,0
02-Jun-2004,,1508,1543.3,1508,1535.2,0
03-Jun-2004,,1535.8,1566.5,1484.5,1495.1,0
04-Jun-2004,,1494.85,1527,1480.8,1521.1,0
07-Jun-2004,,1521.6,1557.5,1521.6,1542.55,0
08-Jun-2004,,1542.6,1557,1526.45,1550.55,0
09-Jun-2004,,1550.45,1561.6,1541.6,1548.3,0
10-Jun-2004,,1547.7,1552.75,1535,1544.75,0
11-Jun-2004,,1544.95,1547.4,1504.8,1508.45,0
14-Jun-2004,,1508.15,1509.6,1474.65,1481.35,0
15-Jun-2004,,1481.45,1507.85,1481,1501,0
16-Jun-2004,,1500.95,1525.2,1490.45,1494.75,0
17-Jun-2004,,1494.7,1519.2,1482.2,1512.05,0
18-Jun-2004,,1511.95,1515.05,1485.05,1491.2,0
21-Jun-2004,,1490.75,1499.8,1478.85,1482,0
22-Jun-2004,,1482.85,1489.6,1467.65,1474.7,0
23-Jun-2004,,1474.8,1481.45,1442.55,1446.1,0
24-Jun-2004,,1445.35,1474.3,1437.9,1470.75,0
25-Jun-2004,,1471.5,1494,1459.55,1488.5,0
28-Jun-2004,,1488.6,1516.95,1488.6,1514.35,0
29-Jun-2004,,1514.35,1528.5,1503.3,1518.3,0
30-Jun-2004,,1518.7,1532.15,1501.7,1505.6,0
01-Jul-2004,,1506.65,1539.15,1504.55,1537.2,0
02-Jul-2004,,1537.05,1547.65,1516.15,1537.5,0
05-Jul-2004,,1537.55,1546,1522.9,1526.85,0
06-Jul-2004,,1526.65,1561,1524.15,1558.25,0
07-Jul-2004,,1558.05,1578.5,1551.35,1566.8,0
08-Jul-2004,,1567.25,1586.55,1504.5,1518.15,0
09-Jul-2004,,1517.45,1557.75,1472.55,1553.2,0
12-Jul-2004,,1548.6,1562.8,1537.7,1556.95,0
13-Jul-2004,,1560,1569.75,1530.6,1539.3,0
14-Jul-2004,,1535.1,1552.25,1519.35,1522.75,0
15-Jul-2004,,1523.1,1543.25,1517.8,1539.4,0
16-Jul-2004,,1538.15,1562,1533.65,1558.8,0
19-Jul-2004,,1559.2,1582.35,1556.55,1571.6,0
20-Jul-2004,,1571.7,1581.05,1555.55,1566.1,0
21-Jul-2004,,1566.15,1600.7,1562.9,1581.4,0
22-Jul-2004,,1581.6,1609.55,1580.95,1598.1,0
23-Jul-2004,,1587.6,1610.85,1587.6,1601.6,0
26-Jul-2004,,1602.15,1620.35,1584.65,1618,0
27-Jul-2004,,1617.95,1629.35,1597.2,1600.75,0
28-Jul-2004,,1600.85,1609.45,1586.15,1594.15,0
29-Jul-2004,,1594.7,1624.3,1590.15,1618.7,0
30-Jul-2004,,1618.9,1638.7,1609.9,1632.3,0
02-Aug-2004,,1631.55,1643.8,1627.25,1639.05,0
03-Aug-2004,,1639.95,1648.35,1626.3,1630.6,0
04-Aug-2004,,1631.3,1635.95,1618.2,1626.55,0
05-Aug-2004,,1626.4,1656.25,1626.4,1654.95,0
06-Aug-2004,,1654.85,1658.7,1626.7,1633.4,0
09-Aug-2004,,1633.25,1644.4,1617.05,1642.6,0
10-Aug-2004,,1642.75,1656.6,1637.7,1652.15,0
11-Aug-2004,,1652.1,1658.9,1616.85,1621.6,0
12-Aug-2004,,1624.3,1629.15,1599.5,1607.2,0
13-Aug-2004,,1598.2,1612.7,1591.6,1598.2,0
16-Aug-2004,,1597.5,1603.2,1582.35,1599.15,0
17-Aug-2004,,1624,1628.45,1597.45,1604.35,0
18-Aug-2004,,1604.15,1604.15,1577.25,1581.8,0
19-Aug-2004,,1581.9,1612.5,1581.9,1609.2,0
20-Aug-2004,,1609.2,1610.6,1584.05,1590.35,0
23-Aug-2004,,1590.9,1595.55,1573.7,1578.2,0
24-Aug-2004,,1578.2,1597.9,1578.05,1591.6,0
25-Aug-2004,,1592.2,1598.55,1586.35,1595.7,0
26-Aug-2004,,1595.75,1613.25,1593.45,1610.75,0
27-Aug-2004,,1610.85,1617.25,1600.15,1609,0
30-Aug-2004,,1609.45,1629.9,1609.2,1628.45,0
31-Aug-2004,,1628.5,1634.8,1618.3,1631.75,0
01-Sep-2004,,1631.7,1640.55,1631.1,1635.45,0
02-Sep-2004,,1635.5,1641.25,1619.9,1629.3,0
03-Sep-2004,,1629.65,1636.1,1622.1,1634.1,0
06-Sep-2004,,1634.6,1649.15,1634.45,1644,0
07-Sep-2004,,1643.95,1653.15,1641.8,1650.15,0
08-Sep-2004,,1650.6,1658.85,1648.25,1656.25,0
09-Sep-2004,,1656.25,1662.4,1640.25,1649,0
10-Sep-2004,,1649.45,1670.95,1642.35,1668.75,0
13-Sep-2004,,1668.25,1681.75,1668.05,1675.2,0
14-Sep-2004,,1675.2,1686.8,1668.45,1685.55,0
15-Sep-2004,,1685.7,1694.45,1675.85,1683.2,0
16-Sep-2004,,1683.6,1708,1677.35,1705.7,0
17-Sep-2004,,1702.7,1736.4,1702.7,1733.65,0
20-Sep-2004,,1734.05,1741.55,1725.3,1728.8,0
21-Sep-2004,,1728.75,1753,1724.7,1750.2,0
22-Sep-2004,,1749.75,1760.8,1736.3,1753.9,0
23-Sep-2004,,1753.1,1753.15,1723.4,1726.15,0
24-Sep-2004,,1726.15,1736.9,1717.2,1722.5,0
27-Sep-2004,,1722.4,1726.15,1707.95,1717.5,0
28-Sep-2004,,1717.45,1717.9,1697.4,1700.25,0
29-Sep-2004,,1700.55,1730.3,1695.7,1727.95,0
30-Sep-2004,,1728.3,1748.2,1728.2,1745.5,0
01-Oct-2004,,1744.4,1778.65,1737.85,1775.15,0
04-Oct-2004,,1776.75,1813.9,1775.45,1805.65,0
05-Oct-2004,,1805.85,1816.55,1798.6,1812.45,0
06-Oct-2004,,1811.7,1824.8,1790.6,1794.9,0
07-Oct-2004,,1793,1821.85,1793,1815.7,0
08-Oct-2004,,1815.65,1825.15,1808.75,1820.2,0
09-Oct-2004,,1812.85,1824.9,1812.8,1817.8,0
11-Oct-2004,,1817.85,1829.45,1803.5,1807.75,0
12-Oct-2004,,1808.45,1820.9,1783.05,1786.9,0
14-Oct-2004,,1784.8,1805.7,1773,1794.75,0
15-Oct-2004,,1794.8,1814.05,1789.55,1795,0
18-Oct-2004,,1796.05,1806.15,1782.95,1786,0
19-Oct-2004,,1787.2,1813.9,1787.2,1808.4,0
20-Oct-2004,,1808.6,1815.2,1785.45,1790.05,0
21-Oct-2004,,1790.35,1795.4,1772.4,1779.75,0
25-Oct-2004,,1780,1783.55,1753.5,1757.25,0
26-Oct-2004,,1777.85,1782.1,1750.3,1781.05,0
27-Oct-2004,,1781.15,1797.55,1774.2,1783.85,0
28-Oct-2004,,1783.9,1808.15,1783.9,1800.1,0
29-Oct-2004,,1800.85,1808.85,1783.1,1786.9,0
01-Nov-2004,,1787.3,1800.25,1776.7,1797.75,0
02-Nov-2004,,1798.3,1817.1,1798.3,1813.7,0
03-Nov-2004,,1814.15,1838.4,1814.15,1837.4,0
04-Nov-2004,,1837.8,1853.05,1830.5,1834.85,0
05-Nov-2004,,1836.05,1854.4,1836,1852.3,0
08-Nov-2004,,1852.45,1871.05,1852.45,1862.8,0
09-Nov-2004,,1863.55,1869.45,1853.45,1858.75,0
10-Nov-2004,,1859.65,1878.2,1857.7,1876.1,0
11-Nov-2004,,1876.45,1884.65,1866.95,1870.55,0
12-Nov-2004,,1871.9,1885.05,1866.75,1872.95,0
16-Nov-2004,,1872.8,1881.4,1862.8,1879,0
17-Nov-2004,,1879.05,1892.15,1874.35,1888.65,0
18-Nov-2004,,1890.45,1895.3,1880.8,1892.05,0
19-Nov-2004,,1891.95,1898.15,1869.35,1872.35,0
22-Nov-2004,,1872.55,1878.05,1845.1,1873.35,0
23-Nov-2004,,1873.35,1900.05,1873.35,1892.6,0
24-Nov-2004,,1893.15,1907.35,1889.85,1904.05,0
25-Nov-2004,,1904.25,1915.8,1892.6,1901.05,0
29-Nov-2004,,1899.3,1942.95,1894.6,1939.65,0
30-Nov-2004,,1940.25,1963.8,1940.25,1958.8,0
01-Dec-2004,,1960.75,1971.6,1944.5,1962.05,0
02-Dec-2004,,1962.75,2001.55,1962.75,1999,0
03-Dec-2004,,1991.9,2011.9,1990.3,1996.2,0
06-Dec-2004,,1996.3,2012.25,1989.95,1993.15,0
07-Dec-2004,,1990.6,2002.6,1981.15,1992.7,0
08-Dec-2004,,1994.15,2009.7,1973.15,1977.95,0
09-Dec-2004,,1977.8,1995.7,1964.5,1989.95,0
10-Dec-2004,,1990.2,1999.7,1964.65,1969,0
13-Dec-2004,,1970.6,1987,1964.8,1985.35,0
14-Dec-2004,,1985.2,2008.8,1972.85,2006.8,0
15-Dec-2004,,2006.8,2034.35,2006.8,2028.7,0
16-Dec-2004,,2028.8,2039.2,2019.5,2033.2,0
17-Dec-2004,,2032.85,2037.7,2007.2,2012.1,0
20-Dec-2004,,2012.5,2029.5,2007.15,2026.85,0
21-Dec-2004,,2027.8,2047.5,2025.25,2044.65,0
22-Dec-2004,,2040.6,2053.9,2029.85,2035.35,0
23-Dec-2004,,2035.6,2049.3,2031.9,2045.15,0
24-Dec-2004,,2045.35,2065.6,2045.3,2062.7,0
27-Dec-2004,,2061.6,2079.05,2046.25,2062.6,0
28-Dec-2004,,2063.6,2074.6,2060.05,2071.35,0
29-Dec-2004,,2071.55,2086.15,2062.35,2069.6,0
30-Dec-2004,,2070.55,2088.45,2052.25,2059.8,0
31-Dec-2004,,2059.85,2083,2059.85,2080.5,0
03-Jan-2005,,2080,2118.6,2080,2115,0
04-Jan-2005,,2116.95,2120.15,2100.55,2103.75,0
05-Jan-2005,,2103.75,2105.1,1990.15,2032.2,0
06-Jan-2005,,2031.55,2035.65,1984.25,1998.35,0
07-Jan-2005,,1998.25,2021.45,1992.55,2015.5,0
10-Jan-2005,,2016.75,2025.9,1974.8,1982,0
11-Jan-2005,,1982.7,1988.9,1947.35,1952.05,0
12-Jan-2005,,1953.6,1966.65,1900.85,1913.6,0
13-Jan-2005,,1922.5,1963.4,1916.95,1954.55,0
14-Jan-2005,,1954.9,1961.4,1922.85,1931.1,0
17-Jan-2005,,1931.75,1944.55,1902.45,1932.9,0
18-Jan-2005,,1933.05,1956.95,1925.35,1934.05,0
19-Jan-2005,,1934.1,1945.65,1922.35,1926.65,0
20-Jan-2005,,1928.1,1940.95,1900.05,1925.3,0
24-Jan-2005,,1925.3,1932.75,1902.9,1909,0
25-Jan-2005,,1908.85,1934.25,1894.4,1931.85,0
27-Jan-2005,,1931.9,1961.75,1929,1955,0
28-Jan-2005,,1955.25,2014.25,1950.85,2008.3,0
31-Jan-2005,,2008.45,2060.4,2006.35,2057.6,0
01-Feb-2005,,2057.75,2072.5,2045.25,2059.85,0
02-Feb-2005,,2062.15,2074.5,2045.5,2052.25,0
03-Feb-2005,,2052.35,2083.75,2052.35,2079.45,0
04-Feb-2005,,2079.4,2099.2,2060.8,2077.95,0
07-Feb-2005,,2097.45,2098,2049.85,2055.1,0
08-Feb-2005,,2055,2065,2043.6,2055.15,0
09-Feb-2005,,2055.2,2077.7,2055.2,2070,0
10-Feb-2005,,2070.1,2075.1,2049.85,2063.35,0
11-Feb-2005,,2063.35,2084.5,2063.35,2082.05,0
14-Feb-2005,,2083.05,2110.15,2083.05,2098.25,0
15-Feb-2005,,2098.25,2101.6,2081.2,2089.95,0
16-Feb-2005,,2090,2103.4,2059.45,2068.8,0
17-Feb-2005,,2069.1,2069.15,2045.85,2061.9,0
18-Feb-2005,,2062.45,2076.7,2048.85,2055.55,0
21-Feb-2005,,2055.15,2065.75,2039.9,2043.2,0
22-Feb-2005,,2043.4,2061.65,2036.6,2058.4,0
23-Feb-2005,,2058.7,2065.15,2051.35,2057.1,0
24-Feb-2005,,2057.75,2070.5,2052.4,2055.3,0
25-Feb-2005,,2057.3,2081.85,2051.2,2060.9,0
28-Feb-2005,,2061.2,2106.2,2047.7,2103.25,0
01-Mar-2005,,2103.1,2115.1,2073.8,2084.4,0
02-Mar-2005,,2084.6,2096.35,2080.55,2093.25,0
03-Mar-2005,,2093.4,2132.75,2093.35,2128.85,0
04-Mar-2005,,2129.1,2152.75,2129.1,2148.15,0
07-Mar-2005,,2148.25,2166.85,2143.05,2160.1,0
08-Mar-2005,,2160.65,2173.85,2154,2168.95,0
09-Mar-2005,,2169.1,2183.45,2141.35,2160.8,0
10-Mar-2005,,2160.85,2170.2,2145.75,2167.4,0
11-Mar-2005,,2167.7,2182.1,2148.7,2154,0
14-Mar-2005,,2153.8,2164.15,2140.9,2146.35,0
15-Mar-2005,,2146.55,2151.35,2122,2128.95,0
16-Mar-2005,,2129.35,2158.9,2121.1,2125.55,0
17-Mar-2005,,2123.95,2126.55,2090.45,2098.5,0
18-Mar-2005,,2097.75,2112.25,2077.2,2109.15,0
21-Mar-2005,,2117.95,2124.8,2089.35,2096.6,0
22-Mar-2005,,2096.75,2099,2056.5,2061.6,0
23-Mar-2005,,2061.2,2067.45,2019.85,2026.4,0
24-Mar-2005,,2026.6,2042.45,2007.35,2015.4,0
28-Mar-2005,,2015.75,2046.85,2015.25,2029.45,0
29-Mar-2005,,2029.4,2032.65,1971.55,1983.85,0
30-Mar-2005,,1983.65,2000.45,1971.15,1993.7,0
31-Mar-2005,,1994.5,2043.6,1994.5,2035.65,0
01-Apr-2005,,2035.9,2071.2,2024.25,2067.65,0
04-Apr-2005,,2067.65,2076.6,2054.9,2063.4,0
05-Apr-2005,,2063.2,2077.95,2043.7,2052.55,0
06-Apr-2005,,2054,2073.1,2051.3,2069.3,0
07-Apr-2005,,2069.15,2084.9,2048.05,2052.85,0
08-Apr-2005,,2053.05,2057.5,2024.8,2031.2,0
11-Apr-2005,,2032.75,2033,2001.85,2008.2,0
12-Apr-2005,,2002.75,2027.8,2002.75,2024.95,0
13-Apr-2005,,2024.9,2038.85,2018.1,2025.45,0
15-Apr-2005,,2022.5,2022.5,1952.75,1956.3,0
18-Apr-2005,,1955.5,1959.25,1914.85,1927.8,0
19-Apr-2005,,1927.9,1961.15,1902.8,1909.4,0
20-Apr-2005,,1908.5,1941.85,1902.9,1929.7,0
21-Apr-2005,,1930.5,1950,1911.4,1948.55,0
22-Apr-2005,,1950.6,1972.95,1950,1967.35,0
25-Apr-2005,,1968.45,1974.2,1952.4,1970.95,0
26-Apr-2005,,1971.05,1972.85,1951.8,1957.1,0
27-Apr-2005,,1959.45,1962.2,1930.35,1935.4,0
28-Apr-2005,,1935.65,1950.25,1921.05,1941.3,0
29-Apr-2005,,1943.2,1943.2,1896.3,1902.5,0
02-May-2005,,1903.1,1925.6,1898.15,1916.75,0
03-May-2005,,1916.95,1940.1,1911,1920.7,0
04-May-2005,,1920.5,1944.45,1920.15,1942.6,0
05-May-2005,,1942.6,1973.35,1942.05,1963.3,0
06-May-2005,,1962.3,1984.4,1947.3,1977.5,0
09-May-2005,,1978.05,2003.15,1978.05,2000.75,0
10-May-2005,,2001,2007.8,1989.1,1994.3,0
11-May-2005,,1990.55,1991.85,1975.05,1985.95,0
12-May-2005,,1985.95,1999.85,1981.95,1993.15,0
13-May-2005,,1992.5,1992.75,1978.9,1988.3,0
16-May-2005,,1991.5,2014.95,1989.7,2012.6,0
17-May-2005,,2013.1,2024.6,1984.75,1990.8,0
18-May-2005,,1990.65,1990.95,1964.65,1982.75,0
19-May-2005,,1983.15,2008.35,1983.15,1990.85,0
20-May-2005,,1991.85,1998.2,1975.95,1992.4,0
23-May-2005,,1992.1,2019.35,1991.7,2013.9,0
24-May-2005,,2016,2031.9,2009.55,2028.6,0
25-May-2005,,2028.55,2047.45,2019,2043.85,0
26-May-2005,,2043.5,2078.65,2025.65,2074.7,0
27-May-2005,,2073.25,2099.35,2069.5,2076.4,0
30-May-2005,,2076.55,2086.85,2064.85,2072.4,0
31-May-2005,,2072.5,2091.75,2066.55,2087.55,0
