0,1,2,3,4,5,6,7,8,9
Date,I1,I2,I3,I4,I5,I6,I7,Output NSE Intraday Change,Intraday Change Value
1,-0.0721,-0.0104,-0.0071,-0.0013,-0.007,-0.007,0,-1,0.005
2,0.0199,-0.0007,0.0038,0.0021,0.0417,0.0415,0,-1,0.005
3,-0.0685,0,-0.0016,-0.0007,-0.0006,-0.0028,-0.0002,1,0.005
4,0.017,-0.0094,0.0034,-0.0012,-0.0108,-0.0036,-0.0021,-1,0.005
5,0.0173,0.0226,0.0042,-0.0088,0.0103,0.0155,0.0072,-1,0.005
6,0.0071,0.0021,-0.0007,-0.0041,-0.0041,-0.0004,0.0052,1,0.005
7,-0.0282,0.0007,-0.0018,0.005,-0.0124,-0.0073,0.0037,-1,0.005
8,-0.0035,0.0014,0.0119,0.0014,-0.0148,-0.0026,0.0051,-1,0.005
9,0.0229,-0.0055,-0.0059,-0.0037,0.0134,0.0172,0.0124,-1,0.005
10,-0.0802,0.007,-0.0233,0.0038,-0.0303,-0.055,0.0037,1,0.005
11,-0.0039,-0.0261,0.0022,0.0037,-0.0505,-0.0567,-0.0255,-1,0.005
12,-0.0607,-0.0088,-0.021,0.0004,0.0104,0.0218,-0.0066,-1,0.005
13,-0.0371,0.0019,-0.0008,0.0122,-0.0146,-0.072,0.0113,1,0.005
14,-0.0184,0.005,-0.0047,0.002,0.0125,0.0132,-0.0582,-1,0.005
15,0.0185,0.0012,-0.0078,-0.0069,-0.0007,-0.0057,0.0007,1,0.005
16,0.0018,0.0096,-0.0089,-0.0074,-0.0035,-0.0084,-0.005,-1,0.005
20,-0.0031,0.0166,-0.0061,0.0001,0,0.0016,0.0042,-1,0.005
21,0.0345,0.0065,0,-0.0053,0.0176,0.0212,0.0016,0,0.005
22,0,0.0157,0.001,-0.0017,0.0067,0.014,0.0035,1,0.005
23,0.0038,0.0177,0.0189,0.0017,0.0061,0.0149,0.0072,1,0.005
24,-0.0165,0.0044,0.0001,-0.0022,-0.0153,-0.0219,0.0088,1,0.005
25,-0.0134,-0.0061,-0.0033,0.001,-0.0048,0.0051,-0.0067,-1,0.005
26,0,0.0179,0.0043,-0.0007,-0.0011,0.0176,0.01,-1,0.005
27,0.0024,0.0194,0.0102,0.0026,0.0101,-0.0021,0.0188,-1,0.005
28,-0.0225,-0.0211,-0.0151,0.0141,-0.0072,-0.0063,-0.012,1,0.005
29,-0.0238,0.0049,-0.0108,-0.0016,-0.0088,-0.0059,0.0009,-1,0.005
30,0.005,-0.0098,0.0068,0.0042,-0.0081,0.0011,0.003,-1,0.005
31,0.0331,0.0168,0.0006,0.003,0.0155,0.033,0.0093,-1,0.005
32,0.0158,0.0291,0.0061,-0.0025,0.0079,0.0095,0.0172,1,0.005
36,-0.0604,-0.0033,-0.0086,-0.0036,-0.0036,0.0016,0.0032,-1,0.005
37,-0.018,-0.01,-0.005,-0.005,-0.0313,-0.0313,0.0052,-1,0.005
38,-0.0041,-0.0147,-0.0138,-0.0066,-0.0212,-0.0222,0,-1,0.005
39,-0.0258,-0.0106,-0.0136,-0.0053,-0.0111,-0.0047,-0.0009,-1,0.005
40,0.0085,0.0006,0.0038,-0.0051,-0.0065,-0.0126,0.0065,-1,0.005
41,-0.0283,0.0012,-0.014,-0.0085,0.0071,0.0203,-0.0061,-1,0.005
42,0.0482,0.0236,0.0069,-0.0008,0.0172,0.0247,0.0132,1,0.005
43,-0.0182,-0.0039,0.0062,-0.0028,0.0129,0.0139,0.0073,1,0.005
47,-0.0465,0.0019,0.0011,-0.0011,-0.0299,-0.0221,-0.0019,1,0.005
48,-0.025,0.0127,0.0014,0.0034,-0.0079,-0.0057,0.008,-1,0.005
50,-0.0226,0.0045,-0.005,0.0004,-0.0002,0.0009,-0.0008,1,0.005
51,-0.0264,0,-0.008,0.0076,0.0562,0.0628,0.0011,-1,0.005
52,-0.0054,-0.0068,-0.0017,0.0028,-0.0155,-0.0235,0.0063,1,0.005
53,0.0018,-0.0067,-0.0179,-0.0017,-0.0161,-0.01,-0.0081,-1,0.005
54,0.0092,0.0145,0.0037,-0.0034,0.0163,0.0329,0.0062,-1,0.005
55,0.0276,0.0101,0.0412,0.0054,-0.011,-0.0052,0.0163,1,0.005
56,-0.0057,-0.0027,-0.0111,-0.0085,-0.017,-0.0121,0.0058,-1,0.005
57,-0.0402,0.0007,0.0062,0.0006,0.0135,0.0173,0.005,-1,0.005
58,0.0431,-0.0061,-0.0028,0.0028,-0.0125,-0.0108,0.0038,1,0.005
59,-0.001,-0.0014,0.0077,0.0084,-0.0054,0,0.0018,-1,0.005
60,-0.0242,-0.0054,-0.0208,0.0016,-0.0315,-0.035,0.0054,-1,0.005
61,0.0149,0.002,-0.0162,-0.0029,0.0033,-0.0027,-0.0037,-1,0.005
62,0.0287,-0.002,-0.007,-0.0001,0.0222,0.0294,-0.0059,1,0.005
63,0.0336,-0.004,0.0153,0.013,-0.0303,-0.0292,0.0071,1,0.005
64,-0.0352,-0.0086,-0.0111,0.0049,0.0156,0.0122,0.0012,-1,0.005
65,0.0135,-0.0033,-0.0015,0.0036,-0.0017,-0.0041,-0.0033,1,0.005
67,0.0349,0.0087,-0.0001,-0.0092,0.0141,0.0244,0,0,0.005
68,0.0413,0.0116,0.0217,-0.0026,0.025,0.0294,0.0101,1,0.005
69,0.001,0.0176,0.0014,0.0053,0.0266,0.0281,0.0043,1,0.005
70,-0.0197,-0.0078,0.0023,-0.0008,-0.0207,-0.0273,0.0015,1,0.005
71,0.0128,-0.007,-0.0064,-0.0041,0.0059,0.0035,-0.0067,-1,0.005
72,0,0.0141,0.0001,0.0018,0.0269,0.0352,-0.0025,1,0.005
73,-0.0205,-0.0043,-0.0095,0.0055,-0.0322,-0.0298,0.008,1,0.005
75,0.016,0.0007,0.0103,0.0007,-0.0143,-0.0102,0.0029,1,0.005
76,0.0448,0.0064,0.0249,0.0015,0.0111,0.0133,0.0042,-1,0.005
77,0.0127,0.0058,-0.0062,0.005,0.0121,0.0215,0.0021,1,0.005
78,0.0053,0.0088,0.0277,0.0044,0.0013,0.0002,0.0092,1,0.005
79,-0.008,0.0022,-0.0029,0.0049,0.0071,0.0085,-0.0011,1,0.005
80,-0.0097,-0.0015,0.0131,-0.0002,0.0092,0.013,0.0013,1,0.005
81,0.0309,0.0137,-0.0098,0.0053,0.0395,0.05,0.0037,1,0.005
82,-0.0284,-0.0016,0.0183,-0.0001,-0.0214,-0.013,0.0101,1,0.005
83,0.049,0.0094,-0.0082,0.0076,-0.0137,-0.0059,0.0087,-1,0.005
85,-0.0124,-0.022,0.0035,-0.0053,-0.0087,-0.0039,0.0014,1,0.005
86,-0.0155,0.0152,-0.0098,0.0078,0.0202,0.0241,0.0048,-1,0.005
87,0.0187,-0.0088,-0.0049,0.0023,-0.0176,-0.0128,0.0038,1,0.005
88,0,0.0032,0.0249,0.0018,0.0312,0.0292,0.0049,-1,0.005
90,-0.0056,0.0111,-0.0056,0,0.0077,0,-0.012,-1,0.005
91,0,-0.0125,0.0033,-0.0004,-0.0363,-0.0418,-0.0076,1,0.005
92,-0.0066,0.003,-0.0056,-0.0056,0.0044,0.0076,-0.0057,-1,0.005
93,0.0094,0.0217,0.0049,-0.0018,-0.0112,-0.0125,0.0031,1,0.005
94,-0.0136,-0.0137,-0.0192,0.0026,-0.0031,-0.0132,-0.0013,-1,0.005
95,0.0171,-0.0253,-0.0141,0.0045,-0.025,-0.0246,-0.0102,-1,0.005
96,-0.0278,-0.0036,0.0004,-0.0139,0.0144,0.0008,0.0004,-1,0.005
97,-0.0117,-0.0204,0.0055,-0.0003,-0.0115,-0.0169,-0.0134,1,0.005
98,-0.0403,-0.0135,-0.0042,-0.0036,-0.021,-0.0278,-0.0054,-1,0.005
99,0.0207,-0.0021,-0.0036,0.006,0.0059,0.0055,-0.0069,-1,0.005
100,-0.0159,-0.0126,0.0033,-0.0063,0.0097,0.0103,-0.0004,1,0.005
101,0.0209,-0.0007,-0.009,-0.0048,0.0367,0.0497,0.0006,1,0.005
102,0.0264,0.0132,-0.0137,0.002,0.0111,0.0103,0.0125,1,0.005
103,0.0022,-0.0067,-0.011,-0.0062,0.0048,0.011,-0.0009,1,0.005
104,0.0683,-0.0052,0.0175,-0.0017,0.0203,0.0159,0.0062,1,0.005
105,-0.0047,0.0031,-0.003,0.008,-0.0042,-0.017,-0.0043,1,0.005
106,0.0253,-0.0195,-0.0016,-0.0169,-0.0264,-0.0128,-0.0128,-1,0.005
107,-0.0266,0.0075,0.0205,-0.0124,0.0148,0.0057,0.0139,-1,0.005
108,-0.0104,-0.0068,-0.0123,0.0003,-0.0037,-0.0002,-0.009,1,0.005
109,-0.0012,0.0045,-0.0117,0.0012,0.0228,0.024,0.0035,-1,0.005
110,-0.0023,0.0069,0.0054,0.0016,-0.002,0.0065,0.0011,1,0.005
112,0.0063,0.0176,0.0319,-0.012,0.0294,0.0478,0.0009,1,0.005
113,0.0396,0.0306,0.0063,-0.0013,0.0294,0.0516,0.0179,1,0.005
114,-0.0159,0.0138,0.0162,0.0038,-0.036,-0.0325,0.0216,1,0.005
115,-0.0056,-0.0206,0.0032,-0.0022,-0.0507,-0.0493,0.0037,-1,0.005
116,0.0056,-0.0063,0.0132,-0.0074,0.0328,0.0348,0.0014,-1,0.005
117,0.0107,0.0058,-0.0063,0.0004,-0.0411,-0.0136,0.0019,1,0.005
118,-0.0488,0.0144,-0.0074,-0.0081,-0.0738,-0.0881,0.0286,-1,0.005
119,-0.0222,-0.003,0.0024,0.0095,0,0,-0.0154,-1,0.005
120,-0.0486,0.006,-0.0086,-0.0145,0.0168,0.0022,0,0,0.005
121,0.0954,-0.0118,0.0257,-0.0051,0.0234,0.0535,-0.0144,1,0.005
122,0.0795,0.0162,0.0444,-0.0172,0.0607,-0.01,0.0294,1,0.005
123,-0.0139,0.003,0.0199,-0.0073,0.011,0.019,-0.0666,1,0.005
124,0.0191,0.0171,0.0184,-0.0142,-0.0067,0.0141,0.0079,1,0.005
125,-0.0409,0.0056,0.0106,0.0042,-0.0321,-0.0232,0.0209,-1,0.005
126,-0.0153,-0.0062,0.0113,-0.0053,0.0037,-0.0021,0.0092,-1,0.005
127,0.0281,-0.0123,-0.0011,0.0104,0.0151,-0.0071,-0.0057,1,0.005
128,0.0306,0.0077,0.0044,0.0095,0.0725,0.0849,-0.0218,1,0.005
129,0.0099,0.0084,0.0035,-0.002,0,0,0.0116,1,0.005
130,0.0128,-0.0017,0.0129,0.0031,0.0097,0.0148,0,0,0.005
131,0.0193,-0.0109,0.0126,0.0027,-0.0067,-0.0087,0.005,1,0.005
132,-0.0176,-0.0017,0.0078,-0.0049,-0.0035,-0.0125,-0.002,-1,0.005
133,0.0284,0.0058,0.0168,0.0034,0.0082,0.0079,-0.0091,-1,0.005
134,-0.0066,0.0017,-0.0021,-0.0047,-0.0057,-0.0037,-0.0002,1,0.005
135,0.0165,-0.0066,-0.0035,0.0032,-0.0207,-0.0217,0.002,-1,0.005
136,-0.0068,-0.0033,-0.0042,-0.0027,0.0375,0.0458,-0.001,-1,0.005
137,0.0107,0.0059,-0.0002,0.0041,0.0051,0.0107,0.0081,1,0.005
138,0.007,0.0009,-0.0045,0.0012,0.0072,0.0176,0.0056,1,0.005
139,0.0031,-0.0009,0.0008,0.0011,-0.0052,-0.0138,0.0104,1,0.005
140,0.0103,-0.0172,-0.0109,-0.0006,0,-0.0015,-0.0087,-1,0.005
141,-0.0383,-0.0087,-0.0226,-0.0031,-0.0096,-0.0178,-0.0015,0,0.005
142,0.0148,-0.0085,-0.0049,-0.0014,0,0,-0.0083,-1,0.005
143,-0.0302,0.0171,0.0011,0.0052,0,0,0,0,0.005
144,0.0486,-0.0025,0.0093,0.0003,0.0078,0.0241,0,0,0.005
145,0.0276,-0.0169,0.0063,-0.0007,-0.0112,-0.0134,0.0162,1,0.005
146,-0.0113,0.0112,-0.0061,-0.0087,0.0286,0.0303,-0.0023,-1,0.005
147,0.0292,0.0026,-0.0029,0.0176,0.0181,0.0251,0.0016,1,0.005
148,0.0008,-0.0117,-0.0059,-0.0213,0.0395,0.0462,0.007,1,0.005
149,0.029,0.0038,-0.011,-0.005,0.0282,0.0389,0.0064,1,0.005
150,0.0026,0.0029,0.0103,-0.0115,0.0459,0.0205,0.0105,1,0.005
151,0.0287,-0.0158,0.0031,0.0056,-0.0448,-0.0355,-0.0243,1,0.005
152,0.0018,0.0077,0.0065,-0.0008,0.0533,0.0492,0.0097,-1,0.005
153,-0.008,0.002,-0.0101,-0.0094,-0.0148,-0.0119,-0.0039,1,0.005
154,0.009,-0.003,-0.0009,0.0029,-0.003,-0.0106,0.003,-1,0.005
155,-0.0229,-0.004,0.0048,0.0012,0.0083,0.0104,-0.0076,-1,0.005
156,0.0552,0,0.0104,0.0026,0.0072,0.0206,0.0021,1,0.005
157,0.0078,0.0194,-0.004,0.0074,0.0076,0.0067,0.0133,1,0.005
158,-0.0039,-0.0143,0.0053,-0.0008,-0.0036,-0.0033,-0.0009,1,0.005
159,0.0409,0.0103,-0.0003,-0.0009,0.0179,0.0154,0.0003,-1,0.005
160,-0.0133,-0.0115,0.0026,-0.002,-0.0229,-0.0205,-0.0025,1,0.005
161,0.0212,0.0051,0.0009,-0.0048,-0.0036,-0.0015,0.0024,-1,0.005
162,-0.002,0.0031,0.0185,0.0003,-0.0003,0.0282,0.0021,-1,0.005
163,0.004,-0.0326,0.0013,0.0013,0,0,0.0285,-1,0.005
164,0.0071,0.03,0.0043,-0.0042,-0.0364,-0.0581,0,0,0.005
165,-0.0362,-0.0225,-0.0008,-0.0009,-0.027,-0.0231,-0.0225,-1,0.005
166,0.0213,0.001,0.0032,-0.0047,0.0029,0.0098,0.004,-1,0.005
167,0.0364,-0.0048,-0.0016,-0.0043,-0.0258,-0.0057,0.0069,1,0.005
168,-0.0059,0.0076,-0.0014,0.0124,0.0052,0.0136,0.0206,-1,0.005
170,0.0036,0.0087,-0.0077,0,0.0094,0.012,0,0,0.005
171,-0.0081,0.0139,-0.0067,0.0007,0.005,0.0012,0.0026,1,0.005
172,-0.0286,-0.0119,-0.0062,-0.0038,-0.0258,-0.0297,-0.0038,1,0.005
173,-0.0322,-0.0087,-0.0076,-0.0072,0.004,0.0107,-0.004,-1,0.005
174,0,0.0246,-0.0002,0.0044,0.0257,0.0242,0.0066,1,0.005
175,0.0273,-0.003,-0.0032,0.0026,-0.0088,-0.0038,-0.0015,1,0.005
176,0.001,-0.0147,-0.0049,-0.0033,-0.0344,-0.0347,0.005,-1,0.005
177,0,-0.0144,-0.017,-0.0078,0.0057,0.0112,-0.0003,-1,0.005
178,0.018,-0.0087,-0.0144,0.0022,-0.0114,-0.0144,0.0055,1,0.005
179,-0.0239,-0.0095,-0.0081,0.0017,-0.0123,-0.0151,-0.0031,-1,0.005
180,-0.0018,-0.0019,0.005,-0.0002,0.0272,0.037,-0.0028,-1,0.005
181,0.0111,0.0176,0.002,0.0025,0.0073,0.0105,0.0095,1,0.005
182,-0.0264,0.0029,-0.0056,0.0003,0.0115,0.0097,0.0032,1,0.005
183,0.0273,0.005,0.0101,0.0069,0.0177,0.0196,-0.0018,1,0.005
185,-0.0172,0.0041,-0.0183,-0.001,0.0234,0.0297,0,0,0.005
186,0.0194,0.0051,0.0028,-0.0007,-0.0162,-0.0185,0.0062,1,0.005
187,0.0047,-0.002,0.0096,0.0022,-0.003,-0.0036,-0.0024,-1,0.005
188,0.0065,-0.002,-0.0058,0.0032,-0.0291,-0.0265,-0.0006,-1,0.005
189,0.0104,0.0129,-0.0036,-0.0008,-0.0038,0.0027,0.0027,-1,0.005
190,0.0084,0.012,-0.0091,-0.01,0.033,0.0461,0.0065,-1,0.005
191,0,0.0031,-0.0091,0.0036,0.0103,0.0283,0.0127,1,0.005
192,-0.0246,0.0287,-0.0037,-0.0063,-0.0051,0.0061,0.0178,1,0.005
193,0.015,-0.0074,0.0005,0.0089,-0.0547,-0.0585,0.0112,-1,0.005
194,-0.0286,0.0061,-0.012,0.0056,0.0175,0.0079,-0.0039,-1,0.005
195,0.0333,-0.0031,0.0024,0.0128,-0.0255,-0.0286,-0.0094,1,0.005
196,-0.0018,-0.004,0.0066,-0.0038,0.0012,0.0062,-0.0032,-1,0.005
197,0.0153,-0.01,-0.0187,0.0053,-0.0149,-0.0077,0.005,1,0.005
198,0.0092,0.0191,0.0033,0.0013,-0.0137,-0.0139,0.0074,-1,0.005
199,-0.0342,-0.0089,-0.0015,0.0041,0.0186,0.0168,-0.0003,-1,0.005
200,0.0427,0.0171,-0.0088,-0.0026,0.0715,0.0777,-0.0018,1,0.005
201,0.0412,0.0021,0.0003,0.0106,-0.0326,-0.0284,0.0057,1,0.005
202,-0.0412,0.0011,-0.0024,-0.0106,0.004,0.0094,0.0043,-1,0.005
203,-0.0029,-0.0011,0.0123,0.0014,-0.0009,0.0003,0.0053,1,0.005
204,-0.0038,0,0.0047,0.0037,-0.0259,-0.0196,0.0012,-1,0.005
205,-0.0141,0,-0.0001,0.0025,-0.0174,-0.004,0.0064,-1,0.005
206,-0.0212,-0.0131,-0.0021,-0.0064,-0.0033,0.0028,0.0137,-1,0.005
207,0.0163,-0.001,0.0039,0.0056,0.0133,0.0235,0.0061,-1,0.005
208,0.0595,0.0273,0.0255,-0.018,0.0646,0.075,0.01,1,0.005
209,0.0318,0.0135,0.0052,-0.0054,0.0178,0.0388,0.0098,1,0.005
210,0.007,0.0176,-0.0053,-0.0049,-0.0131,-0.0024,0.0206,1,0.005
211,0.0235,0.0048,-0.015,-0.0081,0.038,0.0463,0.0108,-1,0.005
212,0.0429,0.0217,-0.0093,-0.0084,0,0,0.008,1,0.005
213,-0.0341,-0.021,-0.0085,0.0079,-0.0083,-0.0112,0,0,0.005
215,0.0244,0.005,0.0074,0.0068,0.0169,0.0246,0.0055,1,0.005
216,0.0679,0.0168,0.0028,-0.0007,0.026,0.0361,0.0076,1,0.005
217,0.0114,0.004,0.0042,-0.0011,0.0188,0.0341,0.0098,1,0.005
218,-0.0254,0.0425,0.0159,-0.0043,0.0016,0.0065,0.015,1,0.005
219,-0.053,-0.0143,0.0041,0.0031,0.0511,0.0382,0.0049,1,0.005
220,-0.0038,-0.0262,-0.0056,0.046,-0.0051,-0.0691,-0.0123,1,0.005
221,-0.0039,-0.0027,0.0132,-0.0054,0.0024,-0.0012,-0.0644,-1,0.005
222,-0.028,-0.0241,0.0014,-0.0043,0.0112,0.0104,-0.0036,1,0.005
223,0.0088,-0.0027,0.0209,-0.0099,-0.0275,-0.0237,-0.0008,1,0.005
224,-0.0097,0.004,0.0214,0.0047,0.0589,0.0486,0.0039,-1,0.005
225,0.0696,-0.0164,-0.0034,0.0066,-0.0065,0.0008,-0.0098,1,0.005
226,0.0081,0.0168,-0.015,0.0035,0.0325,0.023,0.0073,-1,0.005
227,0.0376,0.0029,0.019,-0.0002,0.0364,0.0431,-0.0092,1,0.005
228,-0.0189,-0.0104,-0.0036,0.0069,0.0083,0.007,0.0065,1,0.005
229,-0.0176,-0.0193,0.0076,0.0101,-0.0061,-0.0244,-0.0013,1,0.005
230,-0.0136,-0.0145,-0.0022,0.0061,0.0152,0.0355,-0.0184,-1,0.005
231,-0.0409,0.0045,-0.0118,0.0076,0.0027,0.0071,0.0199,1,0.005
232,0.0259,0.009,-0.002,0.0078,0.0182,0.0177,0.0045,1,0.005
233,-0.0305,0.0123,-0.0311,-0.0012,0.0256,0.0358,-0.0005,1,0.005
234,0.0914,0.0078,-0.0048,0.0027,0.0197,0.0153,0.0099,1,0.005
235,-0.0157,0.0064,0.0121,0.0028,-0.0242,-0.0197,-0.0043,1,0.005
236,0.0051,0.0192,-0.0006,-0.0026,0.0324,0.0162,0.0047,-1,0.005
237,0.0029,0.0146,-0.0058,0.0012,-0.0362,-0.0322,-0.0157,1,0.005
238,-0.0274,-0.022,-0.0003,-0.0014,0.0159,0.0192,0.0041,-1,0.005
240,0.0034,-0.0097,0.0003,-0.0031,-0.0153,-0.012,0.0165,1,0.005
241,-0.0117,-0.0032,-0.0079,-0.0124,0.0457,0.0478,0.0034,-1,0.005
242,0.027,0.0171,0.0091,-0.0084,0.004,0.0258,0.002,1,0.005
243,0.0065,-0.0017,0.0065,-0.013,-0.0122,-0.0072,0.0217,1,0.005
244,-0.035,0,0,0.0002,-0.0122,0.0057,0.0051,-1,0.005
245,0.0048,0.0156,-0.0082,-0.0009,0.0184,0.0211,0.0181,-1,0.005
246,-0.0162,-0.0107,0.0011,-0.004,-0.039,-0.0433,0.0026,1,0.005
247,0.0031,-0.0017,0.0035,0.0005,0.0051,-0.008,-0.0045,-1,0.005
248,0.0036,0.0034,-0.0034,0.0017,-0.0191,0.001,-0.013,1,0.005
249,0.0568,0.0136,0.0052,-0.0029,0.0116,0.0199,0.0205,-1,0.005
250,0.0407,-0.0221,0.0036,0.003,-0.0297,-0.0476,0.0082,1,0.005
251,-0.1156,-0.005,-0.0153,0.0005,0.0168,0.0326,-0.0185,-1,0.005
252,0.0243,-0.0034,-0.0018,0.0011,0.0091,-0.0094,0.0156,1,0.005
253,0.0307,0.0033,-0.0067,-0.0005,-0.0108,-0.0299,-0.0184,1,0.005
254,-0.0436,-0.0227,-0.0199,-0.0136,-0.0096,0.0014,-0.0193,-1,0.005
255,-0.0067,0.0098,0.0017,0.0086,0.0005,-0.011,0.0111,-1,0.005
256,0.0365,-0.016,-0.0183,-0.0074,0.0058,0.0005,-0.0115,1,0.005
257,-0.038,-0.0269,-0.0109,-0.0053,-0.031,-0.0486,-0.0053,1,0.005
258,-0.0682,-0.0312,-0.015,-0.002,-0.0179,-0.0063,-0.0182,-1,0.005
259,0,0.0226,-0.0061,-0.0002,0.08,0.0665,0.0117,-1,0.005
260,-0.0092,0.0016,0.0201,0.0174,0.0303,0.0401,-0.0125,1,0.005
261,0.0376,-0.0146,0.0005,0.0114,-0.0436,-0.0482,0.0095,1,0.005
262,0.0221,-0.0185,-0.0052,0.0047,-0.0192,-0.015,-0.0048,-1,0.005
263,-0.0032,0.0141,-0.0059,-0.0029,0.0529,0.0436,0.0042,-1,0.005
264,-0.0564,-0.0128,-0.0027,0.0058,-0.0286,-0.0276,-0.0088,1,0.005
265,-0.0044,0.0063,0.0164,-0.012,0.0058,-0.0014,0.001,-1,0.005
266,0.0065,-0.0109,0.007,0.0035,-0.0242,-0.0122,-0.0071,1,0.005
267,0.0555,0.0078,0.0097,-0.0002,0.0786,0.0908,0.0122,-1,0.005
268,0.0377,0.0017,0.0249,0.0095,0,0,0.0113,1,0.005
269,0.0176,0.0118,0.0076,-0.0009,0.0317,0.0372,0,0,0.005
270,-0.0036,-0.0236,-0.0042,0.0046,0,0,0.0053,1,0.005
271,0.0041,-0.0034,0.0071,-0.01,0,0,0,0,0.005
272,0.0336,0.04,0.0109,-0.0029,0.0157,0.0375,0,0,0.005
273,0.0425,0.0274,0.0229,0.0018,0.0033,0.0033,0.0215,1,0.005
274,0.0406,-0.0092,-0.0057,0.0051,0.0203,0.0326,0,1,0.005
275,0.0332,0.025,0.0003,-0.0005,0.0288,0.0192,0.012,1,0.005
276,0.0272,-0.0272,-0.0293,0.0129,-0.0211,-0.02,-0.0093,1,0.005
277,-0.0101,0.0273,-0.0011,-0.0048,0.0133,0.0198,0.0011,-1,0.005
278,-0.0116,-0.0097,0.0002,-0.0005,-0.0424,-0.053,0.0064,1,0.005
279,-0.0047,-0.0202,-0.0132,0.0031,0,0.0067,-0.011,-1,0.005
280,0.0074,0.0056,-0.0078,-0.0182,0.0033,0.0022,0.0067,0,0.005
281,0.0319,-0.0036,0.0008,0.0038,-0.0441,-0.0196,-0.0011,1,0.005
282,0.052,0.0274,-0.0101,-0.0087,0.0275,0.045,0.0256,-1,0.005
283,-0.0387,0.0447,-0.0151,0.0125,0.008,-0.0028,0.0171,1,0.005
284,0,-0.0188,0.0033,-0.0023,-0.0966,-0.0919,-0.0108,1,0.005
286,0.0174,0.0235,0.0002,0.0035,0,0,0,0,0.005
287,-0.025,-0.0158,-0.0152,-0.0137,0.0052,0.0068,0,0,0.005
288,0.0146,-0.007,0.0034,0.003,0.018,0.0234,0.0016,1,0.005
289,0.0317,-0.0036,0.0043,-0.0055,0.0086,0.0184,0.0053,1,0.005
290,-0.0313,0,-0.0043,-0.0091,0.0459,0.0701,0.0098,1,0.005
291,0.0192,0.0114,0.0104,0.0059,-0.0276,-0.0006,0.0232,1,0.005
292,-0.0668,0.0193,-0.0012,-0.0029,-0.0188,-0.0204,0.0278,-1,0.005
293,-0.069,-0.0266,0.0061,-0.003,-0.0096,-0.0101,-0.0017,-1,0.005
294,-0.0338,0.0075,-0.0013,-0.0072,-0.005,0.0189,-0.0006,-1,0.005
295,0.0362,0.0056,0.0015,-0.0117,0.0017,-0.0102,0.024,-1,0.005
296,-0.027,0.0019,-0.0063,0.0129,-0.0118,0.0046,-0.0119,1,0.005
297,-0.0486,0.0152,0.0062,-0.0023,0.0221,-0.0277,0.0165,-1,0.005
298,-0.1363,-0.0548,-0.0123,0.0054,0.0209,0.0338,-0.0487,1,0.005
299,0.0098,0.0243,0.0024,-0.0086,0,0,0.0126,1,0.005
300,0.0228,0.0151,0.0225,0.0022,0.0198,0.0411,0,0,0.005
301,0.1319,0.0594,0.0099,0.0116,0.054,0.0742,0.0208,1,0.005
302,0.125,0.0484,0.0102,0.0048,0.0149,0.0427,0.0192,1,0.005
303,-0.0093,0.0251,0.007,-0.0143,0.0424,0.0616,0.0274,1,0.005
304,0.112,0.0319,0.0078,0.0035,-0.0275,-0.0167,0.0184,1,0.005
305,0.0385,0.0098,0.018,-0.0106,0.017,0.0316,0.0111,-1,0.005
306,0.0029,-0.0223,-0.0063,0.0101,-0.0238,-0.0183,0.0144,1,0.005
307,-0.0696,0.0025,0.0063,0.0051,-0.0014,-0.0294,0.0056,-1,0.005
308,-0.0444,-0.0213,-0.0037,0.0104,-0.0122,-0.0142,-0.0281,-1,0.005
309,0.0723,0.0285,0.0098,-0.0046,-0.0067,-0.0074,-0.002,-1,0.005
310,-0.0328,-0.0048,0.0037,0.0044,0.0088,-0.0158,-0.0007,-1,0.005
311,-0.0135,-0.0411,0.0059,0.0146,0.004,0.0195,-0.0244,1,0.005
312,0.1179,0,0.0106,-0.0022,0.0479,0.0427,0.0155,1,0.005
313,0.0042,0.0124,-0.005,0.0101,-0.0734,-0.0487,-0.0049,1,0.005
315,0.0923,0.0376,0.0031,-0.0072,-0.0008,0.0152,0.0466,1,0.005
316,0.0024,0.0055,0.0084,0.0508,-0.0674,-0.0736,0.0161,-1,0.005
317,-0.0388,-0.0428,-0.0043,-0.0012,-0.0175,-0.0358,-0.0067,-1,0.005
318,-0.0892,-0.0296,-0.0271,0.0006,0.0029,-0.0272,-0.0186,-1,0.005
319,-0.0145,-0.0095,0.0025,0.0319,-0.0285,-0.0298,-0.03,1,0.005
320,0.0702,-0.0047,-0.0049,-0.0061,0.0876,0.0908,-0.0014,-1,0.005
321,0.067,-0.0244,0.0057,0.0058,0.0644,0.0989,0.003,1,0.005
322,-0.0289,0.024,0.0153,0.006,-0.0337,-0.0501,0.0324,1,0.005
323,-0.0391,-0.038,0.0015,0.0016,-0.0794,-0.0781,-0.0169,-1,0.005
324,-0.0355,-0.0047,0.0036,0.0031,-0.0316,-0.0188,0.0014,-1,0.005
325,0.0171,0.0233,0.0055,-0.001,0.0391,0.0661,0.0132,-1,0.005
326,0.0817,0.0525,-0.0043,-0.005,0.0475,0.0549,0.026,1,0.005
327,0.0023,-0.0078,0.0355,0.0113,-0.0222,-0.0093,0.0071,1,0.005
329,-0.0445,-0.0307,0.0015,0.0053,-0.0272,-0.0046,0,0,0.005
330,-0.0419,0.0101,0.0008,-0.0046,0.0031,0.0369,0.0232,-1,0.005
331,0.0181,0.0349,0.0139,-0.0065,-0.0545,-0.0235,0.0337,1,0.005
332,0.0221,0.0266,-0.0042,0.0137,-0.0512,-0.0773,0.0329,-1,0.005
333,0.0234,-0.0123,0.003,0.0013,-0.005,0.008,-0.0274,-1,0.005
335,-0.0474,-0.0575,-0.0062,0.0177,-0.0939,-0.0819,-0.0117,-1,0.005
336,0.1025,0.03,0.0149,-0.0072,0.0057,-0.0198,0.0132,-1,0.005
337,-0.0433,-0.0391,-0.0068,0.0045,-0.0392,-0.0392,-0.0253,1,0.005
338,0.1143,-0.0141,-0.0053,-0.0081,-0.0065,-0.0088,0,-1,0.005
339,-0.0716,0,-0.0226,-0.0087,0.0828,0.0487,-0.0024,-1,0.005
340,-0.0702,-0.0292,0.003,-0.0015,-0.0037,-0.0012,-0.0315,1,0.005
341,-0.0622,-0.0622,-0.0272,0.0116,-0.0667,-0.0872,0.0025,-1,0.005
342,-0.059,-0.0222,-0.0013,0.0107,-0.0363,-0.0379,-0.0219,-1,0.005
343,-0.0108,0.0054,0.0084,0.0021,0.0318,0.0388,-0.0016,-1,0.005
344,0.0142,0.0055,-0.0187,0.0143,-0.0177,-0.016,0.0067,1,0.005
345,-0.0083,0.0072,-0.0082,-0.0031,-0.0201,-0.0169,0.0017,-1,0.005
346,-0.0177,-0.0126,0.0068,-0.0087,-0.0043,0,0.0033,-1,0.005
347,-0.0171,-0.0036,0.0234,-0.0031,-0.0033,0.0005,0.0044,-1,0.005
348,0,0.0054,-0.0161,-0.0027,-0.0043,-0.0005,0.0038,-1,0.005
350,0.0118,0.0018,0.0018,0.0035,0.0071,0.0297,0,0,0.005
351,0.01,0.0406,0.0019,-0.0061,0.0235,0.0378,0.0224,1,0.005
352,0.0473,0.0213,-0.0095,-0.0035,-0.0052,-0.0058,0.0139,1,0.005
353,0.0034,0.0039,0.0167,0.0084,0.0297,0.0267,-0.0006,-1,0.005
354,0.0023,0.018,0.024,0.0085,-0.022,-0.0327,-0.003,1,0.005
355,-0.0702,-0.0078,-0.0136,-0.0209,0.0289,0.0369,-0.0109,-1,0.005
356,-0.0291,0.0344,0.0019,0.0064,-0.0083,0.003,0.0077,1,0.005
357,0.0307,0,-0.0237,-0.0026,-0.0048,-0.0059,0.0113,-1,0.005
358,-0.0349,-0.0081,-0.0052,-0.0101,0.0108,0.0102,-0.0012,-1,0.005
359,-0.0675,-0.042,0.0259,0.0127,-0.0006,0.0042,-0.0006,1,0.005
360,-0.0486,0.002,-0.0006,-0.0038,0.0018,0.0103,0.0048,-1,0.005
361,-0.0332,0,0.0031,0.0028,-0.0436,-0.0562,0.0085,1,0.005
362,-0.025,-0.0193,0.0037,0.001,-0.0354,-0.0449,-0.0132,-1,0.005
363,-0.0876,-0.0345,-0.0138,-0.0061,-0.0199,-0.0027,-0.0099,-1,0.005
364,-0.0083,0.0145,0.0117,-0.0012,0.006,-0.0065,0.0175,-1,0.005
365,-0.0078,-0.0321,0.0113,0.0054,-0.015,-0.0228,-0.0125,1,0.005
366,-0.0066,-0.0139,-0.0121,-0.009,-0.0187,0.0011,-0.008,-1,0.005
367,0.016,0.0244,0.0027,-0.0075,0.025,0.0444,0.0202,-1,0.005
368,0.008,0.0275,-0.0026,0.003,-0.0164,-0.019,0.0189,1,0.005
369,-0.0309,-0.018,-0.0103,-0.0073,0.0127,0.0183,-0.0027,-1,0.005
371,-0.0488,0.0091,0.0018,-0.0008,0,0,0.0044,-1,0.005
372,0.0159,0.0313,0.0189,0.0038,-0.0039,-0.0028,0,0,0.005
373,0.0105,0.0037,-0.0097,-0.0007,-0.029,-0.029,0.0011,-1,0.005
374,-0.0034,-0.0175,-0.0136,-0.0047,0.0158,0.0164,0,-1,0.005
375,-0.0364,0.0036,-0.0026,0.0042,0.0206,0.028,0.0005,1,0.005
376,0.0035,0.015,-0.006,0.0039,-0.0273,-0.0315,0.0073,1,0.005
377,0.0113,-0.0162,-0.0005,-0.0104,0.0115,0.0279,-0.0043,-1,0.005
378,-0.0151,0.0532,-0.0254,-0.0093,0.0323,0.0264,0.0162,1,0.005
379,-0.001,-0.0038,0.0005,-0.0007,-0.0354,-0.0412,-0.0057,1,0.005
380,-0.0088,-0.0148,-0.0135,-0.0049,0,0,-0.006,-1,0.005
381,-0.0315,-0.0126,-0.0031,-0.0007,-0.0044,0.0105,0,0,0.005
382,-0.0574,0.0018,-0.0075,-0.0044,-0.0317,-0.0384,0.015,-1,0.005
383,-0.0323,-0.0177,-0.0054,-0.0014,0.0642,0.0157,-0.0069,-1,0.005
384,-0.0185,0.0071,-0.0051,-0.0113,-0.0171,-0.0197,-0.0456,1,0.005
385,-0.044,-0.0035,-0.0235,0.0009,-0.0452,-0.0471,-0.0027,-1,0.005
386,0.0059,0.005,-0.0069,-0.0065,-0.013,0.003,-0.002,-1,0.005
387,0.0139,0.0367,0.005,-0.0178,0.0082,0.015,0.0163,-1,0.005
388,0.0219,0.0237,0.0043,-0.0027,-0.0334,-0.03,0.0067,1,0.005
389,0.0154,-0.0197,-0.0049,-0.0033,-0.0481,-0.0668,0.0035,-1,0.005
390,-0.0144,-0.0032,-0.0104,-0.0155,0.0104,0.0195,-0.0196,-1,0.005
391,0.052,0.0299,0.0009,0.0048,0.0189,0.0024,0.009,1,0.005
392,-0.0651,-0.0298,0.0043,0.0044,0.0175,-0.0005,-0.0162,1,0.005
393,-0.035,0.0047,-0.0021,-0.0004,0.0116,0.0264,-0.0176,1,0.005
394,0.017,-0.0063,-0.008,-0.0024,-0.0498,-0.0281,0.0147,1,0.005
395,0.0285,0.0235,-0.0004,-0.0036,0,0,0.0228,-1,0.005
396,-0.0137,-0.011,0.0018,-0.0061,0.051,0.038,0,0,0.005
397,-0.0793,-0.03,0.0048,0.0069,-0.0647,-0.0638,-0.0123,1,0.005
398,-0.0475,0,-0.01,-0.0039,-0.0078,-0.0046,0.0009,-1,0.005
399,0.0186,0.0074,-0.007,-0.0028,-0.0163,-0.0055,0.0032,-1,0.005
400,0.0009,0.0103,0.0007,0.0017,0,0.0125,0.011,-1,0.005
401,-0.007,-0.0236,0.0042,0.0036,0.007,0.0014,0.0125,0,0.005
402,-0.0591,0.012,-0.0001,0.0095,-0.0187,-0.0284,-0.0056,1,0.005
403,0.0017,-0.0203,-0.0016,0.0042,0.0307,0.0705,-0.0099,-1,0.005
404,0.0809,0.0622,0.0202,0.0075,0.0905,0.1152,0.0386,1,0.005
405,0.0301,0.0154,-0.0088,-0.0021,0.0054,0.0237,0.0226,1,0.005
406,0.1139,0.0244,-0.0012,-0.0054,0.054,0.0589,0.0182,1,0.005
407,0.0248,0.015,0.0045,0.0075,0.0023,0.0136,0.0047,1,0.005
408,0.0049,0.0368,-0.0004,-0.0084,0.0065,0.0138,0.0112,1,0.005
410,-0.0297,-0.037,-0.0187,-0.0021,-0.0314,-0.0153,0,0,0.005
411,-0.0477,-0.0058,0.027,-0.0136,-0.0397,-0.0174,0.0165,-1,0.005
412,0.0261,0.0019,0.0009,-0.011,-0.0254,-0.0548,0.0232,-1,0.005
413,-0.0664,-0.0306,-0.013,-0.007,-0.0515,-0.046,-0.0302,-1,0.005
414,-0.023,-0.0188,-0.0094,-0.0034,0,0,0.0058,-1,0.005
415,-0.045,0.0336,0.0007,0.0163,0.0084,0.0058,0,0,0.005
416,0.0119,-0.0345,0.0027,0.0091,0.065,0.0292,-0.0026,1,0.005
417,-0.077,-0.0279,-0.0312,-0.0031,-0.0672,-0.0615,-0.0336,1,0.005
418,-0.0257,-0.0033,0.0026,-0.0054,0.0077,-0.0056,0.0061,-1,0.005
419,-0.0123,-0.0082,-0.0319,0.0045,-0.0217,0.0005,-0.0131,1,0.005
420,-0.0128,0.0178,0.0037,-0.0015,0,0,0.0228,-1,0.005
421,0.0176,0.0415,0.0096,0.0115,-0.0095,0.0249,0,0,0.005
422,0.0028,0.0034,0.0089,-0.0034,-0.0446,-0.0474,0.0347,-1,0.005
423,0.0287,-0.0033,-0.0149,-0.002,0.0337,0.0443,-0.003,-1,0.005
424,-0.022,0.0253,-0.0029,-0.0081,-0.0315,-0.0276,0.0103,1,0.005
425,-0.0144,0.0184,0.0073,0.0008,0.0337,-0.0015,0.004,-1,0.005
426,-0.0278,-0.0265,0.0008,-0.0148,0.0406,0.0684,-0.034,1,0.005
427,0.0039,-0.0105,0.0326,-0.0028,0.0326,0.0406,0.0267,1,0.005
429,-0.1074,-0.0088,-0.0114,0.0042,-0.0411,-0.0509,0.0038,-1,0.005
430,0,0.0083,0.0161,-0.0086,0.0413,0.0441,-0.0102,-1,0.005
431,-0.0009,-0.0017,0.0079,-0.0064,-0.0172,-0.0069,0.0027,1,0.005
432,0.036,-0.0206,-0.0136,0.0024,-0.0181,-0.0395,0.0106,-1,0.005
433,0,0.0427,0.0025,0.0003,0.0218,0.0218,-0.0218,-1,0.005
434,0.0291,0.0243,0.0047,0.005,0.0089,0.0592,0,1,0.005
435,0.0351,0.0683,0.0277,-0.0046,0.0358,0.0655,0.0499,1,0.005
436,0.0154,-0.0038,-0.0214,-0.009,0.0148,-0.0098,0.0286,1,0.005
437,0.0885,-0.0454,0.0063,-0.0205,0.0397,0.0654,-0.0243,1,0.005
438,-0.0407,0.0313,-0.0016,0.0054,-0.0933,-0.1427,0.0247,1,0.005
439,0.0245,-0.043,0.0061,0.0035,-0.0247,-0.0406,-0.0544,-1,0.005
440,-0.0483,-0.018,0.0238,0.0248,-0.0333,-0.038,-0.0162,-1,0.005
441,-0.0315,0.0064,-0.0053,0.0084,0,-0.0034,-0.0049,-1,0.005
442,0.0142,-0.0094,-0.0162,-0.002,-0.0223,-0.0205,-0.0034,0,0.005
443,-0.0083,-0.0138,-0.005,0.0059,-0.0187,-0.0196,0.0019,-1,0.005
444,0.0223,0.0214,-0.0021,-0.0022,0.0298,0.0358,-0.0009,-1,0.005
445,0.0127,-0.0153,0.007,0.0005,-0.104,-0.0918,0.0058,1,0.005
446,0.0672,-0.0097,0.0217,0.0162,-0.0804,-0.0785,0.0136,-1,0.005
447,-0.0956,-0.0102,-0.0174,0.011,-0.0518,-0.0333,0.002,-1,0.005
448,0.086,0.0338,0.0285,0.0095,-0.0252,-0.0116,0.0196,-1,0.005
449,0.0816,0.0137,-0.0009,0.0052,-0.0061,0.0213,0.0139,-1,0.005
450,0.0187,0.0126,-0.0038,0.0046,-0.0178,-0.0086,0.0276,-1,0.005
451,0.0254,-0.0342,-0.0039,0.0069,-0.0023,0.002,0.0094,-1,0.005
452,0.0515,0.0102,0.0023,0.0026,0.0075,0.0039,0.0043,-1,0.005
453,-0.0445,-0.0227,-0.0043,-0.0023,-0.0235,-0.0253,-0.0035,1,0.005
454,0.0278,-0.0171,-0.0092,0.0059,-0.0065,0.0031,-0.0019,-1,0.005
455,-0.0292,0.0074,-0.0095,-0.0008,-0.0207,-0.0042,0.0096,-1,0.005
456,-0.0067,0.0147,-0.0019,-0.0023,-0.0004,0.0136,0.0169,-1,0.005
457,-0.0017,0.0214,0.0131,-0.0019,-0.0008,0.0012,0.014,-1,0.005
458,-0.0723,-0.0126,-0.0109,0.0028,-0.0258,-0.0298,0.0019,-1,0.005
459,-0.0342,-0.0171,0.0058,0.007,-0.0178,-0.0225,-0.0042,-1,0.005
460,-0.0156,0,-0.0194,-0.0019,0.0273,-0.0044,-0.0048,-1,0.005
461,-0.0191,-0.0262,-0.0137,-0.0054,0.0085,-0.0018,-0.0309,1,0.005
462,-0.0137,-0.0012,-0.0068,-0.0026,-0.0398,-0.0478,-0.0103,1,0.005
463,-0.0183,-0.0334,0.001,-0.0173,-0.0185,-0.0161,-0.0084,-1,0.005
464,-0.0266,-0.0011,-0.0128,-0.0091,0.0108,0.0132,0.0024,-1,0.005
465,0.0137,-0.0011,0.0001,-0.0015,-0.0127,-0.0127,0.0024,1,0.005
466,-0.0011,-0.0044,-0.006,-0.0041,0.0028,0.0017,0,-1,0.005
467,0.002,-0.0011,-0.0021,-0.0038,-0.0156,-0.0156,-0.001,1,0.005
468,-0.0201,0.0217,0.0064,-0.0035,0.019,0.0092,0,-1,0.005
469,-0.0207,0.0268,-0.0036,-0.0011,0.0432,0.0526,-0.0096,1,0.005
470,-0.0087,0.0023,0.0114,-0.0053,-0.0394,-0.0467,0.009,1,0.005
471,0.0341,-0.0492,0.0163,0.0079,-0.06,-0.081,-0.0075,-1,0.005
472,-0.0327,-0.005,-0.0251,-0.0093,-0.0273,-0.0297,-0.0224,-1,0.005
473,-0.0563,-0.0116,-0.0291,-0.0016,-0.0245,-0.0419,-0.0024,-1,0.005
475,0.0128,-0.0184,-0.0051,-0.007,-0.0128,-0.0139,0.0026,-1,0.005
476,-0.0192,-0.0046,0.0054,-0.0045,0.0109,0.0106,-0.0011,-1,0.005
477,-0.0485,-0.0064,-0.0053,-0.0058,0.0084,0.0084,-0.0003,1,0.005
478,0.0136,-0.0157,-0.0035,0.003,-0.0012,-0.0123,0,1,0.005
479,-0.0182,0.0027,0.0051,-0.0005,-0.0232,-0.0264,-0.0112,-1,0.005
480,-0.0085,-0.0133,-0.0032,-0.0032,0.0205,0.0199,-0.0033,-1,0.005
481,-0.0025,0.0009,0.0038,-0.0032,-0.0051,-0.002,-0.0006,1,0.005
482,-0.0101,-0.0018,0.0145,-0.0065,-0.0008,-0.0006,0.0031,-1,0.005
483,0.0017,-0.0062,-0.0018,-0.0125,0.006,0.0097,0.0003,-1,0.005
484,0.0035,0.0099,-0.0177,-0.0021,0.0043,0.0095,0.0037,1,0.005
485,0.0009,0.0155,-0.0149,0.0081,0.0032,0.0032,0.0052,1,0.005
486,-0.0043,0.0037,-0.0034,-0.0014,-0.0344,-0.0328,0,1,0.005
487,-0.0136,-0.0115,-0.0118,-0.002,-0.016,-0.0157,0.0017,-1,0.005
488,0.0059,0.008,-0.0087,0.0035,-0.0328,-0.0133,0.0003,-1,0.005
489,-0.0042,0.0113,0.0051,-0.0004,-0.0155,-0.0223,0.0201,-1,0.005
490,-0.0173,0.0043,-0.0213,-0.0024,0.0078,0.0162,-0.0069,-1,0.005
491,0.0401,0.0147,0.007,0.0039,0.0173,0.0134,0.0084,1,0.005
492,0.0485,0.0304,0.0023,0.0017,0.0156,0.0311,-0.0038,1,0.005
493,-0.0242,0,-0.0005,0.0006,-0.0346,-0.0315,0.0152,1,0.005
494,0.0055,0.0018,0.0046,0.0051,-0.0041,-0.0076,0.0033,-1,0.005
495,-0.0457,-0.0113,-0.0157,-0.0087,-0.0305,-0.0218,-0.0035,-1,0.005
496,-0.0226,-0.0059,0,-0.0032,-0.0331,-0.0331,0.009,-1,0.005
497,0.0367,0.0008,0.0051,0.0078,-0.0114,-0.0149,0,-1,0.005
498,-0.0338,-0.0152,-0.0067,-0.0052,-0.0015,0.0064,-0.0035,-1,0.005
499,0.0034,0.013,-0.0182,-0.0006,0.0013,-0.0015,0.0079,-1,0.005
500,-0.034,0.0107,-0.0033,0,0.021,0.0269,-0.0028,1,0.005
501,-0.0025,-0.0008,-0.0039,-0.003,-0.0154,-0.0179,0.0057,1,0.005
502,-0.0261,0.0386,-0.0128,-0.0091,-0.0327,-0.0216,-0.0026,-1,0.005
504,-0.0125,-0.0039,-0.0152,-0.0028,-0.0134,-0.0134,-0.001,-1,0.005
505,-0.0216,-0.0137,0.0015,-0.0062,-0.0353,-0.0326,0,-1,0.005
506,-0.016,0.0096,-0.0047,0.0009,0.0089,0.0047,0.0028,-1,0.005
507,-0.0076,-0.0104,-0.0233,-0.0103,0.0206,0.0185,-0.0042,1,0.005
508,-0.0149,-0.012,-0.0041,0.0036,0.0019,0.0038,-0.0021,1,0.005
509,-0.0066,-0.003,-0.0002,0.0023,-0.0248,-0.0205,0.0019,1,0.005
510,0.0144,0,-0.0109,-0.0006,-0.0104,-0.0156,0.0044,-1,0.005
511,-0.0068,-0.0138,-0.0039,0.0154,-0.0167,-0.0005,-0.0053,-1,0.005
512,-0.0128,0.0044,0.01,0.0114,-0.0505,-0.0523,0.0165,-1,0.005
513,0.0166,0.0042,0.0011,-0.0027,0.0374,0.0567,-0.002,-1,0.005
514,0.0077,0.0145,-0.0054,-0.0009,-0.0093,-0.0009,0.0186,1,0.005
515,-0.0304,-0.0036,0.0057,0.0008,-0.0011,-0.0091,0.0085,-1,0.005
516,-0.0112,-0.0171,-0.0005,-0.0014,-0.0259,-0.0289,-0.0079,-1,0.005
517,0.0274,-0.0007,0.0038,0.0016,0.0693,0.0673,-0.0031,-1,0.005
518,0,-0.0052,-0.0013,0.0064,0.0019,0.0122,-0.0019,1,0.005
519,0.0258,0.0113,0.0124,-0.0009,0,0,0.0102,1,0.005
520,-0.018,-0.003,0.0336,-0.0163,0.0289,0.0135,0,0,0.005
521,-0.0117,-0.0128,0.0145,0.0042,-0.0086,-0.0229,-0.015,1,0.005
522,-0.0054,0.009,0.0019,0.0044,0.0168,0.009,-0.0144,-1,0.005
523,0.0332,-0.0112,0.0018,0.0117,0.0199,0.0249,-0.0076,1,0.005
524,0.0447,-0.0106,0.0234,-0.0062,-0.0243,-0.0312,0.0049,1,0.005
525,0.0201,0,0.0164,0.0098,-0.0024,0.0024,-0.0071,-1,0.005
526,0.0171,0.0045,-0.0067,-0.0085,-0.0009,-0.0005,0.0047,-1,0.005
527,0.0068,0.006,-0.0176,0.0021,0.0125,0.0154,0.0005,-1,0.005
528,0.0377,0.0113,-0.0135,-0.0003,-0.0109,-0.0159,0.0029,1,0.005
529,-0.0333,0.0015,0.0039,0.0073,0.0355,0.035,-0.005,-1,0.005
530,0.0123,-0.0038,0.0162,-0.0024,-0.0157,-0.0104,-0.0005,1,0.005
531,0.0054,0.0136,0.0082,0.0077,0.0284,0.0284,0.0053,-1,0.005
532,0.0898,0.0008,-0.0067,-0.0029,0,0,0,1,0.005
533,0.0167,-0.0267,-0.0069,-0.0023,-0.0055,-0.0089,0,0,0.005
534,-0.0443,-0.0015,-0.0024,0.0077,0.0385,0.0396,-0.0035,-1,0.005
535,0.0466,0,0.0007,-0.0067,-0.0018,0.0054,0.001,1,0.005
536,0.0107,-0.0032,-0.0075,-0.0045,-0.0173,-0.021,0.0072,-1,0.005
537,0.0729,0.0094,0.0136,-0.0039,0.0259,0.0326,-0.0038,-1,0.005
538,0,0.0129,-0.0087,0.0132,0.0031,0.0071,0.0065,1,0.005
540,-0.035,0.0065,-0.0053,-0.0049,0,0,0,0,0.005
541,0,0.0032,-0.0034,-0.0026,-0.0034,0.0034,0,0,0.005
542,-0.0548,0.0164,-0.0147,-0.0002,-0.0063,0.0019,0.0069,-1,0.005
543,-0.0158,0,0.001,-0.0061,-0.0097,0.004,0.0082,-1,0.005
544,-0.0276,-0.013,-0.0162,-0.004,-0.0084,0.0005,0.0138,-1,0.005
545,-0.069,0.0041,0.012,0.0079,-0.0344,-0.0432,0.009,-1,0.005
546,0.023,-0.0103,0.003,0.0077,0.0144,0.0152,-0.0091,-1,0.005
547,-0.0449,0.0056,0.007,0.007,0.012,0.0152,0.0008,1,0.005
548,0.0855,0.017,0.0052,0.0014,-0.0122,0.0165,0.0031,1,0.005
549,0.1546,0.032,0.0331,0.0078,-0.0231,-0.0191,0.029,-1,0.005
550,0.0187,-0.0186,0.0292,0.0086,-0.0212,-0.0126,0.0042,-1,0.005
551,-0.0137,0.0325,-0.0241,0.0002,-0.0276,0.0054,0.0088,-1,0.005
552,-0.0201,0.0065,-0.0082,-0.004,0.0316,0.0399,0.034,-1,0.005
553,-0.0901,0.0025,-0.0065,-0.0036,-0.0521,-0.0531,0.0081,1,0.005
554,-0.0703,-0.019,0.0067,0.0066,-0.0307,-0.0234,-0.001,-1,0.005
555,0.0223,0.0125,0.0188,-0.0002,0.0306,0.041,0.0075,-1,0.005
556,-0.0104,0.0073,-0.0115,-0.0102,-0.0268,-0.0248,0.0101,1,0.005
557,-0.0622,-0.0079,-0.0137,-0.0017,-0.0015,-0.0075,0.002,-1,0.005
558,0.0141,-0.007,0.0245,-0.0019,-0.0451,-0.0526,-0.006,-1,0.005
559,-0.0155,-0.0067,-0.0068,-0.0169,0,0,-0.0079,-1,0.005
560,0.0122,0.0081,-0.0043,-0.003,-0.0118,-0.0106,0,0,0.005
561,-0.0336,0.0095,0.0075,0.0051,-0.056,-0.0435,0.0012,-1,0.005
562,0.0247,0.0028,-0.0131,-0.0028,0.0139,0.0176,0.0133,-1,0.005
563,-0.0267,0.0021,0.0011,-0.0034,-0.003,0.0046,0.0037,1,0.005
564,-0.0042,0.015,0.0082,-0.0005,0.0308,0.043,0.0076,-1,0.005
565,0.0265,0.0074,0.0108,-0.0011,-0.0271,-0.0119,0.0118,1,0.005
566,-0.0111,0.0229,0.0054,0.0017,-0.0085,-0.0028,0.0157,-1,0.005
567,0.0245,0.0051,0.0224,-0.0064,-0.0369,-0.0373,0.0057,-1,0.005
568,-0.0465,0.0072,-0.0056,-0.0029,0.0048,0.0104,-0.0005,-1,0.005
569,0.0364,-0.0043,-0.0074,0.0006,-0.0207,-0.008,0.0055,1,0.005
570,0.0026,0.018,0.0041,0.0008,0.0688,0.0675,0.013,-1,0.005
571,0.0555,-0.0144,0.0171,-0.0041,-0.0229,-0.03,-0.0012,1,0.005
572,-0.0108,-0.027,-0.0138,-0.0162,0,0,-0.0073,-1,0.005
574,0.1001,0.0131,-0.0047,0.0032,-0.0049,-0.0021,0.0134,-1,0.005
575,0.1049,0.0206,0.0194,-0.0034,0.018,0.0211,0.0028,-1,0.005
576,-0.0308,0.0008,0.0004,-0.0078,0.0109,0.0092,0.0031,1,0.005
577,-0.0734,0.0038,-0.0068,-0.004,0.0289,0.0276,-0.0017,1,0.005
578,-0.0221,0.0008,0.0055,0.0006,-0.0369,-0.0465,-0.0012,1,0.005
579,0.0057,-0.0007,-0.0028,-0.0199,0.0149,0.0135,-0.01,-1,0.005
580,0.0697,-0.011,0.0045,-0.0042,-0.0335,-0.0406,-0.0014,1,0.005
581,-0.0077,-0.0114,0.0047,0.0061,0.0215,0.028,-0.0074,-1,0.005
582,0.1522,0.0364,0.0294,-0.008,0.0483,0.0631,0.0064,1,0.005
583,0.0566,0,-0.0063,-0.0038,-0.0065,-0.0186,0.0141,1,0.005
584,0.0065,-0.0008,0.0204,0.0161,-0.0052,0.0025,-0.0121,-1,0.005
585,-0.0239,0.0008,-0.0003,-0.0112,0.0098,0.0015,0.0077,-1,0.005
586,-0.0308,-0.022,0.0022,-0.0038,-0.0247,-0.0297,-0.0082,1,0.005
587,0.048,0.0172,-0.0204,0.0049,0.0122,0.0093,-0.0051,-1,0.005
589,-0.0851,-0.0104,-0.0233,-0.0052,0.0093,0.0214,0,0,0.005
590,0.0815,0.0354,-0.0135,0.0034,-0.0132,0.0073,0.0119,1,0.005
591,0.0246,0.03,0.0086,-0.0026,-0.028,-0.022,0.0208,-1,0.005
592,0.0777,0.0106,0.0038,0.0128,0.055,0.057,0.0061,-1,0.005
594,0.0753,0.0272,0.0154,0.0047,0.0086,0.0187,0.0091,-1,0.005
595,-0.0861,0.0364,0.015,0.0157,0.0064,0.0085,0.01,1,0.005
596,-0.1433,0.0025,-0.0505,0.0067,-0.0688,-0.0806,0.0021,1,0.005
597,-0.0311,-0.0233,-0.0284,-0.0033,-0.0116,-0.008,-0.0127,-1,0.005
598,-0.0206,-0.0038,-0.0104,0.0058,-0.0039,-0.0075,0.0036,-1,0.005
599,-0.0313,-0.0127,-0.0075,0.0008,-0.0285,-0.0128,-0.0036,-1,0.005
600,0.0057,0.0141,-0.01,-0.0119,-0.0038,0.0072,0.0162,-1,0.005
601,-0.076,0.0231,-0.0059,-0.0068,0,-0.0002,0.011,-1,0.005
602,0,-0.0038,-0.0036,0.0108,-0.0408,-0.0489,-0.0002,0,0.005
603,-0.0413,-0.0181,-0.0161,0.0083,-0.0121,-0.0112,-0.0084,-1,0.005
604,-0.0026,0.0029,-0.0049,-0.0004,0.0134,0.0139,0.0009,-1,0.005
606,-0.0078,0,-0.0115,-0.0121,0.0042,0.0101,-0.0037,1,0.005
607,-0.0136,-0.0118,0.0022,0.0076,-0.0169,-0.0137,0.0059,1,0.005
608,0.0068,0.0067,-0.0007,-0.0099,0.0289,0.0376,0.0033,-1,0.005
609,0,0.0091,-0.0103,0.0127,0.0142,0.0105,0.0084,1,0.005
611,-0.0052,0.0023,-0.0043,-0.0001,-0.0027,0.0054,0,0,0.005
612,0.0215,0.0015,0.0005,0.0012,-0.0276,-0.0313,0.0081,-1,0.005
613,-0.0196,-0.0007,-0.0065,-0.0132,-0.0136,0.0125,-0.0038,-1,0.005
614,-0.0051,0.0506,0.0164,0.0055,0.0104,0.0221,0.0264,-1,0.005
615,-0.0127,0.0154,-0.0106,-0.0068,-0.0066,0.0142,0.0115,1,0.005
616,0.0759,0.0267,-0.0025,-0.0072,0.035,0.0377,0.0209,-1,0.005
617,-0.0363,-0.005,-0.0004,-0.0011,-0.0683,-0.0777,0.0026,1,0.005
618,-0.0292,-0.0323,-0.0013,0.0061,-0.0141,-0.0278,-0.01,-1,0.005
619,-0.0385,-0.0473,0.0035,-0.0021,-0.0251,-0.0273,-0.0139,-1,0.005
620,-0.029,-0.0021,0.0114,0.0036,-0.0047,-0.0029,-0.0023,-1,0.005
621,-0.0237,-0.0147,-0.0042,0.0011,0.0118,0.0084,0.0018,-1,0.005
622,-0.0174,0.005,0.0179,0.0288,-0.0419,-0.0516,-0.0034,1,0.005
623,-0.0074,-0.0093,-0.0094,-0.0015,-0.0221,-0.0372,-0.0101,-1,0.005
624,-0.0258,-0.0058,0.0002,0.0037,0.0121,0.0194,-0.0155,-1,0.005
625,-0.0206,0.0179,0.011,-0.0046,0.018,0.0273,0.0072,1,0.005
626,-0.0029,0.0108,-0.0031,0.0091,0.0059,0.0079,0.0091,1,0.005
627,0.0021,-0.0075,-0.0002,-0.0048,0.0171,0.0104,0.002,1,0.005
628,-0.0388,-0.0169,0.0188,0.0436,-0.01,-0.0201,-0.0066,1,0.005
629,-0.0707,-0.0134,-0.0292,-0.0138,-0.0214,-0.0294,-0.0102,-1,0.005
631,-0.0157,0.0104,0.0022,0,0.0212,0.0242,0.0056,-1,0.005
632,0.0142,-0.0118,-0.0172,-0.0063,-0.0068,-0.0017,0.003,1,0.005
633,0.0006,-0.0026,-0.0077,0.003,-0.0216,-0.0076,0.0051,-1,0.005
634,0.0693,0.0189,-0.0008,-0.0035,0.0076,0.0128,0.0143,-1,0.005
635,-0.0322,-0.0046,-0.0083,-0.0033,-0.0221,-0.0241,0.0051,1,0.005
636,-0.0108,-0.0193,0.0142,0.0051,-0.0314,-0.0265,-0.0021,-1,0.005
637,-0.0173,0.0038,-0.013,0.0064,0.0444,0.0378,0.0051,-1,0.005
638,0.0253,-0.0013,-0.002,-0.0033,-0.0031,-0.0092,-0.0063,1,0.005
639,0.0006,0.0026,0.0194,0.0248,0.0184,0.0197,-0.006,-1,0.005
640,-0.0272,-0.0098,-0.01,-0.0008,-0.0348,-0.0259,0.0013,1,0.005
641,-0.0006,0.0006,-0.0044,-0.0012,-0.0096,-0.0102,0.0093,-1,0.005
642,-0.0357,-0.0019,0.0036,0.0056,-0.0039,-0.0037,-0.0006,-1,0.005
643,0.0055,-0.0031,-0.0048,-0.0087,-0.0147,-0.0039,0.0002,-1,0.005
644,-0.0067,-0.0056,0.0047,0.0199,-0.0158,-0.0189,0.011,-1,0.005
645,0.0155,0.0104,0.008,-0.0009,0,0,-0.0032,-1,0.005
646,-0.0151,-0.0152,0.0002,-0.0138,-0.0495,-0.0435,0,0,0.005
647,-0.0116,-0.0094,-0.0135,-0.0041,0,0,0.0063,-1,0.005
648,0.0141,0.0035,0.0045,0.003,0.0212,0.0246,0,0,0.005
649,-0.0006,0.0132,-0.0048,-0.0161,0.0137,0.0115,0.0033,1,0.005
650,-0.0345,0,-0.009,-0.0143,-0.0069,-0.009,-0.0022,1,0.005
651,0.0219,-0.0043,0.0058,-0.004,0.0155,0.0188,-0.0022,-1,0.005
652,0.0112,0.0142,0.0043,-0.0018,0.0125,0.0064,0.0032,1,0.005
653,-0.0405,-0.0068,0.0125,0.0017,-0.0062,0.0008,-0.006,1,0.005
654,-0.0042,0,-0.0025,-0.0009,0,0,0.007,-1,0.005
655,0.003,-0.0031,0.0038,-0.0102,-0.007,-0.0036,0,0,0.005
656,0,-0.0098,-0.0004,-0.0016,-0.0074,0.005,0.0034,-1,0.005
657,0.0324,0.0312,0.0095,0.0029,0.0273,0.0457,0.0125,-1,0.005
658,0.0012,0.0354,-0.0028,0.0072,0.007,0.0215,0.0179,1,0.005
659,0.0006,0.0179,0.0052,-0.0062,-0.0245,-0.0272,0.0144,1,0.005
660,-0.0367,-0.0086,-0.0272,0.0066,-0.0241,-0.0417,-0.0027,-1,0.005
662,0.0239,0.005,0.0202,0.0067,-0.006,-0.0012,0,0,0.005
663,0.0084,-0.0197,0.0005,-0.0019,0.0103,0.0004,0.0048,-1,0.005
664,-0.0421,-0.0203,0.0056,0.0011,-0.0368,-0.0462,-0.0098,1,0.005
665,-0.0027,-0.0065,0.0011,0.0042,0.011,0.0181,-0.0097,-1,0.005
666,-0.0279,0.0133,-0.0058,-0.0035,0.0086,-0.005,0.007,1,0.005
667,-0.0224,-0.0108,-0.0025,0.0057,-0.0419,-0.0458,-0.0135,1,0.005
668,0.001,-0.0012,0.0031,0.0082,0,0,-0.0041,-1,0.005
669,-0.0079,-0.0046,-0.0097,-0.0156,0,0,0,0,0.005
671,-0.0196,-0.0075,0.0069,-0.0081,-0.0088,-0.0059,0,0,0.005
672,0.0091,-0.0075,-0.0091,0.0085,0.0126,0.0068,0.0029,-1,0.005
673,-0.002,-0.0012,0.0082,0.0022,-0.014,-0.0156,-0.0057,1,0.005
674,-0.0102,0.0068,-0.0036,-0.0047,0.0131,0.0064,-0.0016,-1,0.005
675,-0.0287,-0.0336,0.0059,0.0162,-0.035,-0.0298,-0.0066,1,0.005
676,0.027,0.0137,0.0027,-0.0046,0.0086,0.0045,0.0053,-1,0.005
677,-0.0036,-0.0055,-0.0042,0.0033,-0.0083,-0.0102,-0.0041,1,0.005
678,-0.026,-0.0044,-0.0098,0.0047,0.0046,-0.0054,-0.0019,-1,0.005
679,-0.0262,-0.0215,-0.0004,-0.0052,-0.0007,0,-0.01,1,0.005
680,-0.0222,-0.0022,-0.0152,-0.0069,0.0081,0.0007,0.0007,-1,0.005
681,-0.0207,-0.0038,-0.0036,-0.0037,-0.0139,-0.0016,-0.0074,1,0.005
682,-0.001,0.0218,0.0188,-0.0026,0.0042,-0.0051,0.0125,-1,0.005
683,0.0066,-0.0209,-0.0005,0.0023,-0.0052,-0.0131,-0.0092,1,0.005
684,-0.0056,-0.0101,0.0047,-0.0017,0.0179,0.0127,-0.0079,-1,0.005
685,0.0066,0.0032,-0.0057,-0.0079,-0.0021,0.0016,-0.0051,1,0.005
686,0.0065,0.0038,0.0034,-0.0057,0.0258,0.0156,0.0037,-1,0.005
687,0.0047,-0.0152,-0.0155,0.0018,-0.0042,-0.0093,-0.0099,1,0.005
688,-0.0046,-0.0117,0.0061,-0.0083,0.0005,0.0105,-0.0051,-1,0.005
689,0.0139,0.0153,-0.0002,-0.001,0.0194,0.011,0.0099,1,0.005
690,0.0198,-0.0098,0.004,-0.0049,0.0013,-0.0061,-0.0083,1,0.005
691,0.0103,0.0027,-0.0101,0,0.0114,0.0085,-0.0073,1,0.005
692,0.0382,-0.0066,0.0009,-0.0118,-0.0159,-0.0192,-0.0029,1,0.005
694,0.028,0.0044,-0.0026,-0.0009,0,0,0.0063,1,0.005
695,-0.033,-0.0028,-0.014,0.009,0.0095,0.0027,0,0,0.005
696,-0.0077,0.0027,-0.0051,-0.003,-0.0171,-0.016,-0.0067,1,0.005
697,0.0099,0.0022,-0.0071,0.0029,0.0215,0.003,0.0011,-1,0.005
698,0,-0.0038,0.0024,-0.0001,-0.037,-0.0399,-0.018,1,0.005
699,-0.0166,0.0058,0.0036,0.0008,0.0085,0.0064,-0.0031,-1,0.005
700,0.0148,-0.0042,0.0024,-0.0147,-0.004,-0.0175,-0.0021,1,0.005
701,0.0039,0.0073,0.022,-0.0016,-0.0034,-0.0062,-0.0136,-1,0.005
702,-0.0068,-0.0071,-0.0065,-0.0024,-0.0072,0.0124,-0.0029,-1,0.005
703,-0.0077,0.0115,0.002,-0.0074,0.0182,0.0128,0.0198,-1,0.005
705,-0.001,-0.0105,-0.0111,-0.0024,0.0361,0.0282,0,0,0.005
706,0.001,0.0082,-0.0153,0.0017,0.0201,0.0115,-0.0076,1,0.005
707,-0.0057,0.0044,-0.0035,0.0059,-0.0013,0.0107,-0.0084,1,0.005
708,0.0256,0.0083,-0.0029,0.0022,0.014,0.0284,0.012,-1,0.005
709,0.003,0.0119,-0.0058,-0.0084,-0.0488,-0.0592,0.0142,1,0.005
710,-0.0219,-0.0076,0.0017,0.0061,-0.0147,-0.0135,-0.0109,-1,0.005
711,0.0105,-0.0005,-0.0077,0.0163,-0.0135,-0.0215,0.0012,-1,0.005
712,-0.0197,-0.0031,-0.0115,-0.0024,0.0103,0.0185,-0.0081,-1,0.005
713,-0.0093,0.0069,0.0097,-0.0043,0.0328,0.0271,0.0081,1,0.005
714,0.018,-0.0059,-0.0029,0.0075,-0.0191,-0.0288,-0.0055,1,0.005
715,-0.025,-0.0048,0.0051,0.0005,-0.0109,-0.0058,-0.0098,-1,0.005
716,-0.0082,0.0021,0.0121,0.0029,0.0251,0.0062,0.0051,-1,0.005
717,-0.0073,-0.0134,-0.0052,-0.0048,0,0,-0.0184,1,0.005
718,-0.0162,0.0104,0.002,-0.0026,-0.0068,-0.0074,0,0,0.005
719,-0.0063,-0.001,-0.0078,0.01,-0.0191,-0.0196,-0.0005,-1,0.005
720,-0.0027,-0.0051,0.0184,-0.008,0.01,0.0086,-0.0005,-1,0.005
721,0.0036,0.001,-0.0022,-0.0015,-0.0087,-0.0056,-0.0014,1,0.005
722,0.0109,0.0056,-0.0006,-0.0062,0.0042,0.0075,0.0032,-1,0.005
723,0.01,-0.002,0.0036,0.0026,-0.0132,-0.0126,0.0032,1,0.005
724,-0.0018,0.0041,-0.0135,-0.0059,-0.0038,-0.0113,0.0007,-1,0.005
725,0,-0.012,0.0057,0.0164,0.0139,0.0184,-0.0074,-1,0.005
726,0.0117,0.0133,-0.0128,0.0003,0.0288,0.0286,0.0044,1,0.005
727,0.0111,0,0.0045,-0.0075,-0.0045,-0.0019,-0.0002,1,0.005
728,-0.0136,-0.0181,-0.0047,-0.0163,-0.0167,-0.0116,0.0026,-1,0.005
729,-0.0009,-0.0077,-0.0014,-0.006,-0.0061,-0.0066,0.0051,-1,0.005
730,0.0027,0.0041,0.0137,0.0304,-0.003,0,-0.0005,-1,0.005
731,0.0018,0.0036,-0.006,0.0025,-0.0054,-0.0064,0.0031,-1,0.005
732,-0.0106,-0.0041,0.0008,0.0004,-0.0454,-0.0369,-0.001,-1,0.005
733,-0.0131,-0.0093,0.0032,0.0003,0.0054,0.0087,0.0089,-1,0.005
735,0.0187,-0.0005,0.0058,-0.0036,-0.0056,0.0016,-0.0003,-1,0.005
736,-0.0071,0.0121,0.0129,-0.0049,0.0304,0.0469,0.0073,-1,0.005
737,0.0045,0.0092,-0.005,-0.0043,0.0125,0.0132,0.016,1,0.005
738,-0.0098,0.0047,0.0096,0.0052,0.0104,0.0104,0.0007,1,0.005
739,-0.0071,-0.0016,-0.0058,-0.0012,-0.0158,-0.0165,0,1,0.005
740,0.0144,-0.0061,-0.0004,-0.0013,-0.0123,-0.0074,-0.0007,-1,0.005
741,-0.0272,0.001,0.0047,0.0018,-0.0054,-0.0075,0.0049,-1,0.005
742,-0.012,-0.0111,0.0037,0.0033,0.0022,0.0061,-0.0022,-1,0.005
743,0.0385,0.0076,0.0028,0.0022,0.0185,0.0171,0.0039,1,0.005
744,0,-0.0036,0.0135,0.0012,-0.0019,-0.0108,-0.0014,1,0.005
745,-0.0097,-0.0082,0.0069,0.0292,-0.0107,-0.0081,-0.009,-1,0.005
746,0.0063,0.0185,-0.0013,0.0015,-0.0035,0.0005,0.0027,-1,0.005
747,0.0018,0.002,0.0028,0.0024,0.0269,0.0248,0.004,-1,0.005
748,0.0027,0.0037,0.0097,0.0068,0.0017,0.0017,-0.0021,1,0.005
749,-0.0323,-0.0092,0.011,0.0101,-0.0116,-0.0099,0,1,0.005
750,-0.0009,0.0026,-0.013,0.0097,-0.0078,-0.0078,0.0017,-1,0.005
751,-0.0017,-0.0005,-0.004,-0.0044,-0.0167,-0.019,0,-1,0.005
752,-0.036,-0.0005,0.0031,0.006,-0.0335,-0.024,-0.0023,-1,0.005
753,0.025,-0.0053,0.0068,0.0061,-0.005,0.0042,0.0097,-1,0.005
754,-0.0009,-0.0014,-0.0129,-0.0028,-0.0327,-0.0251,0.0093,-1,0.005
755,-0.006,0.009,-0.0042,0.0044,0.0632,0.065,0.0078,-1,0.005
756,0.0536,-0.0051,-0.0125,-0.0049,-0.0114,-0.0089,0.0017,1,0.005
757,0.0154,0.002,-0.0054,0.0017,0.0566,0.0641,0.0025,-1,0.005
758,0.0055,-0.0047,0.0103,-0.0048,-0.0034,-0.0016,0.0071,1,0.005
759,-0.0265,-0.0021,0.0017,0.0018,0.0141,0.018,0.0018,-1,0.005
760,0.0245,0,-0.0095,0.0009,-0.0164,-0.0034,0.0038,1,0.005
761,0.033,0.0038,-0.0025,-0.0038,-0.0011,-0.0005,0.0132,-1,0.005
762,-0.0185,0.0049,-0.0035,-0.0206,-0.0174,-0.0093,0.0005,-1,0.005
764,0.0286,0.0127,0.0058,0.002,0.0286,0.0359,0.0099,1,0.005
765,-0.0141,0.0074,-0.0033,-0.0022,0.0302,0.0395,0.0071,1,0.005
766,0.0057,0.012,-0.0063,-0.0309,0,0.014,0.009,1,0.005
767,0.0455,-0.0024,-0.0046,0.0023,0.0687,0.079,0.014,0,0.005
768,0.0253,0.0236,0.0001,0.0034,0.0366,0.0595,0.0097,1,0.005
769,-0.0121,0.0241,-0.0093,-0.0092,0.0856,0.1103,0.0221,1,0.005
770,-0.0113,-0.0131,-0.0032,-0.0095,-0.0266,-0.018,0.0227,1,0.005
771,0.0118,0.0031,0.0061,0.0037,0.0162,0.0218,0.0089,-1,0.005
772,0.028,0.0085,-0.0068,-0.0045,0.0049,0.0182,0.0054,1,0.005
773,0.0591,0.0245,0.0143,0.0054,0.0316,0.0333,0.0132,1,0.005
774,-0.0098,0.014,0.005,-0.0022,0.0272,0.0189,0.0016,1,0.005
775,-0.0059,-0.0067,0.0074,-0.0011,-0.0022,0.007,-0.0081,1,0.005
776,0.0043,-0.0133,-0.0113,-0.0146,-0.0097,-0.0072,0.0092,-1,0.005
777,-0.0158,0.0034,-0.004,-0.0009,0.0011,-0.0019,0.0025,-1,0.005
778,0,-0.0033,-0.0021,0.0005,0.0089,-0.0008,-0.003,1,0.005
779,-0.0005,-0.0016,0.0137,0.0096,-0.0345,-0.0259,-0.0097,1,0.005
780,0.0027,0.0041,-0.0023,-0.0085,0,0,0.0089,-1,0.005
781,0.0064,-0.0216,-0.018,0.0056,-0.0296,-0.0275,0,0,0.005
782,0,-0.0118,-0.017,-0.0053,-0.0163,-0.0132,0.0021,-1,0.005
783,-0.0032,-0.0016,-0.0092,-0.0003,-0.0044,-0.0021,0.0031,-1,0.005
784,-0.0101,0.021,0.0095,0.0021,0.0078,0.0052,0.0023,-1,0.005
786,-0.0064,-0.0071,0.0088,0.0051,-0.0041,-0.0057,0,0,0.005
787,0.0097,-0.0055,0.0098,0.0022,-0.039,-0.0397,-0.0015,-1,0.005
788,0,0.0154,0.0016,0.0036,0.0394,0.0464,-0.0007,-1,0.005
790,0.006,0.0103,0.0047,-0.0016,0.0126,0.0137,0,0,0.005
791,-0.0119,0.0016,0.0124,0.0024,0.0034,0.0011,0.0011,1,0.005
792,-0.0187,-0.0197,-0.0154,-0.0096,-0.0326,-0.0314,-0.0024,1,0.005
793,0.0086,0.0031,-0.002,0.004,0,0,0.0013,-1,0.005
794,0.0064,-0.0047,0.002,-0.0015,0.0013,-0.0113,0,0,0.005
795,0.0064,-0.0038,0.0068,0.0116,-0.0018,0.0033,-0.0126,1,0.005
796,0.0146,0.0077,-0.0054,-0.002,0.0094,0.0167,0.0051,-1,0.005
797,-0.007,0.0055,-0.0016,0.0028,0,0,0.0072,1,0.005
798,0.017,-0.0016,0.0187,0.0034,0.0237,0.0226,0,0,0.005
799,0.0199,-0.0024,-0.0144,-0.0001,-0.0008,-0.0029,-0.0011,1,0.005
800,-0.0212,0,0.0042,-0.0002,0.0029,0.0071,-0.0021,-1,0.005
801,0.0176,0.0024,0.0012,0.0093,-0.0169,-0.0161,0.0042,1,0.005
802,-0.0044,0.0151,0.0006,-0.0185,0.0177,0.0204,0.0008,-1,0.005
803,0.0158,0.004,-0.0014,0.0031,0.0295,0.0306,0.0027,1,0.005
804,-0.0182,0.0091,0.0077,0.0007,0.0097,0.0139,0.0011,1,0.005
805,0.012,0,0.0084,-0.0038,-0.0072,-0.011,0.0042,1,0.005
806,-0.0073,0.0042,-0.0146,-0.0165,0.0349,0.0423,-0.0038,-1,0.005
807,0.0145,-0.0009,0.0099,-0.0073,-0.0138,-0.0185,0.0071,1,0.005
808,0.0059,0.0096,-0.002,-0.0182,0.0125,0.0139,-0.0048,-1,0.005
809,0.0254,-0.0192,0.0031,-0.0005,0.0153,0.0179,0.0014,1,0.005
810,0.024,0.0126,-0.014,-0.006,-0.0112,-0.0173,0.0026,1,0.005
811,-0.0006,-0.007,0.0113,-0.0076,0.0115,0.0194,-0.0063,-1,0.005
812,0.0098,0.009,-0.0024,-0.0048,-0.0035,0.0058,0.0078,1,0.005
813,0.0149,0.0036,-0.0057,-0.0061,0,0,0.0093,-1,0.005
814,0.0299,0.0045,0.0075,0.0003,0.0088,-0.0075,0,0,0.005
815,-0.0462,-0.0151,-0.0062,0.0004,-0.0187,-0.0168,-0.0162,1,0.005
816,0.0042,0.0026,0.002,0.0063,-0.0014,-0.0115,0.002,-1,0.005
817,-0.0319,-0.0138,-0.0249,0.0074,-0.0326,-0.0334,-0.0101,-1,0.005
818,0.0053,0.0067,-0.0177,0.002,-0.0084,-0.0126,-0.0008,-1,0.005
819,-0.0331,-0.0099,-0.0336,-0.0024,-0.0024,0,-0.0043,-1,0.005
820,0.0062,0.0083,-0.0037,0.0042,0.018,0.0211,0.0024,-1,0.005
821,0.0338,0.012,-0.0115,-0.0011,-0.0055,-0.0003,0.003,1,0.005
822,-0.0219,0.0139,0.0094,-0.016,0.0485,0.0461,0.0052,-1,0.005
823,0.0043,-0.0009,0.0015,0.0145,-0.0125,-0.018,-0.0023,1,0.005
824,-0.0276,-0.0088,-0.0018,0.0021,0.0151,0.0151,-0.0056,-1,0.005
825,0.0189,0.0205,-0.0043,0,0,0,0,1,0.005
826,-0.0006,-0.0018,-0.0002,-0.0065,-0.0251,-0.0248,0,0,0.005
827,-0.0373,-0.0146,-0.0035,0.0068,-0.0279,-0.0242,0.0003,-1,0.005
828,0.0064,-0.0008,-0.006,0.008,-0.0024,-0.0113,0.0038,-1,0.005
829,0.007,0.0085,0.0019,0.0008,0.0049,0.004,-0.0089,-1,0.005
830,-0.0115,-0.0059,-0.0028,-0.0026,-0.0019,-0.0048,-0.0008,1,0.005
831,-0.0082,-0.0174,0,-0.0034,-0.0169,-0.0164,-0.003,-1,0.005
832,-0.0155,-0.0187,0.0059,0.0063,0.012,0.0029,0.0005,-1,0.005
834,0.012,0.0066,-0.0026,0.005,0.0053,0.004,0.0021,-1,0.005
835,0.0022,0.0117,0.0018,0.0022,0.0019,0.0072,-0.0013,1,0.005
836,-0.0081,0.0017,0.0076,0.0021,-0.0132,-0.0069,0.0053,1,0.005
837,0.0204,0.0141,-0.0042,0.0043,0.0013,0.0045,0.0064,-1,0.005
838,0.0087,-0.0049,-0.0033,0.0029,-0.0165,-0.0103,0.0032,1,0.005
839,0.007,0.0275,-0.0024,0.0008,0.0284,0.0357,0.0063,-1,0.005
840,0.0018,0.0197,0.0036,-0.001,-0.0089,-0.0073,0.0071,1,0.005
841,0.0119,-0.0169,-0.0028,-0.0013,-0.0016,0.0005,0.0016,-1,0.005
842,0.0044,0.0136,-0.005,-0.0004,0.0087,-0.0054,0.0022,-1,0.005
843,-0.0099,-0.0378,-0.0017,0.0117,-0.0232,-0.0149,-0.014,1,0.005
844,-0.0031,0.0134,-0.0027,0.0034,0.0021,0.0064,0.0085,-1,0.005
845,-0.0199,-0.0066,-0.0093,-0.0138,-0.0199,-0.0331,0.0043,1,0.005
846,-0.0111,-0.0008,0.0015,0.0098,-0.0463,-0.0315,-0.0134,-1,0.005
847,-0.01,0.0168,-0.0131,-0.0066,0.0251,0.0249,0.0155,-1,0.005
848,-0.0198,-0.0204,0.0084,0.0084,-0.0218,-0.0377,-0.0003,1,0.005
849,-0.0378,-0.0213,0.0022,0.0085,-0.0151,-0.0294,-0.0163,-1,0.005
850,-0.0105,0.0069,-0.0074,0.0087,-0.0059,-0.0076,-0.0146,-1,0.005
851,-0.0071,0.015,-0.0056,-0.002,0.0118,0.0081,-0.0017,-1,0.005
852,-0.0283,0.009,0.0114,0.0001,-0.006,0.0158,-0.0036,1,0.005
854,0.0205,0.0085,0.0063,0.0081,0.002,0.0025,0.003,1,0.005
855,0.0245,0.0125,-0.0074,-0.0005,0.0101,0.0147,0.0005,1,0.005
856,-0.0091,0.0103,0.0109,-0.0001,0.0199,0.0241,0.0046,1,0.005
857,-0.0063,0.004,-0.0031,-0.0026,-0.0146,-0.0171,0.0042,1,0.005
858,-0.0096,-0.0111,-0.0019,0.0057,-0.0061,-0.0048,-0.0026,-1,0.005
859,0.0134,0.0032,0.0054,0.0054,-0.0058,-0.0175,0.0013,-1,0.005
860,-0.0314,-0.0086,-0.0174,-0.0005,0.0435,0.0462,-0.0117,-1,0.005
861,0.0137,-0.0114,-0.0063,0.001,-0.0154,-0.0154,0.0026,1,0.005
862,-0.0179,-0.0159,-0.0039,-0.0058,-0.0192,-0.0224,0,-1,0.005
863,-0.022,-0.0047,-0.0012,-0.0082,0.0048,-0.001,-0.0033,-1,0.005
864,-0.0136,-0.0031,-0.0074,0.0055,0.0015,-0.0035,-0.0058,1,0.005
865,-0.0155,-0.0101,-0.0016,0.0168,-0.0082,-0.0106,-0.005,1,0.005
867,-0.0016,0.0046,0.0048,0.0034,-0.0105,-0.0039,0.003,-1,0.005
868,0.0417,0.0031,-0.0032,-0.0067,-0.0252,0.0072,0.0067,-1,0.005
869,0.0175,0.0139,-0.0005,-0.0024,0.0015,0.0093,0.0333,-1,0.005
870,0,0.0101,0.0064,0.0035,0.0063,0.0023,0.0078,1,0.005
872,-0.0073,-0.0078,0.0175,0.0025,-0.0043,-0.0228,0,0,0.005
873,0.0181,0.0015,-0.0027,-0.0057,0.0082,0.0049,-0.0187,-1,0.005
874,0.0573,-0.0008,-0.0039,0.0068,-0.0105,-0.011,-0.0032,1,0.005
875,-0.0074,-0.0046,-0.0002,-0.0141,0.0169,0.0191,-0.0005,-1,0.005
876,0.0075,0.0133,0.0074,0.0046,-0.0108,-0.0094,0.0022,1,0.005
877,-0.0175,0.0039,-0.003,-0.0026,0.0042,0.012,0.0015,-1,0.005
878,0.0364,0.0173,-0.0009,-0.0184,0.0445,0.0451,0.0077,1,0.005
879,-0.0127,0.0074,0.0058,0.0079,-0.0134,-0.0139,0.0005,1,0.005
880,-0.0317,-0.0113,0.0108,-0.0094,-0.001,-0.0079,-0.0005,-1,0.005
881,0.0137,-0.0118,0.0152,-0.0013,-0.0013,-0.0003,-0.0069,-1,0.005
882,-0.0219,0.0016,0.0043,0.0118,0.015,0.0227,0.001,-1,0.005
883,-0.0364,0.0064,0.0002,0.0068,0.0381,0.0524,0.0076,1,0.005
884,-0.0163,0.0333,-0.0016,-0.0068,0.0022,0.0077,0.0137,1,0.005
885,-0.0093,0.0069,-0.0064,-0.0108,-0.0287,-0.0074,0.0055,1,0.005
886,-0.0029,0.0139,0.0113,0.0201,0.0044,0.0052,0.0219,-1,0.005
887,-0.0064,-0.0017,-0.0009,0.0094,-0.0096,-0.0139,0.0008,1,0.005
888,-0.0244,-0.0094,-0.0087,-0.004,-0.0057,0.0041,-0.0044,-1,0.005
889,-0.0051,-0.0052,0.0009,0.0063,0.038,0.0457,0.0098,-1,0.005
891,0.0081,-0.0063,0.0012,-0.0051,-0.0105,-0.0116,0.0032,1,0.005
892,-0.0068,-0.0027,0.0002,-0.0059,0.0115,0.0095,-0.0011,-1,0.005
893,-0.0084,0.0027,0.0006,0.0131,-0.006,0.0011,-0.002,1,0.005
894,-0.0324,-0.0027,-0.0003,-0.0137,-0.0415,-0.0276,0.0072,-1,0.005
895,-0.0212,-0.0184,0.0163,0.0081,-0.0425,-0.0399,0.0145,-1,0.005
896,-0.0094,-0.0085,0.0013,-0.0086,0.0081,0.0111,0.0027,-1,0.005
897,-0.0127,-0.0093,0.0062,0.0078,-0.0202,-0.0194,0.003,1,0.005
898,0.0297,-0.0025,-0.0147,-0.008,-0.0216,-0.0131,0.0008,-1,0.005
899,-0.0723,0.0082,-0.0021,0.0025,0,0,0.0086,-1,0.005
900,0.0099,0.0304,-0.0021,0.007,0.016,0.0173,0,0,0.005
901,-0.0213,-0.0118,-0.032,-0.008,-0.0196,-0.0229,0.0013,1,0.005
902,-0.0095,-0.0264,0.001,0.0119,-0.0301,-0.034,-0.0034,-1,0.005
903,0.0116,-0.0032,0.0024,0.0128,-0.0062,-0.0055,-0.004,-1,0.005
904,-0.0115,0.0065,0.011,-0.0094,0.0145,0.0058,0.0008,-1,0.005
905,-0.0275,-0.0221,0.0051,-0.0043,0.0035,0.0081,-0.0086,1,0.005
906,-0.0064,0.0008,-0.0006,0.0112,-0.0209,-0.0252,0.0046,1,0.005
907,0.0037,-0.0062,0.0033,-0.0028,-0.0153,-0.0213,-0.0045,-1,0.005
908,0.014,0.0114,-0.0146,-0.0011,0,0,-0.0061,-1,0.005
909,-0.0065,-0.0023,0.0086,-0.0021,0.0127,0.0228,0,0,0.005
910,-0.0203,0.0039,0.005,-0.0135,0.0181,0.0197,0.0099,1,0.005
911,0.0037,-0.0147,0.0032,0.0019,-0.0188,-0.0137,0.0015,1,0.005
912,-0.0046,0.0109,0.0011,-0.0203,0.0276,0.0263,0.0052,-1,0.005
913,0.0056,0.0032,0.0026,0.0015,-0.0383,-0.0329,-0.0013,1,0.005
914,-0.0157,0.0108,-0.001,0.0077,0.0125,0.0179,0.0057,-1,0.005
915,0.0121,0.0063,-0.0029,0.0128,-0.0035,0.0013,0.0053,1,0.005
916,-0.0157,-0.0109,-0.0136,0.0031,-0.0119,-0.0015,0.0048,-1,0.005
917,0.0122,0.0031,0.0024,0.0127,-0.001,-0.001,0.0106,-1,0.005
918,0.0318,0.011,0.0043,0.0028,0.0109,0.0213,0,-1,0.005
919,-0.0019,-0.0016,0.0016,0.0038,0.0495,0.0581,0.0103,1,0.005
920,-0.0134,0.0117,-0.0097,0.0221,-0.0043,-0.0035,0.0081,1,0.005
921,0.0029,0.0034,0.0022,0.0006,0,0,0.0008,-1,0.005
922,0.0125,-0.005,0.0022,0.0098,0.0043,0.0076,0,0,0.005
923,0.0128,0.0186,0.0138,0.0154,0.0052,0.0014,0.0033,1,0.005
924,-0.0049,0.0017,0.0061,-0.0149,-0.0273,-0.0206,-0.0038,1,0.005
925,-0.0098,0.0176,-0.0102,-0.0171,0.021,0.0149,0.007,-1,0.005
926,-0.0368,0.0026,-0.0169,-0.0101,0.0003,-0.0099,-0.006,1,0.005
927,0.019,-0.0257,0.0023,0.0037,-0.0098,-0.0119,-0.0102,1,0.005
928,0.0105,0.005,-0.0029,0.0078,-0.0005,0.0067,-0.0021,-1,0.005
929,-0.0009,0.0217,0.0042,-0.0076,0.0116,-0.0053,0.0072,-1,0.005
930,-0.0258,-0.0092,-0.0058,0.0189,0.0582,0.0736,-0.0167,1,0.005
932,-0.0092,-0.0045,-0.013,-0.0272,-0.0318,-0.0304,0,0,0.005
933,0.015,-0.0062,-0.0021,-0.0064,-0.0109,-0.0107,0.0014,-1,0.005
934,-0.0281,-0.0034,0.0279,0.0308,-0.0256,-0.0217,0.0003,-1,0.005
935,0.0009,0.005,0.0024,-0.0096,-0.0116,-0.0106,0.004,-1,0.005
936,0.0036,-0.0059,-0.0065,0.0119,0.0314,0.0368,0.0011,-1,0.005
937,-0.008,-0.0086,-0.0073,-0.0033,-0.0101,-0.0101,0.0052,1,0.005
938,0,0.0017,-0.002,0.0021,0.0393,0.0331,0,-1,0.005
939,-0.0296,-0.0174,-0.0035,-0.0168,-0.0352,-0.0409,-0.0059,1,0.005
940,-0.0077,-0.0043,0.0026,0.0113,0.0156,0.045,-0.0059,-1,0.005
941,-0.0146,0.0452,0.0252,0.0186,-0.0193,-0.0163,0.029,1,0.005
942,-0.0052,0.0081,-0.0031,-0.0049,0.0169,0.0209,0.003,-1,0.005
943,0.0042,-0.0187,-0.0064,-0.0088,-0.0443,-0.0383,0.004,1,0.005
944,-0.0119,0.008,-0.0089,-0.0173,0.0049,0.0025,0.0063,-1,0.005
945,-0.0051,-0.0283,-0.0093,-0.0165,-0.0385,-0.0255,-0.0025,1,0.005
946,0.0084,0.0017,-0.0098,-0.0074,0.0037,0.008,0.0135,-1,0.005
947,-0.0059,0.0062,-0.0103,-0.0184,0.0557,0.0641,0.0043,1,0.005
948,-0.0034,0.0215,-0.0073,-0.0082,0,0,0.008,1,0.005
949,0.0068,-0.0111,-0.0214,-0.012,0.0145,-0.0176,0,0,0.005
950,0.0051,0.0097,0.0005,-0.0083,-0.0523,-0.0434,-0.0316,1,0.005
951,0.0025,0.0433,-0.0441,-0.0515,0.0155,0.0125,0.0094,-1,0.005
952,-0.0042,0.0084,0.0317,0.0455,-0.0241,-0.023,-0.003,1,0.005
954,-0.0235,0.0169,-0.032,-0.0182,0.0088,-0.0192,-0.0093,1,0.005
955,-0.0198,0.0085,0.006,0.0026,0.1254,0.1377,-0.0278,1,0.005
956,0.0126,0.0239,-0.0215,-0.0152,0.0283,0.0048,0.0109,1,0.005
957,-0.0041,-0.0092,0.0434,0.0545,0.0328,0.0039,-0.0229,1,0.005
958,0,-0.0163,-0.0054,0.0022,0.0858,0.0957,-0.028,1,0.005
959,0.0219,-0.0073,0.0113,0.0197,-0.0264,-0.0177,0.0091,1,0.005
960,0.0329,-0.0092,-0.0056,-0.0024,0.1137,0.1331,0.009,-1,0.005
961,-0.0085,0.0038,0.0154,0.0229,-0.0984,-0.09,0.0175,1,0.005
962,-0.0017,0.0173,-0.0054,-0.0116,0.1856,0.1637,0.0093,-1,0.005
963,-0.0346,-0.0202,0.0081,0.0116,0.0093,-0.0031,-0.0185,1,0.005
964,0.0249,-0.0196,0.028,0.05,-0.0496,-0.0676,-0.0123,1,0.005
966,-0.0064,0.0037,0.0046,0.0099,0.0123,0.0265,0,0,0.005
967,-0.0095,-0.0019,0.0032,-0.0036,0.0022,0.0063,0.014,1,0.005
968,0.0185,0.0115,0.0129,0.0319,0.0154,0.0289,0.0041,1,0.005
969,0.0481,0.0137,0.0062,-0.0016,0,0,0.0133,1,0.005
970,0.0243,0.0119,0.0152,0.0057,0.0008,0.0038,0,0,0.005
971,-0.0043,-0.008,0.004,0.0021,0.056,0.0472,0.0031,1,0.005
972,-0.0511,-0.0021,0.0042,-0.0092,-0.0284,-0.0377,-0.0084,1,0.005
973,0.0282,0.0139,0.0009,-0.0129,0.0484,0.0488,-0.0096,-1,0.005
974,-0.0066,-0.0041,0.0089,0.0127,-0.0221,-0.0259,0.0004,1,0.005
975,0.0058,0.002,0.011,-0.0028,-0.014,-0.0051,-0.0039,-1,0.005
976,-0.0077,-0.0059,0.0223,-0.0203,0.0403,0.0331,0.009,-1,0.005
977,-0.0216,-0.0121,0.0005,0.0143,0.0287,-0.0132,-0.0069,1,0.005
978,0.0119,-0.0307,0.006,0.0258,-0.0354,-0.0442,-0.0407,1,0.005
979,0.0017,-0.0148,-0.0183,-0.0013,-0.0561,-0.0625,-0.0091,-1,0.005
980,-0.0068,0.0214,-0.0036,0.0055,-0.0151,-0.0237,-0.0068,-1,0.005
981,0.0112,-0.0035,-0.0038,-0.013,-0.0182,-0.0304,-0.0087,-1,0.005
982,0.0246,0.007,0.002,-0.001,0.0051,0.0141,-0.0125,-1,0.005
983,-0.0044,0.0053,0.0102,0.0289,-0.0014,-0.0017,0.0089,1,0.005
984,-0.0044,-0.0018,-0.0042,-0.0002,-0.025,-0.0237,-0.0003,-1,0.005
985,0.0089,0.0034,0.0062,0.0092,-0.006,-0.0083,0.0013,-1,0.005
986,0.0256,-0.0017,-0.0104,-0.002,-0.0085,-0.0085,-0.0023,-1,0.005
987,0.0046,0.0083,0.0037,0.0034,-0.0052,-0.0272,0,-1,0.005
988,0.0064,0.0033,-0.0149,-0.0133,0.0289,0.0286,-0.0221,-1,0.005
989,-0.0072,0.0034,-0.0055,-0.0034,0.0056,0.011,-0.0003,1,0.005
990,0.0137,0.0119,0.0255,0.0188,0.0521,0.0629,0.0053,1,0.005
991,-0.0084,0,0.0103,0.0036,-0.0187,-0.0136,0.0102,1,0.005
992,0.0652,0.0088,-0.0186,-0.0052,0.0102,0.0174,0.0052,-1,0.005
993,0.003,0.0055,-0.0011,0.0046,-0.0035,-0.0154,0.0071,1,0.005
994,-0.0624,0,-0.0074,-0.0129,0.0014,0.0081,-0.0119,-1,0.005
996,-0.0137,0.0053,0.0187,0.0094,-0.0339,-0.0467,0.0007,-1,0.005
997,-0.0262,-0.0101,0.0013,-0.0038,0.0203,0.0131,-0.0132,-1,0.005
998,0.0289,0.0017,0.028,0.0082,0.0301,0.0438,-0.007,1,0.005
999,-0.0164,0.0282,-0.0029,0.0139,0.0259,0.0318,0.0133,1,0.005
1000,-0.001,0.0264,-0.0127,-0.0297,0.0095,0.0298,0.0058,1,0.005
1001,-0.0228,-0.0076,0.0158,-0.015,0.0015,0.0011,0.0201,1,0.005
1002,0.0155,0.0038,0.0096,-0.004,0.0019,-0.0004,-0.0004,1,0.005
1003,-0.0561,0.0133,-0.0137,-0.0102,-0.0204,-0.0296,-0.0022,1,0.005
1004,-0.0249,-0.0018,0.0043,0.0021,0.0011,-0.0104,-0.0094,-1,0.005
1005,-0.0219,-0.0321,-0.011,-0.0404,-0.022,-0.0418,-0.0114,1,0.005
1006,-0.0152,-0.0154,-0.0052,0.0035,0.0351,0.0285,-0.0202,-1,0.005
1007,-0.0034,-0.0069,-0.0017,0.0009,0.019,0.0118,-0.0063,1,0.005
1008,-0.0124,-0.0069,0.0029,-0.0011,-0.0192,-0.013,-0.0071,1,0.005
1009,0.01,-0.0137,-0.0031,0.0009,0.0096,0.0175,0.0063,-1,0.005
1010,0.0441,0.0175,-0.0101,-0.0084,-0.0221,-0.0326,0.0079,1,0.005
1011,-0.0279,-0.0203,0.003,0.0032,-0.0147,-0.0194,-0.0107,-1,0.005
1012,-0.0165,-0.01,-0.0159,-0.0053,-0.0203,-0.0306,-0.0048,-1,0.005
1013,-0.0186,-0.0065,0.0116,0.0143,-0.021,-0.0172,-0.0105,-1,0.005
1014,0.0057,-0.0126,-0.0071,-0.0115,-0.0096,-0.014,0.0039,-1,0.005
1015,-0.016,0.0125,-0.0155,0.0103,0.0045,-0.0098,-0.0045,-1,0.005
1016,-0.0134,-0.0077,0.0106,-0.0016,0.0076,0.0041,-0.0142,1,0.005
1017,-0.0062,-0.0106,0.0119,-0.0056,-0.0241,-0.0208,-0.0035,1,0.005
1018,0.0238,0.0136,0.0085,0.0106,-0.0123,-0.018,0.0034,-1,0.005
1019,-0.0366,-0.0105,-0.004,-0.0111,0.0423,0.0396,-0.0058,-1,0.005
1020,0.0148,-0.0165,0.0099,0.0196,0.0041,-0.0066,-0.0025,1,0.005
1021,0,0.0121,0.0011,0.0056,-0.0167,-0.0189,-0.0107,1,0.005
1022,-0.0015,-0.0233,0.0117,-0.0006,-0.0107,-0.0131,-0.0022,-1,0.005
1024,-0.0139,0.0015,-0.0009,-0.0022,0.0233,0.0223,-0.0003,1,0.005
1025,-0.0115,0.003,-0.0191,0.0161,-0.0085,-0.0276,-0.001,1,0.005
1026,0.0191,-0.0101,0.0155,-0.0081,-0.0132,-0.0077,-0.0192,-1,0.005
1027,0.0233,0.0014,0.0028,-0.0011,-0.0229,-0.0181,0.0055,-1,0.005
1028,0.0134,0.0213,0.0099,0.0116,0.0006,-0.0045,0.0048,-1,0.005
1029,0.0071,-0.007,0.0115,-0.0061,-0.0166,-0.0116,-0.0051,1,0.005
1030,-0.0062,0.0056,0.0053,-0.0035,0.0307,0.025,0.0051,-1,0.005
1031,-0.0079,0.0028,-0.0043,-0.0146,0.0292,0.0205,-0.0055,1,0.005
1032,-0.0103,-0.0043,-0.0196,-0.0055,0.0047,0.0094,-0.0084,1,0.005
1033,-0.0123,-0.0057,-0.0015,-0.0013,-0.0251,-0.0221,0.0047,1,0.005
1034,0.0008,0.0056,0.0133,-0.0095,0.0015,0.0018,0.0031,-1,0.005
1035,0.0101,-0.0042,-0.0007,0,-0.0101,-0.0137,0.0003,1,0.005
1036,-0.0031,0.0137,0.019,0.013,-0.0015,0.004,-0.0036,-1,0.005
1037,0.0119,0.0096,-0.002,-0.0118,-0.0106,-0.0012,0.0055,-1,0.005
1038,0,0.0014,0.0058,0.0033,0.0133,0.0208,0.0094,-1,0.005
1039,0.043,0.0124,0.0598,-0.0072,0.0158,0.018,0.0075,1,0.005
1040,0.021,0.0155,0.0087,0.0116,-0.0066,-0.0044,0.0022,1,0.005
1041,-0.014,-0.0167,-0.0298,-0.0109,0,0,0.0022,-1,0.005
1042,-0.0049,0.0329,-0.0131,-0.0075,0.0137,0.0229,0,0,0.005
1043,-0.0057,0.0045,0.0082,-0.0018,0.0278,0.018,0.009,1,0.005
1044,-0.0016,-0.0121,-0.0132,-0.0029,-0.0133,-0.0113,-0.0095,1,0.005
1045,0.0372,0.0075,0.0234,0.0224,0.0118,0.0178,0.0019,-1,0.005
1046,0.0155,0.0124,0.0199,0.0037,0,0,0.0059,1,0.005
1047,0.0265,0.0015,-0.0114,-0.0097,-0.0066,-0.0039,0,0,0.005
1048,-0.02,-0.0138,0.0013,0.0068,-0.0029,0.004,0.0026,-1,0.005
1049,0.0483,-0.0153,-0.0073,-0.0052,0,0,0.0069,-1,0.005
1050,-0.0046,-0.0108,0.0043,0.0054,-0.0016,0.0151,0,0,0.005
1051,-0.0491,-0.0077,-0.0312,0.0011,0.0365,0.0408,0.0168,-1,0.005
1052,0.0126,0.016,-0.0052,0.012,0.0056,-0.0014,0.0042,1,0.005
1053,-0.0441,-0.041,-0.0163,-0.0662,-0.0164,-0.0294,-0.007,1,0.005
1054,-0.0112,-0.0015,-0.0188,-0.0352,0.0134,0.0051,-0.0132,-1,0.005
1055,0.0078,-0.0151,-0.0002,-0.0011,-0.0094,-0.0003,-0.0082,1,0.005
1056,0.0434,0.0076,-0.0036,-0.0158,0.001,0.0086,0.0092,-1,0.005
1057,0.0381,0.0234,0.0159,0.0041,-0.0128,0.0003,0.0075,1,0.005
1058,0.0095,-0.0078,-0.0007,-0.0054,-0.0273,-0.0267,0.0134,-1,0.005
1059,-0.0242,0.0281,-0.006,0.0026,0.0201,0.0201,0.0007,-1,0.005
1060,0.0439,-0.0122,0.015,0.0082,-0.0354,-0.0373,0,1,0.005
1061,0.0238,-0.0119,-0.0131,-0.0071,-0.024,-0.0268,-0.002,-1,0.005
1062,-0.012,0.0088,0.0031,-0.0121,0.036,0.0367,-0.0029,-1,0.005
1063,0,-0.012,-0.0055,0.0012,-0.0295,-0.0267,0.0007,1,0.005
1066,-0.031,0.0015,0.0008,0.0063,0,0,-0.004,1,0.005
1067,0.0106,0.0088,0.0026,-0.002,-0.0036,-0.001,0,0,0.005
1069,-0.0109,0.0087,0.0064,-0.0027,0.0172,0.0115,0.0075,-1,0.005
1070,-0.0089,-0.0044,-0.0031,0.0056,-0.0088,-0.0091,-0.0056,1,0.005
1071,-0.008,0.0044,0.0086,-0.0053,-0.0122,-0.0106,-0.0003,-1,0.005
1072,-0.0194,-0.0144,-0.0005,0.0122,-0.0423,-0.0411,0.0016,-1,0.005
1073,-0.0044,0.0126,-0.0256,0.0036,-0.0067,-0.0164,0.0012,-1,0.005
1074,-0.0119,0.0124,-0.0077,0.0001,-0.0084,-0.0033,-0.0097,-1,0.005
1075,0,0.0014,-0.0013,-0.0027,0.0113,0.0079,0.0051,-1,0.005
1076,-0.0143,-0.0041,-0.0018,0.0015,0.0052,-0.0009,-0.0034,1,0.005
1077,0.0144,-0.0081,0.0065,0.0037,-0.018,-0.0147,-0.0061,1,0.005
1078,-0.0017,0.0107,-0.0002,-0.0018,-0.0048,-0.0042,0.0033,-1,0.005
1079,0.0042,0.0054,-0.0054,-0.0019,0.0069,0.0127,0.0006,-1,0.005
1080,0.0026,0.0095,-0.0008,-0.0086,0.0252,0.0185,0.0058,1,0.005
1081,-0.0042,0.0028,-0.0075,0.0009,0.0305,0.0338,-0.0065,1,0.005
1082,0.019,-0.0014,0.0005,-0.0027,0.0478,0.0531,0.0032,1,0.005
1083,-0.0026,-0.0206,0,-0.0034,-0.0207,-0.0331,0.005,1,0.005
1084,-0.0017,0.0043,-0.0017,0.0037,-0.0036,-0.0058,-0.0127,-1,0.005
1085,-0.0142,-0.0112,-0.0094,-0.0045,-0.0503,-0.0391,-0.0023,-1,0.005
1086,-0.0008,0.0138,-0.0082,-0.0096,-0.004,0.0148,0.0118,-1,0.005
1087,-0.0076,0.0198,0.0082,0.0143,-0.0063,-0.0137,0.0189,-1,0.005
1088,0.0058,-0.0014,-0.0015,0.0013,-0.015,-0.0104,-0.0075,-1,0.005
1089,-0.0008,0,-0.015,-0.0077,-0.0025,-0.0064,0.0046,-1,0.005
1090,-0.0337,-0.0125,-0.0057,0.0065,-0.0253,-0.0365,-0.004,-1,0.005
1091,-0.0218,-0.0302,-0.0129,-0.015,-0.0076,-0.0056,-0.0115,-1,0.005
1092,0.0039,0.0053,-0.011,-0.0049,0.0234,0.0179,0.002,-1,0.005
1094,0.018,-0.0054,0.0067,-0.0093,0.0185,0.0113,0.003,1,0.005
1095,-0.01,0,0.0004,-0.0036,-0.0124,-0.0166,-0.007,1,0.005
1096,0.0237,-0.0119,-0.001,-0.0016,-0.0304,-0.0278,-0.0042,-1,0.005
1097,-0.0055,0.0026,0.0032,-0.0003,-0.0032,-0.0067,0.0026,-1,0.005
1098,0.0016,-0.0039,-0.006,-0.0061,0.0094,0.0115,-0.0035,-1,0.005
1099,-0.0086,0.0052,0.0106,0.0002,-0.0278,-0.0261,0.0021,1,0.005
1100,-0.0154,-0.0125,0.0028,0.0024,-0.0213,-0.0265,0.0017,-1,0.005
1101,0.0164,0.0049,-0.0061,0.0037,-0.0014,0.0079,-0.0053,-1,0.005
1102,0.0291,-0.0097,-0.0049,-0.0029,-0.0025,-0.0144,0.0093,-1,0.005
1103,-0.0143,-0.0202,0.003,0.0088,-0.0233,-0.018,-0.0119,-1,0.005
1104,0.0448,0.007,0.0105,-0.0016,-0.0171,-0.0155,0.0054,-1,0.005
1105,0.0379,-0.0185,-0.0031,-0.0109,0.007,-0.0013,0.0016,-1,0.005
1106,-0.021,0.0081,0.0091,-0.0019,0.0216,0.0188,-0.0083,1,0.005
1107,0.0034,0.0276,-0.0008,-0.0038,0.0088,0.0016,-0.0027,1,0.005
1108,0.0042,0,0.0047,0,-0.0014,-0.0008,-0.0071,1,0.005
1109,0.0025,0.0012,-0.0042,-0.0042,0.0469,0.0281,0.0005,-1,0.005
1110,0.0094,0.0036,-0.0013,-0.0073,-0.0262,-0.0349,-0.018,1,0.005
1111,0.0164,-0.0071,-0.0035,-0.004,-0.0027,-0.0022,-0.0089,-1,0.005
1112,-0.0102,0.0083,0.0076,0.0017,-0.0117,-0.0096,0.0005,-1,0.005
1114,-0.0068,0.0106,-0.0016,-0.0025,-0.0168,-0.0132,0.0005,-1,0.005
1115,0.0078,-0.0035,0.0029,-0.003,0.0029,-0.005,0.0037,-1,0.005
1116,-0.0143,0.0082,-0.0075,-0.0002,-0.0135,-0.0175,-0.0079,1,0.005
1117,-0.0133,0.0047,0.0012,0.0033,-0.0084,-0.0145,-0.0041,-1,0.005
1118,-0.0115,-0.0012,-0.0122,-0.0019,0.0134,0.0126,-0.0061,-1,0.005
1119,0.005,-0.0137,-0.0066,-0.0047,0.0003,0.0057,-0.0008,1,0.005
1120,-0.0066,0.0023,0.0027,0.0056,-0.025,-0.018,0.0054,1,0.005
1121,0.0058,0.0093,-0.0035,-0.0047,-0.0226,-0.0143,0.0071,-1,0.005
1122,0.0025,-0.0125,-0.0056,0.0021,-0.0146,-0.0146,0.0085,-1,0.005
1123,-0.0017,0.0091,0.0004,-0.0033,0.0022,0.0047,0,-1,0.005
1124,0.0008,0.0045,0.0042,-0.004,-0.0103,-0.0132,0.0025,1,0.005
1125,0.0016,0.0033,-0.0034,-0.0043,0.0042,0.0074,-0.0029,-1,0.005
1126,0.0217,0.0056,0.0135,0.0056,0.0145,0.0217,0.0032,1,0.005
1128,0.0043,0.0094,0.0085,0.005,0.0067,0.0026,0.0079,1,0.005
1129,-0.0102,0.0047,-0.0059,-0.0035,0.014,0.0133,-0.0041,1,0.005
1130,0.0009,0.0118,0.0035,0.0056,-0.0133,-0.008,-0.0008,1,0.005
1131,0,0,0.0041,-0.0028,0.0036,0.0083,0.0054,-1,0.005
1133,0.0173,-0.0012,-0.0058,-0.0004,-0.0121,-0.0121,0,0,0.005
1134,0.0035,0.0093,0.012,0.0094,-0.0169,-0.0231,0,-1,0.005
1135,-0.0026,-0.0011,-0.0139,-0.0117,0.0091,0.0063,-0.0063,-1,0.005
1136,0.0079,0.0046,-0.0149,-0.0065,0.0079,0.0156,-0.0028,1,0.005
1137,0.0205,0.0058,-0.0018,-0.0103,0.0072,0.0104,0.0077,1,0.005
1138,0.0109,0.0237,0.002,0.0055,0.0432,0.028,0.0031,1,0.005
1139,0,0.0073,0.0027,-0.0023,0.0367,0.037,-0.0146,1,0.005
1140,-0.0036,-0.0197,-0.0054,-0.0049,-0.0375,-0.0352,0.0003,1,0.005
1141,-0.0027,-0.0084,0.0031,0.0003,-0.0066,-0.0013,0.0024,-1,0.005
1142,0.0082,0.0084,-0.0046,-0.0025,-0.0061,-0.0027,0.0053,-1,0.005
1143,0.0018,0.0036,0.0088,0.0046,0.0239,0.0032,0.0035,-1,0.005
1144,-0.0036,-0.012,0.0056,0.0021,-0.029,-0.0219,-0.0202,1,0.005
1145,0.0164,0.0024,-0.0118,0.0004,0.0084,0.0159,0.0073,-1,0.005
1146,0.0111,0.0111,0.0001,0.0038,0.0425,0.0483,0.0074,1,0.005
1147,0.0009,0.0026,0.0022,-0.0115,-0.0107,-0.0115,0.0055,1,0.005
1148,-0.0056,-0.0125,0.0062,0.0004,-0.0005,0.0011,-0.0008,-1,0.005
1149,-0.0111,0.0064,0.0088,-0.0135,0.0196,0.021,0.0016,-1,0.005
1150,0.0159,0.0159,0.0017,-0.0094,0.0369,0.0348,0.0014,1,0.005
1151,-0.0009,0.0125,0.0003,-0.0101,0,0,-0.002,1,0.005
1152,-0.013,-0.0095,-0.0024,-0.0044,0.0222,0.0268,0,0,0.005
1153,-0.0111,0.0125,0.0062,0.0035,0.0099,0.0114,0.0045,1,0.005
1154,0.0047,0.0085,0.011,0.013,-0.0104,-0.0075,0.0015,1,0.005
1156,0.0028,0.0114,-0.003,0.0018,0.007,0.015,0.0048,1,0.005
1157,0.0074,0.0029,0.0023,0.0009,-0.0183,-0.015,0.0079,1,0.005
1158,0.0364,0.0028,0.0118,0.0009,-0.0131,-0.011,0.0033,-1,0.005
1159,-0.0217,0.0071,0.0018,0.0061,-0.0056,-0.0097,0.0021,-1,0.005
1160,0.0047,-0.0139,0.0013,-0.0084,-0.0125,-0.0213,-0.0041,-1,0.005
1161,-0.0266,-0.0028,0.0001,-0.0001,0,0,-0.0089,-1,0.005
1162,-0.0037,-0.0152,-0.0057,-0.0032,-0.0026,-0.0043,0,0,0.005
1163,0.0129,-0.0027,0.0142,0.004,0.0046,0.0064,-0.0017,-1,0.005
1164,-0.0046,-0.0082,-0.0032,0.0075,-0.0248,-0.0283,0.0017,1,0.005
1165,-0.0277,-0.0027,0.0012,0.0025,0.0215,0.0093,-0.0036,-1,0.005
1166,-0.0351,-0.0133,-0.0184,-0.0022,0.0089,0.0063,-0.0119,1,0.005
1167,-0.0044,0.0255,0.0023,0.0128,0.0014,-0.0074,-0.0026,1,0.005
1168,-0.0167,0,0.0089,0.0123,0.0063,0.0057,-0.0088,1,0.005
1169,0.0026,-0.0221,-0.0168,-0.0165,0.018,0.0224,-0.0006,1,0.005
1170,0.0229,0.0093,0.0086,-0.0044,0.0082,0.0047,0.0044,1,0.005
1171,-0.0156,-0.0079,-0.005,0.0005,0.0341,0.0255,-0.0035,1,0.005
1174,-0.0044,-0.0184,0.0041,0.0045,0.0128,0.0044,0.0077,-1,0.005
1175,-0.0061,0.0257,-0.0067,0.0017,0.0021,0.0135,-0.0083,1,0.005
1176,0.0053,0.0083,0.0015,-0.0038,0,0,0.0114,1,0.005
1177,-0.0209,0.0014,-0.005,-0.0022,-0.0024,-0.0042,0,0,0.005
1178,0.0062,0.0122,-0.0133,-0.0059,0,-0.0089,-0.0018,-1,0.005
1179,-0.0207,-0.0213,-0.017,-0.0024,-0.0091,-0.0126,-0.0089,0,0.005
1180,0.0078,0.0026,0.0092,0.0065,0.0056,0.0082,-0.0035,-1,0.005
1181,0.0399,0.0105,0.0113,0.0029,-0.0012,0.0077,0.0027,1,0.005
1182,0.0148,-0.0013,-0.0003,0.0025,-0.0235,-0.0198,0.0089,-1,0.005
1183,-0.0083,0.0092,0.0008,-0.0088,-0.0006,-0.0106,0.0038,-1,0.005
1184,-0.0055,-0.0167,-0.0065,-0.0024,0.0055,-0.0011,-0.0101,-1,0.005
1185,0.0321,-0.0013,0.0003,-0.0043,0.0202,0.0205,-0.0066,1,0.005
1186,-0.0221,-0.0091,0.006,0.0039,-0.0012,-0.0147,0.0003,1,0.005
1187,0.014,-0.0013,0.002,-0.0013,0.0044,0.012,-0.0136,-1,0.005
1188,-0.0166,-0.0013,0.0005,0.0063,-0.0003,-0.007,0.0076,1,0.005
1189,0.0251,-0.0038,0.0007,0.0048,-0.0177,-0.0168,-0.0067,-1,0.005
1190,-0.0019,0.0114,-0.0122,-0.0078,-0.0085,-0.0082,0.0009,-1,0.005
1191,0.0241,0,-0.005,-0.0029,0.0117,0.0185,0.0003,-1,0.005
1193,0.0253,-0.0026,-0.0011,-0.0039,0.0006,0.0126,0,0,0.005
1194,0.001,-0.0013,0.0016,-0.0023,-0.0029,0.0085,0.012,1,0.005
1195,-0.001,0.0148,-0.0038,0.0023,-0.035,-0.035,0.0115,-1,0.005
1196,-0.0252,0.0094,-0.0066,-0.0038,0.0051,-0.011,0,-1,0.005
1197,-0.0066,-0.0223,0.0047,-0.0025,-0.0204,-0.0177,-0.016,1,0.005
1198,-0.0168,0.0013,-0.0056,0.0009,-0.0044,-0.0006,0.0028,-1,0.005
1199,0.015,-0.0102,-0.0144,-0.0107,0.0532,0.0584,0.0039,-1,0.005
1200,-0.0113,-0.0108,-0.0112,-0.0027,-0.0164,-0.0289,0.005,1,0.005
1201,-0.0055,-0.004,0.0052,0.0009,0,0,-0.0128,-1,0.005
1202,-0.0028,-0.0066,0.0022,0.0054,0.01,0,0,0,0.005
1203,0.012,-0.0141,-0.0063,-0.001,0.0292,0.0417,-0.0099,1,0.005
1204,0.0634,0.0267,0.0036,-0.0119,0.0317,0.0565,0.0121,1,0.005
1205,-0.0159,0.0259,0.0054,0.0135,0.0041,-0.0151,0.024,1,0.005
1206,0,0.0043,0.0008,-0.0014,0.0128,0.0207,-0.0191,1,0.005
1207,0.0088,0.01,-0.0002,-0.0013,-0.0044,-0.0616,0.0078,1,0.005
1208,0.0303,-0.0055,0.0125,-0.0018,-0.0018,0.0162,-0.0574,-1,0.005
1209,0.0378,0.0199,0.0283,0.0173,0.0024,0.0242,0.018,-1,0.005
1210,0.048,0.0146,-0.0081,-0.0007,-0.0012,-0.0064,0.0218,1,0.005
1211,0.0046,-0.0029,0.017,0.001,-0.0229,-0.0341,-0.0052,-1,0.005
1212,-0.0174,-0.0085,0.0003,0.004,-0.0003,0.0021,-0.0115,-1,0.005
1214,0.007,-0.007,0.0024,0.0132,-0.0003,-0.0064,0.012,-1,0.005
1215,-0.0244,0.0112,0.002,0.0007,0.0097,0.0012,-0.0061,-1,0.005
1216,-0.0182,-0.0136,-0.0033,-0.0034,-0.0525,-0.0551,-0.0084,1,0.005
1217,-0.0109,0.0079,-0.0029,-0.002,-0.0277,-0.0272,-0.0027,-1,0.005
1218,0,0,-0.0005,0.0028,-0.0234,-0.0229,0.0005,-1,0.005
1219,-0.0086,-0.0074,0.0056,0.0032,0.0202,0.0079,0.0005,-1,0.005
1220,-0.0063,-0.0049,0.0026,0.0143,-0.0044,-0.0005,-0.0121,1,0.005
1221,-0.0297,0.0186,0.0015,-0.0011,-0.0078,-0.0163,0.0039,-1,0.005
1222,0.0354,0.0099,0.0135,0.0053,0.0381,0.035,-0.0085,-1,0.005
1223,-0.0263,0.0077,-0.0117,0.0009,0,0,-0.0029,1,0.005
1224,0.0048,-0.0051,0.0118,0.0015,0.0027,-0.0053,0,0,0.005
1225,0.0157,-0.0038,-0.0001,0.0018,-0.0236,-0.0261,-0.008,1,0.005
1227,-0.0269,-0.0222,0.0063,-0.0029,0.0008,-0.0102,0,0,0.005
1228,-0.0259,-0.0146,-0.0072,-0.0006,0.0164,0.0207,-0.011,1,0.005
1229,0.0268,0.0063,-0.0065,0.0024,0.0258,0.0162,0.0042,1,0.005
1230,-0.0045,0.0114,-0.0012,0.0027,0.0165,0.0195,-0.0093,1,0.005
1231,-0.0115,0.0091,-0.0013,0.0033,0.0087,0.0101,0.003,1,0.005
1232,0.0239,0.0039,0.0083,-0.0061,-0.0027,-0.0038,0.0014,1,0.005
1233,0.0282,0.0066,0.0034,0.0003,-0.0033,0.011,-0.0011,-1,0.005
1234,0.0466,0.0093,0.0033,-0.0242,-0.0114,-0.0187,0.0143,-1,0.005
1235,-0.0706,0.0027,-0.0112,0.0022,0.003,-0.0073,-0.0073,-1,0.005
1236,-0.0031,0.0039,-0.0134,-0.0035,-0.0177,-0.021,-0.0102,1,0.005
1237,0.0427,0,0.0049,-0.002,0.0104,0.0144,-0.0034,-1,0.005
1238,0.0311,-0.0066,-0.0032,-0.0004,0.019,0.0249,0.004,1,0.005
1239,0.0223,0.0287,0.0039,0.001,-0.0003,0.0258,0.0057,1,0.005
1240,0.0308,0.0098,-0.0038,-0.0003,-0.0357,-0.0254,0.0261,-1,0.005
1241,0.0103,0,0.0042,0.0079,-0.0054,-0.0159,0.0107,-1,0.005
1242,-0.0089,-0.0136,-0.0033,0.0043,0.0147,0.0131,-0.0105,-1,0.005
1243,-0.0413,0.0041,-0.0034,0.0047,-0.0339,-0.0467,-0.0016,1,0.005
1244,-0.0292,0,-0.019,0.0035,0.0016,-0.0052,-0.0132,-1,0.005
1245,0.0067,0.0039,0.0117,-0.0011,0.0028,0.0134,-0.0067,1,0.005
1246,0.0128,0.0134,0.0059,-0.004,0.0269,0.0291,0.0105,1,0.005
1247,-0.016,0.0027,-0.0056,-0.0006,-0.0099,-0.0046,0.0022,1,0.005
1248,-0.0137,0.012,-0.0011,0.0017,-0.0148,-0.0236,0.0054,-1,0.005
1249,0.0201,0.0185,0.0076,0.0018,-0.0132,-0.0096,-0.0089,-1,0.005
1250,-0.0161,-0.0066,0.0006,-0.003,-0.0163,-0.0236,0.0036,-1,0.005
1251,0,0.0065,0.0081,-0.0046,-0.0108,-0.0145,-0.0073,-1,0.005
1252,0.0066,-0.0216,-0.0119,-0.0064,0.017,0.0225,-0.0037,-1,0.005
1253,-0.0191,0.0052,0.0019,0.0018,-0.0053,-0.0121,0.0054,1,0.005
1254,-0.0318,-0.0065,-0.0072,-0.0056,-0.0181,-0.02,-0.0068,-1,0.005
1255,-0.0011,0,0.0034,0.005,-0.011,-0.0047,-0.002,-1,0.005
1257,0.0245,0.0104,-0.0018,-0.0055,0.0156,0.018,0.0082,1,0.005
1258,-0.0088,-0.0026,-0.0049,-0.001,-0.0121,-0.0003,0.0023,1,0.005
1259,0.0022,0.0161,0.0335,0.0015,0.014,0.0312,0.012,-1,0.005
1260,-0.0119,0.0057,-0.0063,-0.0114,-0.034,-0.0293,0.0169,1,0.005
1261,-0.0056,0.0284,0.0081,0.0004,0.0243,0.0368,0.005,-1,0.005
1262,0.0086,0.0058,-0.002,-0.0048,-0.0136,-0.0144,0.0122,1,0.005
1263,-0.0266,-0.0072,0.0004,0.0053,0.0073,0.0029,-0.0008,-1,0.005
1264,-0.0136,-0.0072,0.0049,0.0047,0.0152,0.0038,-0.0043,1,0.005
1265,-0.0338,-0.0339,-0.0164,-0.0138,0.0273,0.0203,-0.0113,1,0.005
1266,0.0198,0.0029,-0.005,0.0029,0.0198,0.0296,-0.0069,1,0.005
1267,0.0309,0.0145,0.0112,-0.0043,-0.024,-0.0293,0.0096,1,0.005
1268,-0.0486,0.0072,0.0025,0.0083,-0.0293,-0.0143,-0.0055,-1,0.005
1269,0.044,0.0138,0.0103,-0.0012,-0.0255,-0.0133,0.0154,-1,0.005
1270,-0.0077,-0.0081,0.0055,0.0011,0.0003,0.0016,0.0125,-1,0.005
1271,-0.0261,0.0178,-0.0026,0.0021,-0.0087,-0.009,0.0013,1,0.005
1272,0.0016,0.0108,-0.0009,0.0057,0.028,0.0186,-0.0003,-1,0.005
1273,-0.0525,-0.0274,0.0147,0.0073,-0.0267,-0.0151,-0.0092,1,0.005
1274,-0.0281,0.0153,-0.0156,0.0111,0.0203,0.008,0.0119,-1,0.005
1275,0.0181,-0.0182,-0.0017,-0.025,0.0202,0.0312,-0.012,1,0.005
1276,0.0771,0.0416,0.0138,-0.0009,0.026,0.031,0.0108,1,0.005
1277,0,0.0031,-0.01,0.0027,-0.0148,-0.0079,0.0048,1,0.005
1278,0,-0.0015,0.0026,-0.0045,-0.0081,-0.0237,0.0071,-1,0.005
1279,-0.049,-0.003,-0.0287,0.0204,-0.0133,-0.0299,-0.0157,-1,0.005
1280,-0.0117,-0.0045,-0.0043,0.001,0.0394,0.0213,-0.0168,-1,0.005
1281,-0.0442,-0.0262,-0.0131,0.0094,-0.0068,-0.0108,-0.0175,1,0.005
1282,-0.001,-0.0028,0.0061,-0.0047,-0.0162,-0.0107,-0.004,-1,0.005
1284,-0.0306,0.0146,-0.0015,0.0021,0.0078,0.012,-0.0036,1,0.005
1285,0.0299,0.0015,-0.0047,-0.0048,-0.0042,0.007,0.0042,1,0.005
1286,-0.069,-0.0044,-0.0065,-0.002,-0.0284,-0.0323,0.0112,-1,0.005
1287,0.0245,-0.0127,0.0051,0.0007,-0.0591,-0.0523,-0.0041,-1,0.005
1288,0.0588,0.0166,0.0133,0.0006,-0.0097,0.001,0.0072,-1,0.005
1289,-0.0057,0,0.0007,0.0108,0.0669,0.0405,0.0108,-1,0.005
1290,-0.0334,-0.0112,0.0007,0.0192,-0.0035,-0.0024,-0.0247,1,0.005
1291,0.0286,0.0014,-0.005,-0.0044,0.0043,-0.0158,0.0011,-1,0.005
1292,-0.0488,-0.0153,-0.0073,-0.0028,0.0645,0.0483,-0.02,1,0.005
1293,-0.0159,-0.0085,-0.0141,-0.0042,0.0036,0.012,-0.0152,1,0.005
1294,-0.0268,0.0169,-0.0082,-0.0015,0.0288,0.0217,0.0084,1,0.005
1295,0.0173,0.0041,-0.0055,-0.0068,-0.0057,-0.0105,-0.0069,1,0.005
1296,0.0197,0.0069,0.005,0.0025,-0.0109,-0.0199,-0.0048,-1,0.005
1297,-0.0459,-0.0133,-0.013,-0.0078,-0.0254,-0.0177,-0.0091,-1,0.005
1298,0,0.0065,0.0052,-0.0078,0.034,0.0177,0.0079,-1,0.005
1299,-0.0435,-0.0156,-0.0101,-0.0002,-0.0254,-0.0396,-0.0158,1,0.005
1300,-0.0216,-0.015,-0.0015,-0.0008,0.0064,-0.0008,-0.0146,-1,0.005
1301,-0.0274,-0.0025,-0.0054,0.0009,-0.0069,-0.0011,-0.0072,1,0.005
1302,0.009,-0.0024,0.0048,-0.0012,0,0,0.0058,-1,0.005
1303,-0.0248,0.0136,-0.0003,0.0013,0.0148,0.0259,0,0,0.005
1304,0.0342,0.0037,0.0117,0.0027,-0.0073,-0.0097,0.0109,1,0.005
1305,-0.0153,0.0148,0.0165,0.0059,-0.0157,-0.003,-0.0024,-1,0.005
1306,0.0364,-0.0048,0.0066,-0.001,0.0079,0.02,0.0129,-1,0.005
1307,0.0017,0,0.0086,0.0022,0.0052,0.005,0.0121,1,0.005
1308,-0.0379,0.0125,-0.0052,0.0033,-0.0354,-0.0445,-0.0003,1,0.005
1309,0.0232,-0.0119,0.0149,-0.0005,-0.0058,-0.0168,-0.0095,-1,0.005
1310,-0.0099,-0.0012,0.005,0.005,0.0013,0.0105,-0.0111,-1,0.005
1311,-0.0107,-0.0071,0.0023,0.0006,-0.0021,0.0058,0.0092,1,0.005
1312,0.0502,0.0095,0.0012,-0.0025,0.0273,0.0281,0.0079,-1,0.005
1313,-0.0136,-0.0144,0.005,-0.0003,-0.0008,-0.0073,0.0008,1,0.005
1314,-0.015,-0.0188,-0.0182,-0.0054,0.0011,0.0068,-0.0064,-1,0.005
1315,0.0254,0.0302,0.0126,0.006,0.0162,0.0306,0.0057,1,0.005
1316,0.0397,0.0314,-0.0055,0,-0.0086,-0.0213,0.0142,1,0.005
1317,-0.0455,-0.0305,-0.011,0.0096,-0.0169,-0.0177,-0.0128,-1,0.005
1318,0,0.0182,-0.0198,0.0042,-0.0304,-0.0413,-0.0008,-1,0.005
1320,0.0257,0.0071,-0.0005,0.001,0,0,0,0,0.005
1321,-0.0058,-0.0128,-0.0161,0.0015,-0.0102,-0.0191,0,0,0.005
1322,-0.0269,-0.0023,-0.0003,-0.0004,0.0211,0.0304,-0.0091,-1,0.005
1323,0.0112,0.0225,0.0158,-0.008,-0.0141,-0.0105,0.0091,1,0.005
1324,0.0016,-0.0047,-0.0016,-0.0027,0.0291,0.0329,0.0036,-1,0.005
1325,-0.0155,-0.0024,0.0027,0.0011,0.0075,-0.0071,0.0037,1,0.005
1326,-0.0479,-0.0253,-0.0144,-0.005,-0.0239,-0.0287,-0.0145,1,0.005
1327,-0.0061,0,-0.0061,-0.0043,0.0075,0.0347,-0.0049,-1,0.005
1328,-0.0143,0.0023,0.0178,0.0091,-0.0484,-0.0491,0.027,1,0.005
1329,0.0178,0.0079,0.0037,0.0066,-0.0045,0.0033,-0.0008,-1,0.005
1330,-0.0445,-0.0078,-0.0014,0.0014,-0.027,-0.0261,0.0078,-1,0.005
1331,-0.0174,0.0141,0.0003,0,0.0247,0.0216,0.001,-1,0.005
1332,-0.0313,-0.0044,-0.0083,-0.0023,0.0005,0.0048,-0.003,1,0.005
1333,0.0014,0.0054,0.0066,0.0001,-0.0093,-0.0028,0.0043,1,0.005
1334,-0.0035,0.0032,-0.0046,0.0045,-0.0359,-0.0331,0.0065,-1,0.005
1335,0.0115,0.0074,0.0128,0.0111,-0.0284,-0.024,0.0029,-1,0.005
1336,-0.0307,-0.0041,-0.0075,-0.0129,-0.0129,0.0081,0.0045,-1,0.005
1337,0.0317,0.0179,0.0099,-0.0045,0.0362,0.0448,0.0213,-1,0.005
1338,-0.0291,-0.0054,-0.0002,-0.0015,-0.0292,-0.007,0.0083,1,0.005
1339,0.0165,0.0206,0.0081,-0.0005,0.0172,0.0436,0.0229,-1,0.005
1340,0.0288,0.0271,-0.002,-0.001,0,0,0.0259,1,0.005
1341,-0.0052,-0.0125,-0.0021,-0.0003,-0.0253,-0.0277,0,0,0.005
1342,-0.0358,-0.0055,-0.0141,-0.0065,-0.0367,-0.0371,-0.0025,-1,0.005
1343,-0.0311,-0.0205,-0.0087,-0.0035,-0.0184,-0.0288,-0.0005,-1,0.005
1344,-0.0075,-0.005,0.0006,-0.0005,-0.0174,-0.0033,-0.0106,-1,0.005
1345,0.0131,0.007,0.0126,-0.0008,0.0021,-0.0077,0.0143,-1,0.005
1346,-0.052,-0.011,-0.0088,-0.032,0.0113,0.0303,-0.0098,1,0.005
1347,0.0033,0.0082,0.006,0.0061,0.0151,0.0208,0.0187,1,0.005
1348,-0.0434,0.0116,0.0078,0.0015,-0.0323,-0.1008,0.0056,1,0.005
1349,0.0468,0.0082,0.0136,-0.0062,-0.0143,-0.0024,-0.0708,-1,0.005
1350,0.0406,-0.0179,-0.0077,0.0057,-0.0326,-0.0389,0.0121,-1,0.005
1351,-0.0483,0.0111,0.0029,0.0072,-0.0388,-0.0417,-0.0066,-1,0.005
1352,0.0652,0.0144,0.0176,0.0082,0.0076,0.0088,-0.003,-1,0.005
1354,0.0298,-0.0037,-0.0264,-0.0031,-0.0419,-0.0315,0,0,0.005
1355,0.0105,0.0038,-0.0006,-0.0004,0.0258,0.0138,0.0109,-1,0.005
1356,-0.0071,-0.0075,-0.007,0.0031,0.0105,0.018,-0.0116,1,0.005
1357,-0.0095,-0.0048,-0.0005,0.0008,-0.0053,-0.0049,0.0074,1,0.005
1358,0.0039,-0.0048,-0.0138,-0.0043,0.0442,0.0468,0.0004,-1,0.005
1359,-0.0195,0.001,-0.0211,-0.0033,0.0348,0.0244,0.0026,1,0.005
1360,-0.0015,0.0058,0.0238,0.0057,0.0234,0.0117,-0.01,1,0.005
1361,-0.0221,0.011,0.0069,-0.0074,0.0164,0.0228,-0.0115,1,0.005
1362,-0.0144,-0.003,0.0066,0.0151,-0.0538,-0.0332,0.0063,1,0.005
1363,-0.0266,0.004,-0.0008,-0.0019,-0.0247,-0.0063,0.0218,-1,0.005
1364,0.0335,-0.002,0.018,-0.0156,-0.0133,-0.0077,0.0189,-1,0.005
1365,0.0467,-0.011,-0.0141,0.0039,0.0377,0.0471,0.0056,-1,0.005
1366,0.039,0.0136,0.0041,-0.0015,0.0193,0.0186,0.009,1,0.005
1367,-0.0075,-0.0151,-0.0104,-0.0008,0.07,0.0697,-0.0007,1,0.005
1368,-0.0305,0.0011,-0.0092,0.001,-0.0567,-0.0512,-0.0002,1,0.005
1369,-0.0065,0,0.0037,0.0137,0.0584,0.07,0.0058,-1,0.005
1371,-0.0026,0.0221,0.0004,0.0071,0.0464,0.0599,0,0,0.005
1372,-0.006,0.0135,0.0052,-0.0038,0.004,0.0058,0.0129,1,0.005
1373,0.0297,0.0081,0.0066,0.0008,-0.0113,-0.0066,0.0019,1,0.005
1374,0.0485,-0.0055,-0.0178,0.003,-0.0079,0.0003,0.0047,-1,0.005
1375,0.0234,-0.0044,0.0108,-0.0052,-0.0029,0.0032,0.0082,-1,0.005
1376,-0.0056,0.0234,0,-0.0027,-0.0215,-0.0182,0.0061,-1,0.005
1377,-0.02,0.0118,0.0007,0.0025,0.0047,0.0102,0.0034,-1,0.005
1379,0.0056,-0.0025,0.0001,-0.0063,0.0024,0.0013,-0.0064,1,0.005
1380,0.0452,-0.0013,0.0242,-0.0009,0.055,0.0523,-0.0011,1,0.005
1381,0.0049,0.0117,0.011,0.0022,0.0474,0.0558,-0.0025,1,0.005
1382,0.0332,0,0.0137,0,0.0279,0.033,0.0081,1,0.005
1383,-0.0346,-0.0041,-0.0067,-0.0057,-0.0241,-0.0193,0.0049,1,0.005
1384,0.0182,-0.0083,-0.0005,-0.0027,0.0163,0.0088,0.0048,-1,0.005
1385,-0.0506,-0.0014,-0.0035,0.0003,-0.0115,-0.0106,-0.0073,1,0.005
1386,-0.0244,0.0055,-0.0229,0.0055,0.0166,0.0141,0.0009,-1,0.005
1387,0.024,0.014,0.0135,0.0076,0.0345,0.0404,-0.0024,1,0.005
