,0,1,2,3,4,5,6,7,8,9,10,11,12,13,14,15,16
0,743.0,774.65,741.0,1837008.0,42.26,-57.74,0.04248253,137627195.0,574.35,670.05,716.75,755.85,77.19,751.95,777.43,-1.0,-1.0
1,1295.1,1315.0,1260.0,245625.0,1.89,-98.11,-0.01390606,-7230247.0,1033.86,1173.58,1292.91,1308.65,52.39,1311.38,1320.33,1.0,1.0
2,450.0,454.9,445.25,365403.0,50.39,-49.61,-0.01808082,135643547.0,366.06,407.68,458.7,451.69,66.43,452.41,446.59,-1.0,1.0
3,660.0,662.0,646.1,373164.0,73.42,-26.58,0.01793232,-6494504.0,519.61,584.64,647.47,649.88,20.11,649.42,651.09,1.0,1.0
4,684.9,689.7,661.5,518973.0,91.8,-8.2,0.10532727,-4323291.0,510.76,573.38,631.61,633.81,69.9,637.16,616.29,-1.0,1.0
5,650.0,685.0,602.1,224060.0,53.0,-47.0,0.11748566,-8327499.0,511.92,576.89,632.29,640.44,-0.08,635.05,690.1,-1.0,1.0
6,439.85,445.65,426.0,61247.0,1.22,-98.78,-0.16443018,11090600.0,373.24,449.07,476.26,513.61,-0.86,508.48,522.07,1.0,-1.0
7,323.95,333.45,322.35,1133354.0,64.62,-35.38,-0.00015088,480702618.0,267.32,296.05,334.52,326.19,72.55,327.22,320.15,-1.0,-1.0
8,637.0,673.0,631.0,742299.0,125.96,25.96,0.181786,-1387766.0,469.76,516.25,579.32,565.98,44.76,568.44,566.92,-1.0,-1.0
9,455.45,471.4,455.4,4564305.0,105.01,5.01,0.05927364,423516708.0,351.25,385.06,438.94,422.55,67.91,428.83,402.24,-1.0,-1.0
10,549.5,554.9,532.65,3855381.0,66.12,-33.88,0.03663606,688436989.0,423.66,464.38,527.41,510.46,53.87,511.26,530.0,1.0,-1.0
11,262.2,267.35,261.6,510777.0,9.94,-90.06,0.01336643,301301659.0,212.74,247.31,265.61,278.82,9.82,276.8,283.68,-1.0,1.0
12,1025.0,1057.8,1024.0,228006.0,99.3,-0.7,0.05843468,-6890897.0,797.14,873.89,993.21,960.56,9.97,963.07,951.52,-1.0,-1.0
13,1305.0,1340.0,1297.0,182725.0,79.58,-20.42,-0.00160544,-7092691.0,1062.29,1197.56,1332.46,1334.59,55.42,1334.72,1305.26,-1.0,-1.0
14,561.5,564.0,538.5,151761.0,7.64,-92.36,-0.07996002,-2607186.0,449.91,532.9,567.71,605.9,49.6,600.99,660.97,-1.0,-1.0
15,502.05,515.5,498.0,144661.0,20.61,-79.39,-0.01148981,-9896112.0,409.05,461.82,512.24,513.52,69.29,516.2,519.59,-1.0,1.0
16,747.75,762.85,725.0,44096.0,21.64,-78.36,-0.04469201,12599939.0,605.05,687.45,758.47,767.38,-7.57,767.3,760.51,1.0,1.0
17,415.1,423.8,404.1,866383.0,48.22,-51.78,-0.05920677,430657074.0,337.97,389.69,424.67,437.97,46.28,435.08,445.1,1.0,1.0
18,475.55,477.9,450.3,506394.0,-47.64,-147.64,-0.0920012,144820562.0,389.97,445.32,490.2,498.92,-11.65,497.83,491.65,1.0,1.0
19,401.0,417.7,398.5,4212780.0,99.78,-0.22,0.03837789,720047810.0,315.97,347.62,393.8,382.21,0.0,383.27,370.9,-1.0,-1.0
20,513.5,525.0,513.5,44120.0,27.46,-72.54,-0.01642457,-10133217.0,415.11,463.27,520.24,513.93,50.29,513.03,516.22,-1.0,-1.0
21,225.5,232.45,221.0,1607908.0,25.23,-74.77,-0.00844632,297756047.0,175.73,199.84,220.71,222.35,52.88,223.01,231.74,-1.0,-1.0
22,553.0,561.4,550.2,1323487.0,15.12,-84.88,0.0145151,713555026.0,447.94,506.04,560.0,564.0,43.94,562.32,582.52,-1.0,1.0
23,377.35,378.0,348.5,1928854.0,18.41,-81.59,0.04754851,290033136.0,304.84,337.24,376.05,372.07,2.25,371.7,391.89,1.0,1.0
24,180.05,187.35,178.0,2010065.0,11.85,-88.15,-0.05748628,132237613.0,144.22,184.62,181.79,215.44,81.4,212.58,234.42,-1.0,1.0
25,285.0,302.8,284.0,3321072.0,116.72,16.72,0.18981019,169198625.0,213.07,228.39,262.8,248.58,31.21,249.95,243.83,-1.0,-1.0
26,666.0,709.7,666.0,12019144.0,133.95,33.95,0.15325293,652599782.0,510.61,566.44,632.72,624.38,21.63,626.3,602.24,-1.0,-1.0
27,365.5,374.7,362.95,1771041.0,81.56,-18.44,0.1516044,198450376.0,278.11,311.75,342.74,345.96,28.88,344.86,354.04,-1.0,-1.0
28,433.0,489.5,411.05,6961605.0,51.72,-48.28,0.19212008,291694728.0,341.47,397.61,418.4,447.67,43.22,444.54,481.69,-1.0,-1.0
29,746.0,767.95,725.0,117394.0,58.4,-41.6,-0.00150958,8932080.0,602.73,673.46,754.8,746.43,68.05,746.91,753.93,-1.0,-1.0
30,243.25,245.65,237.0,822978.0,-1.7,-101.7,-0.12550164,314063217.0,207.68,245.54,263.57,278.03,73.21,277.38,285.72,1.0,1.0
31,562.0,566.0,547.6,1026874.0,26.54,-73.46,-0.0193057,718615744.0,451.16,511.73,564.84,570.08,46.29,569.81,563.19,1.0,1.0
32,998.8,1008.8,992.0,132923.0,74.71,-25.29,0.01751609,12770258.0,785.94,887.36,982.37,988.39,5.88,986.6,948.14,-1.0,-1.0
33,828.0,831.4,800.0,561947.0,70.25,-29.75,-0.01164766,144944091.0,658.85,719.19,823.51,788.7,31.97,792.33,781.79,1.0,1.0
34,416.85,416.85,406.25,1178284.0,79.13,-20.87,0.0735121,471162776.0,321.33,329.73,397.79,351.16,2.61,354.03,344.79,1.0,1.0
35,1197.0,1206.0,1163.05,76897.0,7.21,-92.79,-0.0304402,-6878971.0,946.6,1093.34,1186.06,1228.04,20.57,1222.22,1257.14,1.0,1.0
36,561.4,572.0,550.5,3806724.0,83.31,-16.69,0.08917943,586605291.0,439.98,466.68,545.1,504.45,71.41,509.9,470.57,-1.0,1.0
37,245.3,249.3,234.3,1029875.0,-18.77,-118.77,-0.06326611,299442873.0,200.66,236.05,251.64,266.45,19.64,266.98,265.64,1.0,1.0
38,718.8,737.5,704.2,1400352.0,23.02,-76.98,-0.03294522,154427851.0,596.82,691.29,751.3,780.8,59.6,775.39,799.17,-1.0,-1.0
39,250.0,266.95,232.45,923870.0,65.99,-34.01,0.03783251,34796706.0,202.7,229.76,253.02,255.5,70.86,255.48,250.04,-1.0,-1.0
40,629.95,635.0,620.0,2381978.0,88.54,-11.46,0.03483454,271621911.0,491.71,514.36,611.72,555.5,47.02,557.06,548.15,1.0,1.0
41,609.0,609.0,592.0,210309.0,17.47,-82.53,-0.0123857,-7158571.0,474.3,546.84,593.74,612.85,65.92,612.24,620.89,1.0,1.0
42,552.05,563.5,526.1,117600.0,21.48,-78.52,-0.03865772,10848253.0,443.05,490.01,555.05,539.33,50.23,543.27,564.3,1.0,1.0
43,349.3,371.4,349.3,3348569.0,48.06,-51.94,0.05647126,216247779.0,277.76,318.75,347.19,356.89,19.71,356.66,359.49,-1.0,-1.0
44,338.5,354.65,331.75,2690127.0,11.95,-88.05,-0.07866948,207115019.0,291.0,336.91,368.42,378.72,46.44,377.93,378.56,-1.0,1.0
45,315.0,324.8,306.9,1087994.0,35.79,-64.21,0.03950452,291534686.0,245.12,282.73,304.0,317.85,71.78,315.75,320.13,1.0,1.0
46,312.2,341.0,311.0,6529560.0,127.87,27.87,0.19791854,455898228.0,229.08,255.48,283.25,282.68,40.79,281.86,282.66,-1.0,-1.0
47,451.55,477.7,451.55,377907.0,54.08,-45.92,-0.01051635,137006325.0,379.62,423.11,475.44,467.1,28.98,469.64,473.42,1.0,-1.0
48,200.3,204.8,194.5,787128.0,68.09,-31.91,-0.09449707,20254919.0,166.0,182.46,208.68,199.16,53.2,202.23,185.86,1.0,1.0
49,1123.5,1132.05,1108.5,184536.0,8.09,-91.91,-0.03903008,-6668731.0,912.82,1016.01,1144.35,1125.64,81.13,1124.76,1128.3,1.0,1.0
50,336.0,341.0,332.8,1056366.0,17.82,-82.18,0.02587519,209179180.0,265.67,303.46,331.44,339.69,18.69,338.64,353.25,-1.0,1.0
51,1134.85,1138.8,1077.0,95492.0,-16.0,-116.0,-0.06879502,-6869124.0,925.22,1065.48,1162.88,1193.55,57.83,1198.47,1159.11,1.0,1.0
52,220.0,234.95,207.6,151248.0,6.85,-93.15,-0.14481336,11108523.0,197.27,247.93,252.51,288.97,39.53,280.76,339.5,-1.0,1.0
53,485.55,494.7,472.0,173026.0,2.59,-97.41,-0.04823057,113847196.0,406.99,462.32,510.41,515.7,43.23,515.19,514.21,1.0,1.0
54,553.75,572.85,547.35,1848787.0,59.12,-40.88,0.01411849,720514043.0,444.85,507.07,556.76,566.63,13.47,565.65,567.69,-1.0,-1.0
55,472.45,473.7,464.4,960979.0,25.3,-74.7,0.02281703,710686988.0,368.13,418.47,458.67,467.5,-7.01,465.21,473.78,1.0,1.0
56,522.0,527.0,502.5,2209354.0,-19.58,-119.58,-0.14120744,276814948.0,452.34,521.17,572.81,585.33,70.79,585.27,585.38,1.0,1.0
57,333.8,338.0,313.65,742688.0,11.15,-88.85,-0.02668302,294072978.0,266.49,297.26,331.86,330.17,48.19,327.73,358.78,1.0,1.0
58,314.0,319.7,296.0,2428879.0,34.88,-65.12,-0.083308,187793679.0,263.26,298.44,331.81,332.35,53.89,333.03,327.17,1.0,1.0
59,355.9,357.7,345.1,1308278.0,90.79,-9.21,0.05732869,458219252.0,271.16,289.01,336.14,311.45,73.64,315.58,295.89,1.0,-1.0
60,544.0,569.75,544.0,120268.0,11.61,-88.39,-0.05680107,-2535775.0,465.67,561.17,587.61,642.83,66.93,633.02,683.09,-1.0,-1.0
61,239.9,255.9,238.0,1388410.0,46.51,-53.49,0.00823459,138043812.0,197.48,227.98,247.47,256.7,9.64,255.2,255.64,-1.0,-1.0
62,583.5,585.0,555.0,73146.0,42.68,-57.32,0.03664631,11216126.0,438.67,486.98,544.82,537.53,19.31,537.82,538.11,1.0,1.0
63,349.35,349.35,339.5,631543.0,30.35,-69.65,-0.01284642,299529549.0,276.3,312.4,345.0,347.67,1.92,347.25,349.86,1.0,1.0
64,1130.0,1143.9,1122.0,73314.0,30.18,-69.82,-0.00035194,-6680193.0,904.53,1035.63,1132.01,1158.65,13.47,1156.99,1163.27,-1.0,-1.0
65,769.15,792.0,751.0,40979.0,65.6,-34.4,0.06011929,12651789.0,598.26,694.3,744.09,779.15,11.18,776.99,771.89,-1.0,-1.0
66,365.5,366.4,353.2,1383428.0,26.33,-73.67,-0.04343733,702440876.0,296.53,341.43,370.8,383.31,19.24,381.68,374.66,1.0,1.0
67,615.0,620.0,585.25,245923.0,-3.71,-103.71,-0.08502056,-8180475.0,497.44,594.23,626.01,673.98,7.5,674.93,652.56,1.0,1.0
68,554.0,575.0,511.55,188160.0,6.12,-93.88,-0.01605445,-9105953.0,454.79,529.25,570.8,596.92,17.51,592.52,641.19,-1.0,1.0
69,340.2,344.5,336.4,510253.0,45.48,-54.52,-0.01991917,302112920.0,277.51,310.06,347.47,344.06,-0.59,343.28,344.93,1.0,1.0
70,538.3,552.9,535.0,89198.0,31.45,-68.55,0.02059324,10896104.0,426.84,486.82,532.04,544.65,53.31,542.47,554.63,-1.0,-1.0
71,524.0,553.45,489.25,11622015.0,19.58,-80.42,-0.08425926,679298638.0,456.46,514.88,577.67,577.13,20.59,572.44,601.56,-1.0,1.0
72,246.15,252.5,243.0,794321.0,7.58,-92.42,-0.06704331,334138885.0,205.59,236.78,259.1,264.72,11.69,265.31,259.07,-1.0,1.0
73,302.25,304.4,297.0,813612.0,14.37,-85.63,0.0206379,299209059.0,238.71,278.6,297.01,313.75,18.64,312.32,318.17,1.0,1.0
74,385.75,422.95,382.15,6946872.0,57.75,-42.25,0.09933255,411718016.0,305.31,349.73,381.44,391.67,47.32,389.84,392.14,-1.0,-1.0
75,143.95,145.5,140.1,295364.0,5.96,-94.04,-0.06349206,11466509.0,115.98,137.54,145.96,156.18,66.12,154.27,164.52,1.0,1.0
76,536.75,546.9,535.05,1019598.0,46.03,-53.97,-0.01431437,713324365.0,430.96,484.43,540.52,538.39,23.48,538.04,534.99,-1.0,-1.0
77,416.75,444.0,415.25,3597747.0,22.48,-77.52,0.01639155,427976521.0,337.04,393.46,423.89,445.08,43.55,442.1,475.03,-1.0,-1.0
78,1020.0,1028.0,982.0,62545.0,69.48,-30.52,0.03144816,12803028.0,791.99,890.12,985.76,988.81,-13.7,982.84,970.42,1.0,1.0
79,588.95,594.5,581.8,1434599.0,27.01,-72.99,-0.01829934,283052283.0,474.63,529.9,595.7,588.01,52.5,588.95,596.97,1.0,-1.0
80,408.0,437.9,403.1,3858651.0,83.71,-16.29,0.09472089,72717917.0,320.31,372.71,399.25,419.77,70.86,417.93,387.92,-1.0,-1.0
81,970.25,974.7,957.0,118742.0,79.57,-20.43,-0.03130165,-7278822.0,783.73,869.49,984.11,960.07,23.95,961.14,969.43,-1.0,-1.0
82,611.6,635.0,597.2,455270.0,52.46,-47.54,-0.00923879,-1898515.0,496.95,567.66,622.02,634.75,73.04,629.35,619.34,-1.0,1.0
83,482.0,494.5,477.0,1352467.0,79.5,-20.5,0.0656417,445136811.0,367.94,418.03,457.73,467.32,-3.36,462.84,461.57,-1.0,-1.0
84,760.0,778.0,742.5,377839.0,86.4,-13.6,0.06849979,-1727640.0,594.02,639.08,737.71,697.22,18.2,699.97,663.93,-1.0,1.0
85,381.95,387.45,369.15,2322891.0,86.25,-13.75,0.03643669,199488989.0,293.85,308.45,364.47,332.2,70.15,336.26,326.01,1.0,1.0
86,804.0,805.0,784.35,45959.0,21.33,-78.67,-0.03049563,9282324.0,649.83,729.41,814.12,809.53,20.84,809.63,798.46,1.0,1.0
87,498.4,518.0,490.05,512744.0,35.0,-65.0,0.0103648,98757698.0,400.06,454.43,500.99,506.88,-1.28,508.87,513.99,-1.0,-1.0
88,1150.0,1190.0,1150.0,194538.0,103.28,3.28,0.0497879,-5870714.0,915.28,1009.22,1141.24,1112.96,70.67,1116.01,1058.15,-1.0,-1.0
89,286.4,286.5,278.1,940574.0,50.76,-49.24,0.02963776,445069077.0,225.49,251.2,279.87,276.13,72.09,277.57,278.63,1.0,1.0
90,1120.0,1125.0,1080.0,100871.0,-6.3,-106.3,-0.04175365,-6769602.0,903.79,1014.49,1133.39,1125.41,83.9,1125.83,1126.57,1.0,1.0
91,338.0,344.5,333.6,1338437.0,5.03,-94.97,-0.00471559,208584049.0,275.6,327.04,344.6,371.09,39.5,367.16,377.05,-1.0,1.0
92,635.0,639.0,602.7,5595962.0,17.48,-82.52,-0.03086765,673061107.0,499.67,573.19,627.75,642.69,28.75,644.51,699.94,-1.0,-1.0
93,423.1,426.0,412.3,805354.0,-3.28,-103.28,-0.06030094,288744844.0,343.47,398.44,431.89,448.68,28.83,446.15,443.88,1.0,1.0
94,453.0,461.4,432.35,2849136.0,79.66,-20.34,0.1001006,228112318.0,332.57,355.86,409.5,385.62,63.95,387.6,378.39,1.0,1.0
95,632.45,634.55,611.0,2270727.0,40.06,-59.94,-0.01373692,714105589.0,505.56,565.1,631.68,627.26,54.05,627.84,624.19,1.0,1.0
96,445.0,449.8,431.1,286314.0,-19.43,-119.43,-0.08988058,96906563.0,375.19,427.36,472.18,477.89,57.23,476.46,477.97,1.0,1.0
97,375.0,375.7,363.3,1460038.0,87.52,-12.48,0.04798739,200929885.0,287.08,314.8,356.16,345.43,6.2,345.9,334.84,1.0,1.0
98,222.95,231.0,205.0,1122685.0,84.64,-15.36,0.22019395,19356746.0,156.14,163.96,189.01,176.43,45.62,178.42,168.14,1.0,-1.0
99,178.0,178.6,163.05,492955.0,53.67,-46.33,0.07584635,13034981.0,137.06,142.86,167.94,153.02,9.32,156.05,144.47,1.0,1.0
100,774.95,774.95,741.15,97572.0,28.56,-71.44,0.00685024,8499403.0,604.86,690.29,752.1,771.56,59.09,765.78,784.92,1.0,1.0
101,441.1,467.85,441.1,1064186.0,64.96,-35.04,0.05208096,134660025.0,353.57,405.49,440.46,454.35,59.59,452.74,453.81,-1.0,-1.0
102,393.95,395.45,371.0,1225020.0,48.98,-51.02,-0.08833922,469189943.0,323.23,361.35,406.46,399.87,31.42,400.51,361.43,1.0,1.0
103,1322.0,1334.0,1308.0,156801.0,64.44,-35.56,0.02076634,-6781990.0,1033.75,1165.2,1289.18,1295.48,39.96,1293.37,1310.51,-1.0,-1.0
104,903.9,924.0,894.0,73801.0,77.13,-22.87,0.07106689,12432007.0,705.71,769.3,875.19,843.34,57.94,846.36,840.13,1.0,1.0
105,830.0,845.0,825.0,32645.0,46.88,-53.12,0.00211353,11780451.0,669.77,746.72,838.29,828.3,59.7,828.54,828.02,-1.0,-1.0
106,528.5,543.5,522.1,2827643.0,96.68,-3.32,0.06081624,435216189.0,404.24,420.17,502.14,453.05,19.68,456.25,454.55,-1.0,-1.0
107,170.5,175.0,157.0,1731530.0,73.13,-26.87,0.07557955,16317234.0,135.71,150.44,167.57,166.93,54.94,166.31,149.71,1.0,1.0
108,252.5,260.6,249.6,191145.0,47.02,-52.98,-0.00369219,33872836.0,202.89,229.07,254.21,254.4,67.79,255.04,249.02,-1.0,-1.0
109,605.3,620.55,601.25,526161.0,38.01,-61.99,0.02569757,-6909600.0,477.09,539.16,594.08,600.22,79.02,598.52,611.99,1.0,1.0
110,360.0,366.2,351.0,630961.0,22.33,-77.67,0.00209732,443857291.0,293.65,341.16,367.01,382.0,31.56,382.5,385.43,-1.0,1.0
111,138.95,145.1,136.1,120240.0,4.52,-95.48,-0.08955717,10322195.0,116.21,146.2,147.12,169.57,69.87,167.4,180.14,-1.0,1.0
112,376.0,381.9,373.05,783453.0,94.6,-5.4,0.07618639,303406611.0,291.83,302.44,361.88,324.06,59.74,328.87,315.21,-1.0,-1.0
113,808.0,833.0,808.0,1042899.0,100.27,0.27,0.07752647,144250897.0,627.38,698.83,779.02,773.91,59.03,772.29,759.68,-1.0,-1.0
114,544.5,550.6,534.0,48735.0,58.44,-41.56,0.00205684,11123155.0,431.38,482.84,538.44,535.58,6.52,534.21,535.6,1.0,1.0
115,478.0,499.0,473.05,38524.0,78.83,-21.17,0.02227935,10854375.0,387.34,413.16,483.32,448.98,11.6,453.42,422.91,1.0,-1.0
116,149.7,165.9,142.0,2311341.0,92.96,-7.04,0.25525773,15699769.0,102.3,118.57,124.68,132.83,73.49,131.83,138.11,-1.0,-1.0
117,324.0,340.0,323.0,1216026.0,22.24,-77.76,-0.04983012,215542922.0,272.94,318.19,344.81,359.45,78.62,357.38,366.02,-1.0,-1.0
118,199.3,203.0,188.25,1458469.0,-9.17,-109.17,-0.19752569,131404781.0,177.54,213.65,225.99,245.0,13.85,242.59,251.72,1.0,1.0
119,753.0,761.95,747.55,559182.0,40.37,-59.63,0.07534737,137222057.0,587.51,663.47,728.56,739.81,67.26,734.37,769.66,-1.0,1.0
120,776.9,776.9,761.0,70807.0,27.35,-72.65,-0.04520128,8765719.0,630.32,714.02,792.45,796.48,34.37,795.22,801.81,1.0,1.0
121,475.0,475.0,446.0,93817.0,5.67,-94.33,-0.07693086,10942471.0,393.44,446.32,493.38,496.88,56.12,499.7,489.71,1.0,1.0
122,308.85,311.0,295.1,824676.0,6.02,-93.98,-0.05646947,188785790.0,247.61,284.87,310.7,319.86,58.52,317.24,326.71,1.0,1.0
123,219.0,220.4,215.0,472473.0,4.01,-95.99,-0.03534119,340254452.0,178.13,201.54,223.55,224.99,6.24,223.61,236.31,1.0,1.0
124,950.0,996.8,950.0,368123.0,101.7,1.7,0.04105308,-7819408.0,754.11,848.27,944.06,943.13,13.96,941.61,951.54,-1.0,-1.0
125,180.0,180.4,165.05,824726.0,50.25,-49.75,-0.00507311,13666646.0,136.71,152.49,169.62,169.76,6.07,167.0,160.67,1.0,1.0
126,281.0,291.85,278.95,1888242.0,101.13,1.13,0.08724326,327730927.0,217.18,228.98,269.9,247.76,36.6,250.24,241.95,-1.0,-1.0
127,626.0,628.45,607.05,2193358.0,68.21,-31.79,-0.01542811,626322978.0,499.4,544.17,623.35,595.41,70.87,599.98,580.65,1.0,1.0
128,506.0,506.0,485.25,182375.0,50.12,-49.88,-0.04026583,113478402.0,399.05,446.27,500.92,495.12,78.39,495.68,500.0,1.0,1.0
129,723.0,759.9,714.0,33721.0,43.11,-56.89,-0.00033434,12589780.0,588.64,675.34,736.73,756.2,6.53,754.03,759.41,-1.0,-1.0
130,449.0,454.5,440.55,502601.0,22.97,-77.03,-0.01277778,133625749.0,354.42,406.11,443.51,455.09,23.86,452.82,464.96,1.0,1.0
131,417.6,474.75,417.6,3655294.0,99.15,-0.85,0.10792301,138105648.0,333.83,390.17,418.3,439.42,64.42,437.7,448.11,-1.0,-1.0
132,237.1,239.25,232.0,1289228.0,5.34,-94.66,-0.07064458,340798316.0,197.72,219.41,247.93,243.28,41.26,242.79,246.4,1.0,1.0
133,332.1,335.0,323.7,814066.0,41.21,-58.79,-0.0100091,479226105.0,265.09,295.22,331.5,327.24,68.04,326.42,331.1,1.0,1.0
134,791.3,797.6,780.0,213003.0,35.17,-64.83,-0.01139081,145409412.0,633.14,725.67,791.79,812.92,80.24,809.71,812.94,1.0,1.0
135,378.55,381.5,368.1,475237.0,43.77,-56.23,0.01184641,445858215.0,300.43,331.25,374.14,365.96,-3.72,363.84,376.41,1.0,1.0
136,633.3,635.95,597.6,2488593.0,-8.55,-108.55,-0.08887212,719558331.0,519.9,587.59,653.24,655.09,6.98,654.49,638.32,1.0,1.0
137,376.0,383.9,374.7,1162937.0,45.48,-54.52,-0.02197379,208369214.0,308.2,342.51,387.13,380.13,4.15,380.63,372.28,-1.0,-1.0
138,634.0,655.0,624.0,558995.0,73.68,-26.32,-0.02306536,-1525616.0,508.34,555.82,639.92,607.76,54.67,612.54,585.69,-1.0,-1.0
139,893.0,926.0,890.05,110541.0,77.9,-22.1,0.08422619,12505808.0,691.56,761.69,858.1,838.59,58.33,839.44,833.87,-1.0,-1.0
140,787.0,808.85,761.0,1453775.0,75.53,-24.47,0.00683793,137055999.0,642.29,680.08,802.11,736.27,46.89,748.65,701.13,1.0,1.0
141,562.9,562.9,549.2,940046.0,20.02,-79.98,-0.0178269,718665256.0,446.85,509.03,558.87,568.18,26.9,568.0,565.1,1.0,1.0
142,547.95,550.85,535.4,1064846.0,21.86,-78.14,-0.01270334,714939445.0,433.98,505.32,542.95,570.1,43.05,568.21,585.48,1.0,1.0
143,917.0,950.0,772.9,742615.0,31.7,-68.3,-0.02380584,-7905474.0,760.49,860.37,956.19,956.25,74.42,958.03,975.1,-1.0,1.0
144,234.55,243.65,234.55,690235.0,29.74,-70.26,-0.0227365,341290520.0,192.97,221.03,242.69,247.61,5.43,247.22,247.26,-1.0,-1.0
145,458.0,474.95,449.95,1426693.0,93.82,-6.18,0.04866316,132609702.0,363.8,402.87,452.53,444.27,46.31,444.27,430.69,-1.0,-1.0
146,505.5,519.5,505.25,302570.0,4.17,-95.83,-0.05290214,91557069.0,420.85,479.45,529.44,536.16,10.57,534.19,544.19,-1.0,1.0
147,218.5,223.7,213.3,1377187.0,-6.94,-106.94,-0.13881697,296869047.0,191.08,227.32,242.35,259.19,22.44,256.85,263.6,1.0,1.0
148,369.0,386.9,366.0,3551117.0,90.82,-9.18,0.17666202,387864518.0,282.91,269.91,347.93,280.17,31.12,282.75,275.73,-1.0,-1.0
149,390.8,393.4,385.55,1423216.0,95.52,-4.48,0.03825575,713940537.0,301.65,329.56,375.43,360.77,47.97,363.53,352.69,1.0,-1.0
150,307.3,334.75,301.45,2154397.0,12.79,-87.21,-0.06486565,289847841.0,263.3,319.43,332.76,364.19,19.8,369.51,365.26,-1.0,-1.0
151,374.95,379.4,367.2,1124415.0,78.92,-21.08,0.04233103,198364574.0,296.48,315.31,368.19,340.97,71.51,343.97,328.97,1.0,1.0
152,241.0,247.55,237.65,938933.0,14.01,-85.99,-0.13159316,319201923.0,205.92,240.4,262.5,270.63,20.04,270.85,255.42,-1.0,1.0
153,245.9,247.45,234.1,757655.0,-23.51,-123.51,-0.06452253,340005515.0,197.81,223.12,247.73,248.07,11.31,248.39,250.72,1.0,1.0
154,559.0,573.55,552.0,5011268.0,84.27,-15.73,-0.00497339,597806770.0,453.66,502.64,567.77,554.23,90.23,561.28,524.86,-1.0,-1.0
155,327.5,327.5,308.25,1704977.0,-31.31,-131.31,-0.06284853,194047185.0,266.39,303.65,333.33,339.79,43.49,338.05,351.84,1.0,1.0
156,336.15,340.05,328.55,857085.0,43.76,-56.24,0.01191932,194791989.0,267.61,297.38,332.66,329.42,15.49,328.69,331.03,1.0,1.0
157,174.5,179.4,173.4,941353.0,15.04,-84.96,0.03293149,131190058.0,139.09,158.02,173.14,176.44,56.92,176.05,179.24,-1.0,1.0
158,323.9,323.9,304.25,1141871.0,23.79,-76.21,-0.07646798,474177840.0,261.2,293.36,328.07,324.55,46.03,328.09,352.54,1.0,1.0
159,547.35,560.0,535.0,1040841.0,97.73,-2.27,0.14128517,114204873.0,413.57,444.62,509.86,484.6,40.25,485.57,477.01,-1.0,-1.0
160,126.9,129.5,123.1,99219.0,10.5,-89.5,-0.06969147,10037666.0,103.5,126.41,131.05,145.81,61.71,142.73,162.85,-1.0,1.0
161,254.4,265.9,254.0,2632795.0,91.66,-8.34,0.07357449,161152518.0,196.48,218.94,244.92,242.4,66.76,241.72,227.77,-1.0,-1.0
162,413.0,427.95,409.15,5355587.0,27.73,-72.27,-0.03632355,527403420.0,344.47,390.29,431.1,436.25,67.94,432.35,433.67,1.0,1.0
163,700.0,709.9,677.1,137550.0,60.05,-39.95,0.04884144,-7771930.0,548.12,591.16,679.25,645.08,8.18,643.7,660.54,1.0,1.0
164,242.0,249.0,239.5,96486.0,45.17,-54.83,-0.04188895,32393839.0,202.57,226.83,253.51,251.32,51.24,251.65,250.6,1.0,1.0
165,170.55,174.0,146.15,383832.0,10.85,-89.15,-0.2533301,16179932.0,155.68,176.71,198.73,196.94,42.55,198.07,186.65,1.0,1.0
166,157.9,201.0,146.0,2137147.0,63.45,-36.55,0.31486676,19696964.0,121.82,149.24,150.66,172.47,31.27,168.17,188.03,-1.0,-1.0
167,989.95,1000.0,967.2,354127.0,86.9,-13.1,0.02036128,-7514822.0,774.0,879.49,965.1,979.77,8.32,981.18,962.82,1.0,1.0
168,1254.05,1264.0,1237.85,185130.0,72.74,-27.26,-0.0066664,-8631282.0,1005.88,1128.63,1257.65,1251.72,56.89,1255.13,1245.02,1.0,1.0
169,451.0,468.95,437.95,5988544.0,93.37,-6.63,0.05003388,429505252.0,356.44,392.99,443.0,432.71,55.2,435.2,407.02,-1.0,-1.0
170,328.7,345.7,327.5,2828966.0,18.13,-81.87,-0.05352152,191967311.0,277.65,320.42,350.73,360.88,67.06,358.17,373.09,-1.0,-1.0
171,385.05,390.0,371.0,2165485.0,1.51,-98.49,-0.12348725,703600074.0,334.0,389.71,423.0,440.93,34.57,437.32,451.09,1.0,1.0
172,996.8,1049.7,981.0,680519.0,121.8,21.8,0.04045184,-7118903.0,789.19,866.49,986.43,955.43,8.54,956.39,949.62,-1.0,-1.0
173,232.05,232.05,224.0,761335.0,-13.49,-113.49,-0.14569161,125351117.0,198.21,233.81,251.12,265.84,35.91,263.48,268.99,1.0,1.0
174,288.0,298.5,282.15,1189017.0,72.17,-27.83,-0.06028252,31647671.0,235.89,245.96,297.46,263.57,-2.97,270.76,237.17,1.0,-1.0
175,1200.0,1205.0,1150.25,233725.0,52.67,-47.33,0.01472645,-5170426.0,930.9,1033.82,1157.5,1142.04,0.14,1143.57,1143.61,1.0,1.0
176,506.95,519.25,490.5,2086523.0,1.52,-98.48,-0.06245878,280028204.0,410.51,471.35,516.41,527.77,53.27,525.86,537.49,1.0,1.0
177,330.85,335.0,322.0,842158.0,60.26,-39.74,-0.06336806,457383562.0,263.69,305.37,331.42,342.95,38.41,343.75,336.64,1.0,-1.0
178,612.0,629.85,609.05,2808997.0,28.4,-71.6,-0.02703765,716914586.0,503.84,564.23,632.14,627.21,34.49,624.88,625.36,-1.0,-1.0
179,535.0,553.4,517.6,6251231.0,35.68,-64.32,0.04747831,686532863.0,433.77,502.51,540.37,560.97,44.54,566.54,578.34,-1.0,1.0
180,640.0,643.0,596.2,83885.0,11.51,-88.49,-0.00496401,-8664947.0,507.2,615.23,632.47,702.43,4.17,698.56,731.32,1.0,1.0
181,475.5,482.3,445.0,3067872.0,40.77,-59.23,-0.10224581,429833590.0,391.71,441.49,497.06,489.34,34.65,497.44,461.32,-1.0,1.0
182,449.0,451.9,405.55,553866.0,-45.9,-145.9,-0.05501004,134824683.0,356.36,406.28,445.54,453.99,63.51,453.48,451.69,1.0,1.0
183,790.0,796.0,705.0,43709.0,28.62,-71.38,-0.1751649,12204781.0,608.56,753.46,777.68,867.09,38.21,860.55,910.92,1.0,-1.0
184,1290.0,1294.9,1276.0,74722.0,73.11,-26.89,-0.01338873,-6167097.0,1030.91,1153.32,1289.29,1279.16,17.19,1276.84,1271.29,1.0,1.0
185,623.0,626.0,608.0,4125223.0,84.18,-15.82,0.08420124,707271568.0,475.66,510.51,587.67,556.6,45.33,557.24,545.28,1.0,1.0
186,259.5,275.7,255.1,1930371.0,11.15,-88.85,-0.07771933,127328737.0,221.48,265.48,281.83,304.32,34.41,296.45,351.46,-1.0,-1.0
187,174.8,176.8,168.15,423102.0,56.86,-43.14,0.02070207,16052089.0,137.99,152.86,171.32,169.3,-0.94,167.84,167.56,1.0,1.0
188,1370.0,1370.0,1316.3,269799.0,73.72,-26.28,0.02807113,-7266430.0,1064.33,1161.01,1320.44,1273.98,7.75,1275.13,1266.4,1.0,1.0
189,440.0,455.0,440.0,825115.0,50.93,-49.07,0.01198745,133595839.0,352.5,406.22,441.32,455.88,54.67,455.92,453.81,-1.0,-1.0
190,378.1,389.3,378.1,541523.0,24.53,-75.47,0.0234406,444498892.0,303.5,356.09,379.39,403.1,40.4,399.4,436.1,-1.0,-1.0
191,322.0,338.9,320.95,4264503.0,32.57,-67.43,-0.01779789,301581741.0,257.58,299.01,323.5,336.76,17.08,334.6,340.17,-1.0,-1.0
192,751.7,773.7,725.5,10198949.0,80.07,-19.93,0.13179432,662786111.0,553.84,589.46,678.57,638.78,17.52,642.42,623.69,1.0,1.0
193,408.0,454.85,408.0,7262788.0,100.73,0.73,0.32073467,72103601.0,292.06,305.1,354.04,326.77,32.42,329.23,308.27,-1.0,-1.0
194,1200.1,1205.9,1146.15,194101.0,-21.21,-121.21,-0.05193579,-5232902.0,966.3,1097.49,1210.41,1227.0,42.97,1220.71,1239.21,1.0,1.0
195,331.0,344.7,327.85,3193688.0,87.96,-12.04,0.20125,188123840.0,249.88,252.22,305.37,266.31,16.7,269.98,254.47,-1.0,-1.0
196,936.0,950.0,933.0,45351.0,11.74,-88.26,-0.01904663,-7242020.0,761.38,871.24,955.29,974.77,35.78,971.04,990.31,-1.0,-1.0
197,242.9,250.0,227.1,335711.0,15.54,-84.46,-0.09578018,32058128.0,200.45,226.26,252.04,251.75,57.64,252.31,249.54,1.0,1.0
198,715.0,724.5,698.0,85810.0,15.6,-84.4,-0.06176628,8286624.0,582.66,670.06,730.38,749.67,43.89,746.95,765.65,1.0,1.0
199,546.0,565.2,535.5,3305933.0,69.6,-30.4,-0.04741641,293038846.0,457.38,499.38,573.48,546.57,6.07,550.4,535.93,1.0,1.0
200,246.0,247.4,241.05,866119.0,14.71,-85.29,-0.09584962,320068042.0,198.61,237.98,251.47,270.03,17.48,270.17,258.1,-1.0,1.0
201,235.0,243.5,229.0,2055851.0,38.3,-61.7,-0.00020851,133962296.0,191.95,212.09,240.34,233.91,68.22,234.87,237.38,-1.0,1.0
202,356.0,374.2,352.2,2634007.0,27.99,-72.01,0.06298422,700352898.0,280.96,330.43,349.88,374.84,19.31,367.07,404.97,-1.0,-1.0
203,267.55,274.95,243.6,1547504.0,-38.01,-138.01,-0.12869052,316145998.0,222.73,252.75,280.6,282.25,53.44,280.22,285.92,1.0,1.0
204,420.0,426.0,414.15,41613.0,-5.33,-105.33,-0.12139335,11048987.0,356.33,437.73,450.57,502.06,1.98,498.09,518.73,1.0,1.0
205,860.0,947.0,820.0,70384.0,11.82,-88.18,-0.09317105,11203443.0,722.62,828.88,911.33,929.64,12.34,928.27,931.77,1.0,-1.0
206,320.0,320.0,277.0,1427381.0,69.36,-30.64,0.00736483,32262788.0,235.45,230.33,290.78,239.99,16.16,243.75,230.18,1.0,1.0
207,305.0,306.2,288.05,1246798.0,57.3,-42.7,0.0257541,132124662.0,235.59,253.12,292.24,275.51,2.73,275.49,286.22,1.0,1.0
208,598.05,667.0,576.15,108686.0,17.33,-82.67,-0.11267984,-8442711.0,548.53,650.63,702.31,741.73,26.09,733.79,744.71,-1.0,-1.0
209,599.0,599.0,574.2,2073165.0,52.2,-47.8,-0.07429671,266096785.0,476.34,540.16,601.26,600.55,57.6,606.32,564.76,1.0,-1.0
210,170.0,175.4,167.05,628774.0,46.33,-53.67,0.03774155,14403514.0,131.98,151.02,165.01,168.57,3.56,168.72,166.56,-1.0,-1.0
211,934.95,948.65,897.0,78951.0,34.58,-65.42,-0.00093232,11523834.0,748.12,831.15,933.19,918.29,37.24,920.12,912.43,1.0,1.0
212,798.0,803.9,790.0,53452.0,28.12,-71.88,-0.00882426,9349324.0,638.62,727.4,799.12,811.94,24.57,812.96,805.04,-1.0,1.0
213,1213.0,1227.7,1191.0,273728.0,32.16,-67.84,-0.02070502,-5162921.0,970.71,1111.61,1214.55,1243.17,33.63,1240.71,1238.5,1.0,1.0
214,275.0,284.6,273.0,853009.0,59.42,-40.58,-0.0272743,445901815.0,225.54,254.22,283.57,283.34,70.12,282.54,276.37,-1.0,-1.0
215,695.0,695.0,677.05,15558.0,54.71,-45.29,0.01517857,-7787488.0,554.57,595.45,690.95,647.86,14.18,650.63,650.46,1.0,1.0
216,405.0,416.4,377.0,4223855.0,64.57,-35.43,-0.1231449,406425333.0,323.43,363.34,409.61,401.6,63.16,403.51,373.62,1.0,1.0
217,770.0,781.0,722.0,91962.0,53.85,-46.15,-0.02986116,8497796.0,622.55,697.28,780.94,772.05,44.46,774.72,749.65,1.0,1.0
218,790.0,811.8,790.0,56202.0,30.0,-70.0,0.0110943,9405526.0,637.2,726.31,796.3,811.52,19.75,809.17,807.2,-1.0,-1.0
219,228.05,230.3,220.0,425250.0,33.74,-66.26,-0.04205106,343080258.0,184.08,203.25,231.19,224.23,50.47,224.22,224.14,1.0,1.0
220,552.0,553.5,503.7,1200802.0,-14.94,-114.94,-0.17842257,143223667.0,473.94,540.03,600.85,605.67,34.71,601.36,643.51,1.0,1.0
221,263.0,265.9,256.0,1037104.0,47.64,-52.36,-0.02005247,137420245.0,206.81,233.34,259.4,258.17,6.25,258.65,252.27,-1.0,1.0
222,466.3,468.3,450.6,928152.0,47.52,-52.48,0.03418512,431199093.0,364.62,394.84,453.35,433.76,68.92,433.05,445.7,1.0,1.0
223,398.15,399.95,382.3,1216561.0,45.85,-54.15,-0.03191622,406222328.0,318.21,367.35,397.4,414.25,65.27,413.21,394.9,1.0,1.0
224,325.0,335.0,309.0,38056.0,-7.93,-107.93,-0.21123764,11091263.0,298.34,354.74,379.9,404.41,-0.73,401.89,418.31,1.0,1.0
225,240.0,240.0,229.25,128875.0,19.75,-80.25,-0.07790651,32122109.0,192.09,223.07,241.93,250.8,61.07,250.9,249.26,1.0,1.0
226,726.0,739.95,718.35,210403.0,72.34,-27.66,0.01984518,5840393.0,578.24,645.77,720.78,715.17,49.54,715.74,718.76,1.0,-1.0
227,819.75,819.75,791.0,338444.0,39.91,-60.09,-0.04819494,146115639.0,659.22,736.33,825.93,815.95,49.9,817.08,817.75,1.0,1.0
228,466.5,485.5,464.85,906725.0,67.62,-32.38,0.01357128,137597438.0,373.64,423.06,466.77,469.51,24.61,470.67,463.06,-1.0,-1.0
229,805.0,825.0,802.25,56604.0,32.81,-67.19,-0.01732388,11726366.0,661.91,740.83,828.44,821.38,55.34,819.92,824.13,-1.0,1.0
230,412.0,429.85,390.05,37405.0,16.43,-83.57,-0.06581716,11264481.0,327.02,377.95,412.35,425.62,1.7,423.42,467.08,1.0,-1.0
231,228.0,244.3,222.0,3519594.0,72.49,-27.51,0.02809706,154392310.0,191.1,197.7,239.38,212.45,67.36,215.64,196.05,-1.0,-1.0
232,332.75,337.35,331.65,123914.0,19.25,-80.75,-0.01784931,196186961.0,268.08,313.11,336.06,353.71,8.89,351.11,353.67,-1.0,1.0
233,205.0,209.45,198.0,356934.0,43.15,-56.85,-0.08624972,23614820.0,171.56,189.94,215.78,208.96,79.32,210.98,204.64,1.0,1.0
234,146.8,151.4,139.05,663421.0,-5.37,-105.37,-0.10016,11019479.0,121.64,143.81,153.46,163.68,75.38,161.74,165.48,1.0,1.0
235,533.8,539.3,530.6,672784.0,27.6,-72.4,-0.0267589,712304767.0,433.9,484.43,544.61,537.77,-14.78,538.2,536.39,-1.0,-1.0
236,625.0,649.8,581.75,161484.0,64.67,-35.33,0.06729096,-1737031.0,495.78,563.85,617.76,627.55,63.88,626.61,628.67,-1.0,1.0
237,148.3,158.0,145.9,29757.0,8.95,-91.05,-0.29758652,10617481.0,149.28,196.07,195.91,232.92,37.88,227.49,261.22,-1.0,1.0
238,293.6,294.5,285.0,607527.0,75.58,-24.42,-0.00924974,301223741.0,231.64,255.68,289.77,281.93,22.18,283.12,276.12,1.0,-1.0
239,790.0,790.0,741.1,677170.0,22.68,-77.32,-0.09929463,152660666.0,652.2,732.1,819.41,813.09,17.97,813.74,846.63,1.0,1.0
240,1336.0,1337.0,1316.0,87544.0,75.06,-24.94,-0.00951706,-7180235.0,1061.86,1197.46,1328.92,1333.32,53.94,1325.91,1313.82,1.0,1.0
241,172.5,175.6,165.6,866967.0,54.43,-45.57,0.04981436,12790998.0,131.37,148.91,163.3,165.11,14.78,166.75,158.87,-1.0,-1.0
242,289.0,322.65,286.4,11364080.0,209.58,109.58,0.27454079,371703093.0,204.6,234.7,253.65,262.47,53.56,261.36,265.41,-1.0,-1.0
243,1148.05,1148.05,1115.0,170650.0,56.17,-43.83,0.05934242,-6957103.0,889.96,998.05,1103.43,1108.39,17.05,1107.88,1122.07,1.0,1.0
244,251.4,253.9,248.25,472486.0,16.36,-83.64,-0.02246971,338260358.0,206.71,230.21,259.09,255.09,18.68,255.42,254.47,1.0,1.0
245,195.95,207.95,189.2,221043.0,34.01,-65.99,0.32025932,11254767.0,131.75,163.31,160.74,189.97,-0.38,185.57,220.79,-1.0,-1.0
246,229.3,229.8,223.15,309809.0,51.85,-48.15,-0.03002359,345407040.0,181.62,203.99,227.57,225.38,79.08,227.4,218.45,1.0,1.0
247,205.0,212.0,205.0,590404.0,99.86,-0.14,0.12153805,19194128.0,156.03,165.61,192.88,179.7,35.26,182.24,165.87,-1.0,-1.0
248,362.2,366.9,352.55,413508.0,23.44,-76.56,-0.05854368,444076052.0,290.84,337.35,365.42,380.45,-4.98,380.31,379.3,1.0,1.0
249,289.0,294.45,286.1,911693.0,26.23,-73.77,0.09283418,439925387.0,219.11,251.54,270.07,281.82,75.54,278.63,310.44,-1.0,-1.0
250,419.1,431.0,392.05,2487895.0,-16.16,-116.16,-0.20062633,131531708.0,365.04,426.87,465.52,480.9,69.18,484.12,470.21,1.0,1.0
251,540.95,542.85,536.0,685144.0,41.99,-58.01,-0.00249723,714783220.0,430.35,484.71,538.66,539.37,6.01,537.8,538.26,-1.0,-1.0
252,571.8,572.1,532.1,4911200.0,26.71,-73.29,-0.08978618,680281632.0,444.31,505.16,556.91,561.85,37.1,561.01,586.98,1.0,1.0
253,634.8,651.5,618.2,2382156.0,57.63,-42.37,0.13637181,-8743232.0,487.57,518.12,599.19,562.39,47.68,563.31,563.96,-1.0,1.0
254,763.45,768.2,696.45,5157322.0,54.45,-45.55,-0.0550624,682736911.0,610.27,675.63,762.31,745.94,4.64,747.82,714.67,1.0,1.0
255,723.05,751.0,721.85,634730.0,88.91,-11.09,0.02159376,6294034.0,572.61,643.83,715.41,715.72,66.87,714.54,717.13,-1.0,-1.0
256,560.0,580.0,540.0,98171.0,17.08,-82.92,0.07696833,11046250.0,427.13,508.64,527.11,578.78,37.21,573.01,625.6,1.0,1.0
257,171.9,176.5,170.3,1180006.0,8.18,-91.82,-0.02620456,130494589.0,138.55,158.46,174.03,176.96,83.97,176.8,195.43,-1.0,1.0
258,245.5,254.0,243.3,1021932.0,14.39,-85.61,-0.01436552,338979623.0,198.42,228.2,248.71,255.06,53.16,255.05,253.08,-1.0,1.0
259,380.3,382.15,368.5,616512.0,64.18,-35.82,0.01375272,217637258.0,299.33,337.26,373.26,374.59,62.37,375.81,360.71,1.0,1.0
260,950.0,957.95,920.0,185287.0,22.53,-77.47,-0.03122063,-7470692.0,765.99,857.23,958.36,949.89,9.98,951.36,945.92,1.0,1.0
261,349.25,352.0,342.15,821107.0,7.34,-92.66,-0.00216045,300913702.0,278.39,315.34,347.94,350.72,32.68,351.37,363.61,1.0,1.0
262,340.8,358.45,335.5,2828379.0,103.74,3.74,0.06096465,459527530.0,267.09,281.47,333.22,302.97,91.87,305.91,292.35,-1.0,-1.0
263,460.0,466.4,449.95,1223641.0,81.82,-18.18,0.0077962,131183009.0,363.09,401.47,452.44,443.56,45.75,443.57,428.84,1.0,1.0
264,455.85,461.2,445.3,617210.0,42.13,-57.87,-0.06915114,444467262.0,379.48,431.81,477.71,482.58,21.03,480.99,473.09,1.0,1.0
265,875.0,905.0,860.0,384583.0,46.8,-53.2,0.03628938,11597501.0,691.0,806.22,860.76,906.46,13.56,904.36,918.45,-1.0,-1.0
266,1138.55,1156.0,1130.25,151566.0,29.05,-70.95,0.0032674,-5338847.0,909.68,1023.59,1134.98,1136.28,0.16,1139.8,1166.96,1.0,1.0
267,558.25,565.95,552.1,584581.0,48.5,-51.5,0.05859486,93600807.0,431.92,492.34,536.72,549.88,2.16,547.07,559.54,-1.0,-1.0
268,315.0,323.7,312.5,818219.0,44.64,-55.36,-0.05807893,192794048.0,263.89,297.14,331.18,329.78,65.21,331.2,320.77,1.0,1.0
269,1255.0,1270.0,1252.25,214946.0,76.53,-23.47,-0.00189723,-8446152.0,1006.36,1125.12,1260.01,1246.63,59.04,1249.13,1238.81,-1.0,-1.0
270,725.7,740.0,705.0,539025.0,81.58,-18.42,0.12844108,4996711.0,555.17,593.85,684.01,645.38,39.4,648.21,640.19,-1.0,1.0
271,452.0,458.0,441.65,726344.0,-6.4,-106.4,-0.09469197,144094218.0,380.78,440.01,480.21,494.99,-9.23,493.38,492.11,1.0,1.0
272,246.45,249.0,242.7,1261105.0,75.65,-24.35,0.00761944,155121511.0,192.13,206.92,239.57,224.32,66.01,226.83,206.57,1.0,-1.0
273,266.7,268.15,258.0,1234051.0,42.68,-57.32,0.03011811,339704696.0,205.65,228.37,255.74,251.84,2.46,252.76,259.47,1.0,1.0
274,1280.0,1300.0,1276.25,43069.0,82.86,-17.14,0.00414745,-6092375.0,1029.84,1149.37,1289.28,1274.16,32.34,1277.34,1270.39,-1.0,-1.0
275,259.0,271.45,253.2,265876.0,60.13,-39.87,0.0096135,33786347.0,205.37,225.18,255.47,247.43,88.55,248.04,248.08,1.0,1.0
276,336.95,354.75,334.0,1228763.0,45.81,-54.19,0.00300343,216771685.0,269.42,314.52,338.86,354.98,78.17,352.02,364.82,-1.0,-1.0
277,506.0,551.8,506.0,3654784.0,127.95,27.95,0.111609,111439375.0,389.85,431.85,483.65,476.47,40.63,478.19,471.07,-1.0,-1.0
278,460.0,460.0,447.3,314117.0,46.73,-53.27,0.00133705,135278144.0,365.94,407.17,456.13,450.14,74.79,451.13,446.97,1.0,1.0
279,480.1,496.0,461.05,339500.0,45.6,-54.4,-0.01852971,113138902.0,394.93,446.38,494.32,496.15,74.84,496.71,496.94,1.0,1.0
280,613.5,642.0,602.1,5469511.0,100.11,0.11,0.02457042,631792489.0,497.49,548.85,623.49,604.14,65.04,609.13,585.45,-1.0,-1.0
281,434.4,446.7,429.75,1131074.0,51.49,-48.51,0.01009637,708957261.0,346.74,405.32,434.45,456.44,40.86,456.36,459.77,-1.0,-1.0
282,505.1,524.5,505.1,309255.0,52.0,-48.0,-0.00709764,115150782.0,409.7,463.08,514.04,514.42,29.92,514.54,519.3,-1.0,-1.0
283,560.0,569.2,530.2,7428503.0,83.09,-16.91,0.20234929,245849474.0,391.01,394.75,474.58,416.84,76.9,425.02,396.65,1.0,1.0
284,560.7,565.0,550.0,169351.0,61.31,-38.69,0.00601544,-9975727.0,448.97,511.34,560.85,569.38,67.39,569.98,545.34,1.0,1.0
285,990.0,990.0,961.0,57686.0,31.17,-68.83,-0.0061214,-6952849.0,782.07,894.91,976.47,998.19,42.04,999.6,977.61,1.0,1.0
286,635.0,643.0,626.0,181855.0,64.08,-35.92,-0.02583198,-7019229.0,508.65,579.41,636.73,646.03,33.69,646.72,647.36,1.0,-1.0
287,1162.0,1175.0,1118.0,390634.0,31.62,-68.38,-0.00708564,-5561060.0,934.27,1036.34,1165.45,1145.12,4.02,1144.92,1141.3,1.0,1.0
288,466.0,480.0,464.0,75483.0,33.3,-66.7,0.01865952,11046462.0,368.45,426.54,461.71,480.42,17.32,478.91,491.52,-1.0,-1.0
289,493.0,498.3,485.2,927046.0,80.59,-19.41,0.08749722,446063857.0,373.96,417.12,462.42,461.44,-7.06,459.51,466.98,-1.0,-1.0
290,875.0,907.65,848.35,1583637.0,83.17,-16.83,0.02973808,155598570.0,700.99,772.28,875.48,846.82,42.42,851.21,826.88,-1.0,1.0
291,147.15,150.0,134.1,100757.0,-5.83,-105.83,-0.17915408,10201955.0,122.14,151.62,155.03,175.18,62.3,172.91,183.66,1.0,1.0
292,559.9,576.0,551.2,124834.0,25.15,-74.85,0.01217407,11026486.0,443.92,493.25,554.43,549.65,49.25,541.97,592.12,1.0,-1.0
293,532.9,541.6,531.0,360920.0,63.9,-36.1,0.01487588,117508573.0,421.78,477.15,526.9,531.61,64.44,529.93,528.93,-1.0,-1.0
294,343.5,357.1,341.7,1467661.0,74.1,-25.9,0.03139278,302467398.0,273.92,309.3,341.55,343.9,11.23,343.52,346.04,-1.0,-1.0
295,672.9,677.85,662.15,196732.0,33.82,-66.18,-0.01224308,-4767580.0,536.87,616.34,670.6,690.83,26.52,690.32,690.83,1.0,1.0
296,510.0,572.0,505.2,6062962.0,65.69,-34.31,0.11247874,292795069.0,406.26,459.79,507.25,508.89,27.33,507.74,539.59,-1.0,-1.0
297,1080.0,1127.0,1066.05,357598.0,55.45,-44.55,0.11491405,-6549165.0,822.59,931.36,1016.34,1037.02,74.49,1032.25,1091.52,-1.0,1.0
298,143.75,154.75,143.75,389049.0,77.65,-22.35,0.11214605,10266552.0,114.62,123.23,140.99,133.49,73.37,134.28,136.18,1.0,-1.0
299,649.8,710.7,647.0,3076862.0,114.62,14.62,0.06210736,127765178.0,501.01,559.56,624.44,619.74,70.66,619.89,608.37,-1.0,-1.0
300,970.0,970.0,700.0,98613.0,-73.13,-173.13,-0.16575441,12256812.0,713.78,821.19,895.1,923.79,40.73,918.62,959.33,1.0,1.0
301,575.0,575.0,561.5,86405.0,29.06,-70.94,-0.02232951,-2746270.0,456.87,502.78,573.11,555.25,43.7,557.44,581.17,-1.0,-1.0
302,165.5,165.5,146.3,100637.0,0.47,-99.53,-0.16662077,10475112.0,139.28,164.94,176.12,186.85,33.42,187.24,184.34,1.0,1.0
303,247.0,253.15,241.6,115590.0,48.45,-51.55,-0.06744587,33073661.0,199.61,218.03,251.13,240.29,44.07,239.53,247.28,1.0,1.0
304,235.0,237.5,225.2,226279.0,30.62,-69.38,-0.00662676,30770564.0,189.04,209.0,236.3,230.63,47.92,231.08,229.87,1.0,1.0
305,265.05,269.4,255.0,1288125.0,39.2,-60.8,-0.03542133,336185571.0,217.11,236.45,271.56,259.44,17.16,260.29,254.92,1.0,1.0
306,549.75,559.4,530.0,1242912.0,40.49,-59.51,-0.02178868,288124764.0,437.72,504.54,547.54,565.56,13.51,565.22,546.9,1.0,1.0
307,358.0,373.2,357.0,966616.0,20.45,-79.55,-0.01817689,444948290.0,302.01,338.31,375.36,375.32,19.47,375.79,367.67,1.0,1.0
308,676.0,680.6,667.05,407075.0,63.13,-36.87,0.00689862,127832918.0,538.59,586.58,672.88,642.49,80.43,643.54,630.68,1.0,1.0
309,493.9,497.8,475.5,566171.0,-6.25,-106.25,-0.13181242,285412529.0,421.89,497.4,534.15,564.75,50.21,561.14,571.3,1.0,1.0
310,496.5,504.9,492.4,269993.0,56.61,-43.39,0.002331,114586206.0,397.17,444.44,496.14,493.01,46.68,492.75,496.47,1.0,-1.0
311,812.0,816.2,765.0,333120.0,18.56,-81.44,-0.03422693,9135438.0,640.95,719.54,800.12,798.89,22.1,797.97,809.18,1.0,1.0
312,763.0,770.0,741.0,39813.0,46.14,-53.86,-0.01085518,8814686.0,604.37,675.82,755.95,750.63,70.39,747.06,755.57,1.0,1.0
313,290.6,290.6,264.15,342658.0,6.29,-93.71,-0.15421228,11463295.0,230.8,304.6,290.27,358.36,22.7,352.95,385.6,1.0,1.0
314,665.0,665.0,626.0,301164.0,62.08,-37.92,0.08167808,-2066655.0,510.0,540.13,627.52,585.79,41.98,587.28,569.93,1.0,1.0
315,502.4,508.5,477.7,6705401.0,2.03,-97.97,-0.1057946,670094358.0,416.93,481.99,526.62,540.97,54.19,541.74,548.39,1.0,1.0
316,308.5,310.7,289.0,1555177.0,18.69,-81.31,-0.02537313,187925093.0,239.01,285.65,297.41,324.54,68.02,321.82,326.95,1.0,1.0
317,510.0,531.85,503.1,477937.0,55.33,-44.67,-0.00135174,115315502.0,413.08,462.54,517.34,513.16,37.1,513.58,519.66,-1.0,-1.0
318,254.5,254.5,242.1,98008.0,48.69,-51.31,0.00891007,33189251.0,199.18,218.72,248.63,241.76,36.37,240.39,248.77,1.0,1.0
319,529.2,534.4,525.1,1333715.0,8.2,-91.8,-0.02243857,713889272.0,430.86,484.66,540.18,539.19,14.9,538.87,539.49,-1.0,1.0
320,531.8,564.4,530.9,4596831.0,88.22,-11.78,-0.0109655,244339792.0,432.48,437.06,544.6,464.0,60.12,472.25,425.77,-1.0,-1.0
321,388.0,397.8,383.45,1766917.0,95.81,-4.19,0.04996642,715707454.0,304.51,334.14,378.41,366.46,28.06,369.53,354.34,-1.0,-1.0
322,260.0,264.0,256.05,628531.0,60.07,-39.93,0.00858202,33512569.0,207.23,231.38,259.35,257.04,92.72,256.0,254.81,-1.0,-1.0
323,344.5,346.9,328.25,789609.0,11.79,-88.21,-0.07055859,196030538.0,278.96,319.6,350.6,356.79,5.82,357.73,348.67,1.0,1.0
324,555.35,556.0,537.05,759681.0,-16.41,-116.41,-0.06905349,290768637.0,463.45,521.24,582.02,579.57,16.96,580.4,583.23,1.0,1.0
325,955.0,955.0,938.8,130694.0,35.3,-64.7,0.0322528,-7871375.0,750.77,852.24,935.61,949.4,32.74,948.29,959.59,-1.0,1.0
326,705.0,722.9,705.0,667449.0,16.97,-83.03,-0.02300812,154702651.0,573.22,656.19,719.54,735.53,4.53,729.05,750.04,-1.0,-1.0
327,571.9,575.85,548.4,5685038.0,88.52,-11.48,0.02941441,596444673.0,449.49,491.14,560.84,536.81,88.97,540.91,504.74,-1.0,1.0
328,385.5,393.0,382.25,1546629.0,96.11,-3.89,0.04778477,200126288.0,303.91,335.68,378.38,371.55,9.16,370.31,363.2,-1.0,-1.0
329,587.0,590.0,516.1,7807729.0,6.49,-93.51,-0.07910448,667676623.0,465.47,522.7,580.58,583.66,14.85,581.92,606.83,1.0,1.0
330,816.0,818.0,805.0,83650.0,33.46,-66.54,0.01605016,9468558.0,638.39,719.29,798.16,800.23,18.68,799.08,808.7,-1.0,-1.0
331,583.45,593.7,573.1,1236153.0,16.77,-83.23,-0.00776186,290670701.0,463.49,530.62,580.02,594.22,-10.18,591.62,603.16,-1.0,1.0
332,500.0,523.9,497.0,1216113.0,85.45,-14.55,0.03938907,115802319.0,397.4,444.43,497.19,492.88,46.74,492.78,496.43,-1.0,-1.0
333,484.0,484.0,471.0,276123.0,51.24,-48.76,-0.00916285,104710537.0,380.52,423.97,475.89,468.99,31.0,469.48,469.66,1.0,1.0
334,444.0,447.4,426.25,917351.0,48.85,-51.15,-0.0449305,431918327.0,359.81,398.44,452.81,438.6,72.09,441.62,434.86,-1.0,1.0
335,360.1,364.35,348.55,1074950.0,61.63,-38.37,-0.02523922,198643802.0,291.08,318.9,364.43,350.31,20.3,353.15,341.7,1.0,1.0
336,630.05,633.9,616.6,397866.0,67.91,-32.09,0.04599245,-6806566.0,481.03,541.75,598.25,603.24,79.47,600.94,611.64,1.0,-1.0
337,1296.1,1299.0,1255.35,224634.0,15.82,-84.18,-0.01321925,-6680681.0,1038.3,1177.78,1297.49,1313.8,60.4,1311.92,1322.31,1.0,1.0
338,455.5,462.55,446.1,5316168.0,79.78,-20.22,0.11025358,528941131.0,339.32,371.48,418.26,407.32,63.31,409.85,394.32,-1.0,-1.0
339,531.0,536.5,520.5,3245832.0,52.66,-47.34,0.03244462,688519990.0,415.11,465.17,516.17,517.99,53.9,513.42,534.29,1.0,1.0
340,657.9,666.7,640.3,1206200.0,65.74,-34.26,0.0203146,-530831.0,503.9,565.07,628.24,627.13,63.54,629.62,637.26,-1.0,-1.0
341,193.05,193.05,175.25,1422971.0,-12.49,-112.49,-0.22253954,129981810.0,168.12,206.64,214.54,238.39,22.83,234.23,247.05,1.0,1.0
342,351.5,355.65,346.0,750448.0,90.07,-9.93,0.05171114,457468804.0,274.95,295.91,341.25,320.77,72.43,327.63,299.79,1.0,-1.0
343,472.2,482.0,465.0,370071.0,4.38,-95.62,-0.0764544,97384868.0,396.06,452.34,496.77,506.57,-11.77,505.1,505.91,1.0,1.0
344,462.5,469.0,451.25,27713.0,11.07,-88.93,-0.04693707,10908239.0,372.59,435.62,467.07,490.88,40.74,487.46,490.45,1.0,1.0
345,776.1,789.0,775.0,168122.0,87.64,-12.36,0.02534879,-1583228.0,620.4,693.66,772.84,768.33,-3.53,767.17,734.52,1.0,1.0
346,191.05,205.0,191.05,244383.0,60.01,-39.99,-0.00294623,11434852.0,154.67,157.75,195.1,167.99,-0.88,170.89,190.37,-1.0,-1.0
347,364.7,369.35,358.65,1800189.0,90.92,-9.08,0.06929966,709397561.0,278.66,312.64,345.74,346.81,68.7,346.69,353.07,-1.0,-1.0
348,571.7,571.8,558.2,824715.0,69.14,-30.86,-0.02273519,720675257.0,457.11,511.32,572.16,566.36,46.31,569.64,558.13,1.0,1.0
349,508.7,516.95,496.0,197198.0,18.04,-81.96,-0.02207229,-10040773.0,411.34,460.27,515.19,509.66,77.07,512.34,525.29,1.0,1.0
350,490.1,500.9,490.1,226248.0,60.55,-39.45,0.01344196,114523247.0,392.95,445.53,490.73,496.61,55.14,497.32,494.29,-1.0,-1.0
351,250.3,255.9,248.55,1093906.0,21.51,-78.49,-0.02435253,335232791.0,202.03,235.68,254.12,265.04,15.27,265.69,259.03,-1.0,-1.0
352,259.9,265.0,252.1,1662876.0,36.81,-63.19,-0.0610534,334522695.0,215.21,237.07,271.12,261.39,10.6,262.35,257.16,1.0,1.0
353,560.0,567.0,549.0,111965.0,60.9,-39.1,0.02256752,11203953.0,438.64,496.55,547.04,551.81,23.38,552.43,544.14,-1.0,1.0
354,555.1,654.0,553.0,126789.0,24.34,-75.66,0.00306583,-9377805.0,446.6,512.84,558.4,574.65,17.73,572.5,600.65,-1.0,-1.0
355,607.5,620.0,607.1,790327.0,65.75,-34.25,0.00542139,291246458.0,489.78,533.1,612.76,580.51,20.34,590.2,536.19,-1.0,-1.0
356,269.8,274.25,256.6,2098395.0,79.04,-20.96,0.01620144,136135652.0,207.21,226.59,257.89,247.93,56.99,250.14,242.26,1.0,1.0
357,556.2,574.0,548.0,1225361.0,76.06,-23.94,-0.06280881,91273955.0,457.76,468.61,576.15,501.1,35.73,504.2,468.92,1.0,-1.0
358,373.0,379.0,366.5,1308348.0,89.92,-10.08,0.02608815,712724064.0,296.12,321.73,369.16,352.14,70.2,353.17,350.62,-1.0,-1.0
359,239.7,241.5,230.55,602565.0,38.06,-61.94,-0.01378579,133108703.0,190.37,214.75,237.73,238.42,47.93,238.71,233.47,1.0,1.0
360,738.0,769.0,735.2,1454297.0,83.57,-16.43,0.07872295,156850281.0,574.56,649.69,715.68,723.75,-5.13,723.42,736.4,-1.0,-1.0
361,472.7,474.7,462.5,280733.0,18.1,-81.9,-0.01181605,103148100.0,375.34,429.31,469.49,480.19,89.44,479.32,487.44,1.0,1.0
362,1171.25,1174.0,1155.0,45171.0,10.09,-89.91,-0.01037132,-6550522.0,938.42,1053.89,1172.52,1171.27,12.51,1169.35,1199.15,1.0,1.0
363,910.0,940.0,894.0,174115.0,70.17,-29.83,0.04046732,11816204.0,710.35,800.67,884.98,893.8,23.77,889.81,915.51,-1.0,-1.0
364,320.0,332.0,313.3,2542722.0,17.26,-82.74,-0.0041234,292390563.0,258.81,318.04,324.71,366.57,15.77,363.14,362.92,-1.0,-1.0
365,619.0,647.8,596.3,3722238.0,79.06,-20.94,-0.01303492,275027129.0,481.42,534.75,602.04,591.45,34.97,590.75,594.14,1.0,-1.0
366,667.0,699.9,630.05,82069.0,26.96,-73.04,-0.09926522,-8524780.0,531.77,638.18,673.75,726.87,16.96,720.64,740.23,1.0,-1.0
367,816.0,816.65,798.05,387014.0,44.52,-55.48,0.00162196,147554216.0,644.36,725.87,804.06,805.91,34.05,809.47,797.56,1.0,1.0
368,338.0,350.0,336.6,1479748.0,24.99,-75.01,-0.00430725,299485101.0,276.58,314.7,346.6,351.73,14.96,351.43,354.7,-1.0,-1.0
369,1120.0,1120.0,1024.0,1045976.0,-56.44,-156.44,-0.07723758,-6297151.0,906.2,1031.95,1131.88,1154.47,16.68,1149.67,1145.11,1.0,1.0
370,440.0,443.9,432.0,500339.0,47.8,-52.2,-0.08805955,290174514.0,364.19,415.83,459.76,463.45,1.71,468.52,440.72,1.0,1.0
371,383.3,386.6,374.6,364333.0,52.45,-47.55,0.06148231,446333452.0,296.05,330.97,367.05,367.11,-4.54,366.34,377.73,1.0,1.0
372,491.0,504.7,486.6,171324.0,26.32,-73.68,-0.05269264,114018520.0,402.07,459.1,506.53,513.85,46.56,513.46,512.11,-1.0,-1.0
373,550.0,550.0,528.65,38066.0,2.86,-97.14,-0.05971464,11072994.0,447.34,503.66,561.67,559.09,40.16,559.7,556.14,1.0,1.0
374,336.85,343.6,328.85,924279.0,11.39,-88.61,-0.03687037,196063047.0,270.62,316.0,339.64,356.35,1.95,356.09,352.14,1.0,1.0
375,505.0,516.7,486.5,3432358.0,-45.57,-145.57,-0.10158034,285978700.0,433.01,506.34,543.84,571.16,47.09,569.87,573.74,1.0,1.0
376,289.95,293.8,271.25,1888769.0,-5.06,-105.06,-0.08063428,126920248.0,235.61,289.32,295.68,335.48,32.26,328.31,379.4,1.0,1.0
377,558.7,558.95,543.85,2486783.0,47.71,-52.29,0.0319139,684335249.0,436.79,498.24,543.73,556.75,52.21,554.17,559.72,1.0,1.0
378,671.0,690.05,671.0,710575.0,103.74,3.74,0.0517782,-4048474.0,523.52,571.74,652.49,627.07,12.12,630.36,620.83,-1.0,-1.0
379,160.5,171.0,159.0,1461943.0,71.98,-28.02,0.04951728,17956073.0,126.0,140.98,157.95,154.05,55.75,157.99,139.38,-1.0,-1.0
380,209.9,228.6,195.4,1446485.0,90.19,-9.81,0.26975945,20803231.0,163.86,168.5,200.2,180.39,52.74,180.66,170.37,-1.0,-1.0
381,481.0,489.0,480.1,750783.0,82.16,-17.84,-0.00255964,141321576.0,385.28,420.27,482.26,458.18,48.17,463.23,446.42,-1.0,-1.0
382,335.0,339.9,331.4,1185709.0,12.9,-87.1,0.01303623,208122814.0,264.81,303.98,330.5,340.14,21.97,340.7,358.1,-1.0,1.0
383,253.0,254.8,240.6,602979.0,13.9,-86.1,-0.06903766,358031337.0,207.35,239.12,260.15,267.97,66.65,268.68,261.07,1.0,1.0
384,565.0,569.9,554.05,163169.0,58.15,-41.85,-0.01285803,-10138896.0,449.64,510.93,562.56,569.87,63.83,571.4,549.85,1.0,1.0
385,588.0,598.9,560.0,166690.0,21.36,-78.64,0.05907251,-2779102.0,443.52,510.97,550.85,573.39,46.81,570.59,612.19,1.0,1.0
386,377.0,389.85,363.0,54459.0,26.45,-73.55,-0.05304493,10486647.0,312.04,328.28,390.79,355.31,79.79,355.16,413.19,1.0,1.0
387,687.0,687.0,628.25,8175458.0,145.55,45.55,0.27380355,294941187.0,426.52,459.75,523.84,500.49,20.64,500.57,505.14,-1.0,-1.0
388,461.2,466.7,459.1,205181.0,14.2,-85.8,-0.02036703,102942919.0,374.23,426.99,468.55,477.61,78.1,475.14,486.3,1.0,1.0
389,1254.0,1270.0,1245.0,117120.0,82.45,-17.55,0.04225528,-4770226.0,981.53,1093.24,1220.01,1207.47,2.08,1212.65,1188.69,1.0,1.0
390,1295.0,1334.7,1295.0,170906.0,103.29,3.29,0.02915463,-5927401.0,1034.23,1158.49,1291.15,1285.05,-5.92,1285.53,1281.79,-1.0,-1.0
391,814.0,839.9,808.5,1363652.0,74.94,-25.06,0.00767578,145859170.0,648.0,734.88,810.42,819.15,37.88,818.46,799.27,-1.0,-1.0
392,215.45,218.5,210.1,412985.0,-16.16,-116.16,-0.09030172,343223170.0,179.79,203.49,226.51,227.43,39.91,226.24,226.08,1.0,1.0
393,490.0,533.0,490.0,2113075.0,62.88,-37.12,0.03677844,115132714.0,403.35,464.06,506.52,519.56,38.69,516.05,524.29,-1.0,-1.0
394,1004.8,1023.95,996.5,95315.0,76.55,-23.45,0.01318836,12865573.0,789.37,886.93,985.77,985.81,-11.69,988.91,960.0,-1.0,-1.0
395,754.0,754.95,715.0,102786.0,10.03,-89.97,-0.03340991,-8266429.0,609.48,694.29,765.11,780.99,40.83,763.19,858.76,1.0,1.0
396,243.0,244.4,235.95,866309.0,36.47,-63.53,-0.01613571,133095987.0,191.94,213.38,240.38,235.85,68.61,236.59,235.15,1.0,1.0
397,885.0,902.0,868.0,231240.0,84.99,-15.01,-0.0226615,10592489.0,719.68,796.35,902.87,877.69,39.48,883.85,840.52,-1.0,-1.0
398,526.2,537.0,522.0,275583.0,64.89,-35.11,0.00490844,117147653.0,421.26,477.45,527.42,532.52,61.08,532.31,526.29,-1.0,-1.0
399,455.0,469.7,454.7,860992.0,77.18,-22.82,0.03901068,135978863.0,360.97,403.44,449.81,446.35,65.5,447.4,447.45,-1.0,-1.0
400,452.25,452.3,444.2,238055.0,37.34,-62.66,0.00470167,134537468.0,359.55,401.41,449.16,444.88,29.12,443.83,450.74,1.0,1.0
401,761.55,775.0,742.05,99910.0,46.15,-53.85,-0.03136579,-1461537.0,626.94,700.23,784.24,775.23,-1.82,776.28,770.28,1.0,1.0
402,392.0,428.0,392.0,11502758.0,135.6,35.6,0.12995267,497414048.0,297.34,313.81,370.17,340.93,49.59,341.92,334.3,-1.0,-1.0
403,525.1,540.7,523.0,516831.0,96.79,-3.21,0.03045244,116733541.0,414.7,455.39,516.74,501.42,84.21,502.85,496.74,-1.0,-1.0
404,374.9,390.0,372.0,747410.0,83.42,-16.58,0.03539228,447289332.0,295.8,333.74,369.6,370.06,8.88,372.21,367.37,-1.0,-1.0
405,569.0,578.0,560.75,1307763.0,74.88,-25.12,0.03684306,721821806.0,446.43,506.42,556.89,564.63,2.47,562.96,567.84,-1.0,-1.0
406,531.0,540.0,521.0,126124.0,0.86,-99.14,-0.03506517,10869690.0,427.8,497.5,536.49,559.63,71.08,559.61,554.26,1.0,1.0
407,430.0,433.0,397.15,1810745.0,63.3,-36.7,-0.08217446,67800682.0,345.24,351.35,432.22,372.57,52.06,378.04,345.01,1.0,1.0
408,130.0,133.0,125.5,132149.0,0.96,-99.04,-0.11523776,10023448.0,109.43,136.31,138.28,158.17,73.1,155.16,174.34,1.0,1.0
409,592.65,592.65,585.0,89065.0,44.57,-55.43,-0.03275307,290123170.0,475.35,543.77,595.77,608.07,0.01,608.22,595.74,1.0,1.0
410,347.95,350.65,337.9,805095.0,-9.16,-109.16,-0.03268438,702255213.0,280.23,320.19,350.58,357.69,80.17,357.03,362.49,1.0,1.0
411,229.9,234.4,228.55,842947.0,57.74,-42.26,-0.03687591,302786645.0,187.59,205.78,235.98,226.24,87.21,227.28,221.26,-1.0,-1.0
412,315.0,325.95,312.0,899946.0,80.82,-19.18,0.18632253,48263835.0,233.6,246.95,284.44,266.64,59.81,267.69,260.98,1.0,-1.0
413,416.0,427.75,411.6,972579.0,16.5,-83.5,-0.02494514,289717423.0,338.14,393.52,424.48,443.22,14.11,441.53,443.5,-1.0,-1.0
414,248.55,255.0,248.0,718440.0,20.76,-79.24,0.01261445,339269505.0,198.66,226.67,247.7,253.82,6.52,252.25,254.05,1.0,1.0
415,450.3,462.0,445.35,946921.0,44.51,-55.49,-0.00782197,441825766.0,365.26,420.24,456.27,468.99,29.12,471.78,444.45,1.0,1.0
416,1135.0,1139.0,1114.1,71571.0,6.52,-93.48,-0.06544121,-6773632.0,940.92,1067.83,1180.78,1187.43,51.19,1193.49,1154.92,1.0,1.0
417,487.7,492.25,484.65,443634.0,83.83,-16.17,0.00071589,143327204.0,387.24,434.15,484.57,481.72,-12.71,481.91,480.57,-1.0,-1.0
418,257.4,270.8,255.6,4490558.0,51.26,-48.74,0.04017245,340938747.0,203.6,227.59,254.46,252.34,1.99,251.28,261.43,-1.0,-1.0
419,912.0,924.9,897.0,322220.0,94.48,-5.52,0.01732948,10914709.0,715.53,802.52,895.32,888.59,38.42,895.62,854.05,-1.0,-1.0
420,520.0,607.0,520.0,1648604.0,40.22,-59.78,0.01474519,272892774.0,480.3,524.97,597.66,577.06,61.58,576.88,589.32,1.0,1.0
421,498.0,503.8,491.0,691679.0,60.11,-39.89,-0.03957501,146209780.0,398.23,446.54,499.34,494.9,-4.07,496.34,488.96,1.0,-1.0
422,535.0,541.8,525.0,243409.0,10.24,-89.76,-0.01753241,91667274.0,429.26,485.92,536.74,542.0,17.39,540.94,548.68,1.0,1.0
423,518.0,541.0,493.0,2336977.0,0.18,-99.82,-0.17272503,140886690.0,451.68,528.57,575.99,596.92,31.1,594.11,627.34,1.0,-1.0
424,468.0,474.45,461.0,316144.0,19.07,-80.93,-0.00630746,103259063.0,372.31,423.89,466.16,473.41,60.76,472.42,484.41,-1.0,1.0
425,137.5,138.0,134.05,203254.0,25.34,-74.66,0.06008584,10279137.0,108.63,119.65,135.45,132.58,68.79,132.26,143.93,-1.0,-1.0
426,291.75,292.0,273.0,1823333.0,58.93,-41.07,-0.04951524,318300122.0,237.4,253.9,296.4,276.11,3.22,281.32,253.83,1.0,1.0
427,771.1,796.8,771.1,170732.0,87.77,-12.23,0.00311764,-1239043.0,627.63,698.18,784.45,773.04,0.01,773.32,755.85,-1.0,-1.0
428,759.0,820.7,759.0,564885.0,65.56,-34.44,-0.01959717,144715093.0,652.37,732.86,817.65,813.15,31.41,816.25,787.05,-1.0,-1.0
429,247.0,254.7,245.0,1089239.0,77.31,-22.69,0.02163707,158519723.0,195.42,217.41,244.35,240.72,71.1,241.85,223.27,-1.0,-1.0
430,414.85,425.8,399.0,1903462.0,-12.83,-112.83,-0.03856684,287813961.0,335.98,390.25,420.0,439.06,6.16,436.66,444.19,1.0,1.0
431,448.0,462.5,443.1,1524724.0,59.24,-40.76,0.01771283,135856547.0,366.22,403.73,458.01,445.87,70.35,446.18,455.62,-1.0,-1.0
432,255.4,263.7,255.0,1580204.0,45.48,-54.52,0.00759494,329607174.0,203.18,225.84,254.24,249.54,20.21,249.56,252.0,-1.0,-1.0
433,785.0,805.0,785.0,60160.0,26.58,-73.42,-0.00929797,9345366.0,638.96,723.72,798.5,807.07,16.88,805.74,807.6,1.0,1.0
434,561.4,561.85,550.0,1503505.0,-0.32,-100.32,-0.0398157,709992893.0,453.69,526.48,568.57,591.83,22.36,591.12,600.74,1.0,1.0
435,224.2,229.0,223.5,785235.0,16.77,-83.23,-0.00155348,340976788.0,178.38,211.33,223.11,239.53,39.51,238.07,239.5,-1.0,1.0
436,200.0,209.5,193.6,801989.0,68.54,-31.46,-0.03079576,17338008.0,164.53,174.41,205.55,188.27,31.56,191.63,178.9,1.0,1.0
437,503.2,515.7,502.0,177186.0,42.82,-57.18,-0.01009219,114837565.0,414.12,463.67,517.39,514.6,36.17,513.41,515.55,1.0,1.0
438,550.0,554.4,532.0,606541.0,-0.16,-100.16,-0.0843281,290697255.0,449.44,515.77,565.95,577.72,35.58,576.73,578.3,1.0,1.0
439,385.0,405.9,385.0,39793.0,76.34,-23.66,0.13302752,10663516.0,298.14,341.87,367.14,381.82,65.05,381.85,361.08,-1.0,-1.0
440,735.8,772.8,735.8,87923.0,46.64,-53.36,-0.02009174,8534340.0,612.7,698.79,767.6,779.76,27.57,781.53,760.74,-1.0,-1.0
441,294.9,295.75,285.6,742573.0,60.28,-39.72,0.0153304,302387536.0,231.75,258.71,288.73,285.94,4.19,286.64,279.95,1.0,1.0
442,679.8,690.0,670.7,301218.0,49.8,-50.2,-0.06246957,-4589926.0,555.77,626.37,699.93,696.31,21.42,699.87,668.95,-1.0,-1.0
443,920.0,950.0,920.0,198749.0,26.26,-73.74,-0.00909665,-7982449.0,754.49,859.4,946.51,960.39,48.34,958.85,973.69,-1.0,-1.0
444,561.35,575.9,555.1,5136943.0,17.49,-82.51,-0.01301099,718691969.0,449.54,504.44,563.65,561.26,46.62,559.71,577.9,-1.0,-1.0
445,313.85,334.4,306.35,5512469.0,90.57,-9.43,0.21527646,49163781.0,222.27,240.6,272.15,262.46,64.97,264.11,259.01,-1.0,-1.0
446,253.1,259.85,246.1,1803135.0,30.44,-69.56,0.03102674,327131627.0,203.02,224.8,253.13,248.45,16.44,249.36,257.19,-1.0,1.0
447,454.85,459.8,437.0,827927.0,44.04,-55.96,-0.00988779,290809712.0,365.03,404.21,456.03,447.65,-0.11,445.38,463.48,1.0,1.0
448,339.9,344.0,327.1,5676002.0,83.65,-16.35,0.21398422,184930152.0,238.22,243.62,289.81,258.78,19.94,261.27,250.79,1.0,-1.0
449,510.0,510.0,491.05,301611.0,25.14,-74.86,-0.03948251,114841527.0,413.82,464.17,518.26,514.22,27.4,513.88,518.91,1.0,1.0
450,455.0,462.0,440.1,516551.0,44.35,-55.65,0.02858471,82614633.0,346.6,399.69,430.69,447.51,63.89,446.31,454.84,1.0,1.0
451,235.0,244.9,217.0,1239900.0,-4.88,-104.88,-0.22233766,31049628.0,213.67,264.17,272.86,305.75,28.11,297.44,316.76,1.0,1.0
452,796.1,840.0,791.5,82031.0,54.0,-46.0,0.02610815,12665775.0,620.0,681.94,770.64,749.16,34.39,750.28,785.66,-1.0,-1.0
453,1128.0,1162.45,1126.2,598424.0,79.39,-20.61,0.03655914,-6155872.0,893.82,1011.33,1115.61,1125.98,47.14,1124.7,1129.05,-1.0,-1.0
454,392.7,410.8,388.95,3897004.0,73.39,-26.61,-0.027339,500949657.0,324.38,359.41,405.64,395.53,34.81,400.19,369.68,1.0,1.0
455,750.0,756.0,744.0,253893.0,86.59,-13.41,0.03956486,6626794.0,583.99,653.58,726.8,723.51,54.96,725.97,718.67,-1.0,-1.0
456,217.6,239.4,217.6,7860378.0,33.12,-66.88,-0.01013086,303378959.0,177.25,215.53,224.44,246.96,17.54,243.88,259.09,-1.0,-1.0
457,745.0,755.0,725.25,44783.0,12.38,-87.62,-0.05443651,-8221646.0,604.39,679.3,761.5,756.31,46.92,754.56,842.63,-1.0,-1.0
458,528.0,545.0,528.0,119673.0,27.06,-72.94,0.0134882,10989363.0,423.98,493.79,530.92,556.59,65.77,552.93,554.42,-1.0,-1.0
459,605.0,613.95,593.6,5825496.0,97.29,-2.71,0.04674939,612384698.0,460.71,511.99,572.8,565.74,74.97,565.24,542.96,-1.0,-1.0
460,570.0,590.4,567.5,125773.0,43.59,-56.41,0.01476977,-2620497.0,454.28,505.27,568.73,558.93,45.48,557.48,573.17,-1.0,-1.0
461,850.0,860.0,815.5,76329.0,24.84,-75.16,0.00177034,11498787.0,654.5,741.38,817.0,825.6,36.7,824.72,864.07,1.0,1.0
462,380.0,380.0,369.9,581731.0,4.9,-95.1,-0.04545455,284820999.0,302.02,359.39,379.5,407.7,15.37,406.0,424.81,1.0,1.0
463,376.0,384.25,370.5,894654.0,5.85,-94.15,-0.07626594,285402730.0,308.18,365.38,389.22,414.41,9.07,411.22,430.81,-1.0,1.0
464,909.0,930.8,900.0,91544.0,82.12,-17.88,0.01156554,10718726.0,725.78,812.14,906.12,901.12,39.07,902.83,881.47,1.0,-1.0
465,487.0,494.9,481.1,529983.0,89.54,-10.46,0.03721666,139324911.0,386.29,428.41,481.61,473.98,46.39,472.16,470.75,-1.0,-1.0
466,655.55,725.9,655.55,84818.0,22.99,-77.01,-0.00705751,5272368.0,570.83,645.21,713.47,718.52,81.04,718.22,719.24,1.0,-1.0
467,595.8,628.5,585.15,844875.0,69.46,-30.54,0.07170393,-6408700.0,472.66,541.25,590.22,606.24,81.36,604.59,613.84,-1.0,-1.0
468,357.15,359.7,345.1,1142980.0,-9.85,-109.85,-0.03577394,190910866.0,286.16,329.39,357.9,370.09,62.76,368.26,380.48,1.0,1.0
469,172.0,181.65,172.0,963740.0,80.69,-19.31,-0.02339833,15860790.0,138.07,148.88,173.91,163.09,50.32,163.14,161.66,-1.0,-1.0
470,427.9,429.0,410.3,1074045.0,-1.32,-101.32,-0.02409923,422960813.0,344.46,407.18,430.55,461.46,31.21,456.26,485.67,1.0,1.0
471,430.0,448.5,422.0,528270.0,-8.37,-108.37,-0.11510791,96378293.0,366.61,422.3,463.67,474.33,53.17,473.25,474.55,1.0,1.0
472,1330.0,1382.75,1330.0,552837.0,114.34,14.34,0.0921293,-6996631.0,1041.13,1150.0,1291.78,1267.77,16.55,1268.95,1258.07,-1.0,-1.0
473,797.5,834.0,788.0,243577.0,63.23,-36.77,0.02531163,8771622.0,630.54,699.17,787.36,772.08,21.28,772.68,780.49,-1.0,-1.0
474,472.0,497.5,471.0,478840.0,70.71,-29.29,0.00492198,104986660.0,380.05,422.78,476.24,468.25,40.45,468.01,471.37,-1.0,-1.0
475,759.95,783.6,757.0,8802610.0,97.27,-2.73,0.03924731,682090897.0,596.47,657.57,744.89,721.92,14.96,732.03,674.53,-1.0,-1.0
476,446.5,448.5,438.5,418296.0,0.86,-99.14,-0.07748462,143675922.0,371.45,434.11,468.78,490.1,-3.4,485.94,492.23,1.0,1.0
477,414.3,420.95,398.55,1701494.0,72.43,-27.57,-0.01577982,471817528.0,329.4,346.87,411.54,372.61,3.25,379.97,349.11,1.0,1.0
478,775.0,784.9,762.5,201842.0,63.37,-36.63,-0.01256698,8704062.0,631.0,690.94,789.1,759.07,52.76,763.73,741.86,1.0,1.0
479,219.0,226.65,215.5,1235838.0,11.33,-88.67,-0.04916958,296884971.0,180.49,202.32,226.67,225.07,24.38,222.83,238.79,1.0,1.0
480,599.0,625.8,591.6,5182185.0,72.9,-27.1,0.015777,279625788.0,479.48,537.29,601.62,596.46,23.86,600.25,593.19,-1.0,-1.0
481,710.1,722.0,670.25,278983.0,1.92,-98.08,-0.05842185,-1888528.0,578.7,664.79,725.68,748.12,12.3,742.53,765.74,1.0,1.0
482,530.0,530.0,505.0,131231.0,17.54,-82.46,0.02375417,-9757409.0,403.41,479.08,500.03,541.57,21.93,538.99,555.41,1.0,1.0
483,255.0,261.35,248.0,148751.0,64.38,-35.62,-0.02777238,32490325.0,204.0,226.59,255.23,250.58,48.07,250.91,251.6,1.0,1.0
484,386.0,411.8,386.0,95271.0,37.86,-62.14,0.19358705,10663258.0,288.34,341.17,354.31,391.5,77.54,377.5,459.87,-1.0,-1.0
485,551.0,606.0,539.0,6021360.0,135.07,35.07,0.33493572,95499418.0,386.09,414.26,471.62,448.09,31.41,452.98,449.26,-1.0,-1.0
486,270.0,274.8,250.2,1393423.0,35.39,-64.61,-0.09205322,135013514.0,215.56,231.63,272.28,254.27,-3.1,253.41,251.95,1.0,1.0
487,434.9,437.45,421.45,1273182.0,8.58,-91.42,-0.042931,424034858.0,348.28,417.36,436.01,475.89,26.45,467.95,487.69,1.0,1.0
488,984.0,1003.9,980.0,289889.0,91.43,-8.57,0.0214559,-7224933.0,777.9,879.72,970.69,980.23,9.5,979.63,962.47,-1.0,-1.0
489,154.4,168.0,131.1,199646.0,-10.19,-110.19,-0.36192147,10587724.0,165.78,210.46,213.62,247.49,42.34,240.95,276.66,1.0,1.0
490,373.8,408.9,368.05,6482173.0,73.46,-26.54,-0.08394244,410649188.0,330.78,359.83,421.81,394.67,57.75,397.58,356.8,-1.0,-1.0
491,355.3,356.5,346.2,619492.0,42.31,-57.69,-0.00878436,303567225.0,280.43,320.02,350.53,357.84,12.05,355.7,363.85,1.0,1.0
492,849.0,849.0,812.0,285023.0,38.77,-61.23,0.01074804,9322699.0,647.77,719.77,807.19,794.89,19.05,796.17,781.12,1.0,1.0
493,650.0,664.25,643.0,1977202.0,70.07,-29.93,0.04518096,727389931.0,513.58,567.72,636.74,625.81,18.64,625.65,627.28,1.0,1.0
494,648.7,657.7,618.75,7735891.0,25.74,-74.26,-0.0513774,674346141.0,509.36,596.53,637.84,676.29,25.53,664.5,717.56,1.0,1.0
495,176.1,189.25,175.0,3560176.0,95.81,-4.19,0.41213554,21844308.0,120.13,123.34,144.93,132.26,80.68,132.15,137.65,-1.0,-1.0
496,825.9,830.0,822.05,3004.0,15.59,-84.41,-0.0073432,11585726.0,660.71,765.06,827.52,863.26,47.79,854.89,873.27,-1.0,-1.0
497,516.8,528.65,492.3,624209.0,40.94,-59.06,0.00465399,114225700.0,399.56,447.23,497.64,496.46,69.56,494.17,507.0,1.0,1.0
498,750.0,777.25,750.0,210782.0,82.32,-17.68,0.01759648,-1702472.0,612.09,665.65,763.39,726.48,27.7,734.86,695.63,1.0,-1.0
499,175.15,179.8,164.0,35925.0,28.45,-71.55,-0.10346696,10575749.0,143.1,167.83,180.48,189.25,24.47,188.11,180.7,1.0,1.0
500,588.0,616.4,571.55,373092.0,35.63,-64.37,-0.06316835,-5766771.0,493.86,581.92,625.67,658.58,58.8,655.47,676.81,-1.0,-1.0
501,482.9,485.0,469.2,736851.0,1.09,-98.91,-0.05851911,278943663.0,397.03,461.46,498.11,520.41,51.61,517.79,526.34,1.0,1.0
502,895.0,988.8,895.0,187285.0,11.03,-88.97,-0.0374369,12470706.0,794.54,892.6,996.05,991.08,27.05,989.69,989.97,1.0,-1.0
503,332.15,333.85,325.0,783163.0,46.42,-53.58,0.0242726,480040171.0,263.53,295.44,328.09,327.83,60.63,327.41,331.32,1.0,1.0
504,518.15,543.2,510.75,4913442.0,71.49,-28.51,-0.00665373,238812544.0,425.46,481.28,535.02,536.63,35.63,535.17,507.02,-1.0,-1.0
505,580.0,593.95,574.15,247345.0,100.66,0.66,0.08787655,-9040148.0,448.61,483.18,557.19,527.86,71.14,530.04,523.72,-1.0,-1.0
506,967.25,979.9,965.0,72698.0,44.04,-55.96,-0.02612146,-7301455.0,785.33,882.63,985.33,980.27,41.06,982.47,976.91,1.0,-1.0
507,260.4,265.8,253.2,1401412.0,63.02,-36.98,-0.03789551,359531353.0,212.5,240.81,267.18,268.16,83.99,267.59,254.05,-1.0,1.0
508,557.0,569.0,546.05,247249.0,64.42,-35.58,-0.01947657,-9461391.0,459.7,499.98,576.95,547.12,53.55,551.49,532.48,-1.0,-1.0
509,860.0,860.0,816.0,125285.0,43.56,-56.44,0.00388774,11747806.0,669.13,746.63,834.03,827.58,70.94,828.45,822.62,1.0,1.0
510,588.8,606.55,580.6,1251580.0,50.05,-49.95,-0.02555226,290892964.0,482.73,550.38,605.51,615.45,5.75,611.98,570.11,-1.0,1.0
511,580.0,580.0,533.0,324094.0,3.03,-96.97,-0.0002767,-2931280.0,440.31,524.18,550.02,594.77,49.79,589.89,644.95,1.0,1.0
512,642.0,677.9,615.0,10473685.0,33.39,-66.61,-0.13495746,686549817.0,574.48,662.79,734.75,745.67,17.6,744.07,735.62,-1.0,-1.0
513,1043.0,1059.0,1036.0,112884.0,6.8,-93.2,-0.06355649,-6911999.0,866.48,1026.35,1092.11,1164.89,77.28,1155.13,1170.59,-1.0,-1.0
514,715.0,725.0,685.6,760449.0,17.67,-82.33,-0.08654354,152219595.0,586.01,670.96,737.79,751.74,-2.69,749.29,732.9,1.0,1.0
515,329.0,350.8,328.0,3974738.0,90.97,-9.03,0.19001783,455898228.0,240.11,259.9,293.33,283.35,35.02,284.26,283.13,0.0,-1.0
516,463.85,464.3,432.0,2211855.0,16.59,-83.41,-0.11671733,135943677.0,393.81,428.29,494.9,468.21,47.85,470.17,484.21,1.0,1.0
517,460.0,474.95,452.0,45000.0,18.49,-81.51,-0.07306073,10935952.0,379.88,441.14,479.15,497.48,48.81,494.24,489.22,1.0,-1.0
518,437.85,443.4,431.0,1321368.0,59.4,-40.6,-0.06539744,427984536.0,354.72,399.36,447.5,443.96,17.59,444.35,434.41,-1.0,-1.0
519,559.95,572.9,540.0,115497.0,21.78,-78.22,0.04935502,11144421.0,421.85,515.62,525.51,591.04,33.94,586.5,642.98,-1.0,-1.0
520,630.0,635.0,628.0,358466.0,64.8,-35.2,-0.01960025,581978.0,502.15,563.36,629.01,624.31,62.45,627.64,627.6,-1.0,-1.0
521,511.0,516.9,484.0,1459362.0,-2.49,-102.49,-0.04770732,139543591.0,408.24,502.13,510.49,576.7,5.33,572.94,590.81,1.0,1.0
522,290.0,314.0,273.5,2336823.0,107.2,7.2,0.19513153,30737488.0,213.23,211.88,261.71,224.0,36.4,225.55,221.58,-1.0,-1.0
523,501.9,509.0,491.35,287069.0,38.93,-61.07,0.01102266,114292548.0,394.43,449.25,492.21,502.3,55.65,501.75,509.89,1.0,1.0
524,612.3,620.0,587.3,2243990.0,76.31,-23.69,0.02867445,275882008.0,474.46,533.47,589.03,591.9,29.04,592.65,597.23,1.0,1.0
525,1239.55,1255.0,1217.15,136557.0,57.9,-42.1,-0.01677224,-4987245.0,1000.55,1122.09,1251.34,1243.68,17.53,1249.11,1227.59,1.0,1.0
526,1077.0,1127.0,1062.0,90134.0,50.21,-49.79,0.00359825,-6829060.0,866.59,1002.81,1090.27,1126.87,56.71,1126.55,1120.24,-1.0,-1.0
527,440.1,447.3,408.65,4107121.0,44.94,-55.06,-0.07565169,527215021.0,361.07,385.35,452.11,419.26,83.44,421.92,414.15,1.0,1.0
528,442.95,454.9,437.05,1209987.0,21.19,-78.81,-0.0284678,290749771.0,360.51,403.11,451.91,446.16,6.03,446.36,457.43,1.0,1.0
529,496.0,506.5,491.6,206928.0,37.09,-62.91,-0.00423131,114445126.0,392.6,453.91,491.12,509.32,47.57,507.6,510.32,-1.0,-1.0
530,495.0,503.0,490.0,251430.0,55.15,-44.85,0.0016242,114296999.0,392.79,445.87,491.06,496.95,61.85,497.1,493.21,-1.0,-1.0
531,585.35,587.5,571.9,646155.0,53.42,-46.58,-0.0359839,271227274.0,471.3,533.79,590.94,595.11,34.68,593.33,592.46,1.0,1.0
532,257.0,257.0,250.55,76661.0,71.11,-28.89,0.02325111,32455350.0,201.46,225.18,250.81,249.63,41.98,248.83,248.27,1.0,-1.0
533,235.0,238.9,230.15,667477.0,16.1,-83.9,-0.01148692,129545799.0,183.66,219.49,230.05,249.63,47.26,248.36,262.55,-1.0,1.0
534,178.95,196.0,177.15,145256.0,44.29,-55.71,-0.00781657,11190469.0,154.97,155.87,194.8,167.01,-1.37,165.56,194.9,-1.0,-1.0
535,514.0,522.0,492.15,1886952.0,59.14,-40.86,0.01944845,433329237.0,410.29,429.69,508.71,462.32,28.87,466.17,455.68,1.0,1.0
536,240.0,255.0,240.0,135190.0,75.38,-24.62,0.04734112,31219844.0,184.98,209.86,230.6,234.1,58.83,233.74,232.95,-1.0,-1.0
537,481.15,488.8,477.0,1055732.0,58.85,-41.15,0.11783144,294947359.0,371.19,398.2,458.67,436.96,23.27,433.69,461.79,-1.0,-1.0
538,335.0,348.0,311.1,227963.0,6.13,-93.87,-0.34606764,10010918.0,329.81,428.6,429.25,502.02,57.91,495.62,517.18,1.0,1.0
539,534.0,538.9,522.1,399073.0,21.57,-78.43,-0.00953527,91577611.0,428.78,489.8,535.8,547.41,31.78,546.2,546.12,1.0,1.0
540,1190.0,1194.95,1155.55,106650.0,61.14,-38.86,-0.02043279,-6614889.0,960.12,1061.16,1204.16,1168.35,37.45,1175.2,1148.84,-1.0,1.0
541,1264.05,1282.0,1258.0,41158.0,63.74,-36.26,0.01094876,-6263732.0,1014.99,1139.96,1268.74,1265.34,68.98,1266.73,1276.11,-1.0,-1.0
542,221.45,225.5,221.1,933293.0,31.26,-68.74,0.02413238,297872249.0,175.36,201.38,218.66,225.73,65.61,224.51,224.64,-1.0,-1.0
543,259.15,263.4,254.2,975027.0,34.05,-65.95,0.07483416,324698798.0,199.59,231.61,247.24,261.85,21.61,258.44,265.67,-1.0,-1.0
544,414.45,425.9,411.1,1417961.0,2.18,-97.82,-0.06112247,424378774.0,342.42,398.95,431.19,451.26,32.79,449.09,483.18,-1.0,-1.0
545,517.55,534.95,506.0,116491.0,89.38,-10.62,0.05606029,10956377.0,395.19,438.99,489.86,484.65,53.32,488.54,463.22,1.0,-1.0
546,610.0,612.0,591.05,1614314.0,45.5,-54.5,-0.00050437,280834253.0,488.86,543.25,609.92,600.9,-5.97,601.03,596.11,1.0,1.0
547,745.05,765.1,745.05,54064.0,60.04,-39.96,0.02234713,8854499.0,601.07,677.02,749.88,753.51,71.39,751.89,754.22,-1.0,-1.0
548,647.85,657.1,646.1,2087769.0,64.91,-35.09,-0.00871227,724086381.0,524.72,584.27,655.46,645.14,0.06,648.26,632.64,1.0,1.0
549,272.5,272.55,260.1,1492770.0,-18.93,-118.93,-0.12568853,296128977.0,232.51,266.27,293.59,298.32,59.85,297.91,297.83,1.0,1.0
550,533.4,551.55,521.1,44154.0,31.63,-68.37,0.01042435,11171972.0,442.63,489.34,549.95,539.17,26.32,540.98,538.67,1.0,1.0
551,322.0,333.0,308.85,3247620.0,56.95,-43.05,-0.08968415,190222558.0,269.45,300.66,338.6,333.55,39.27,332.68,320.22,1.0,1.0
552,365.0,378.3,365.0,912736.0,29.95,-70.05,-0.02885611,443408633.0,308.82,343.91,389.74,381.72,45.04,381.91,400.68,-1.0,-1.0
553,965.0,980.0,955.0,168893.0,50.08,-49.92,0.02361659,-7178623.0,756.46,849.01,943.25,941.45,11.17,942.29,954.23,-1.0,-1.0
554,394.6,400.9,375.25,3859423.0,85.2,-14.8,0.18087736,462077414.0,272.6,302.48,333.23,333.56,38.42,333.03,341.05,1.0,-1.0
555,659.7,669.0,636.0,618683.0,63.17,-36.83,-0.04805339,-8770139.0,531.59,591.87,667.63,653.26,55.81,656.02,617.25,1.0,1.0
556,754.0,775.0,751.25,12087.0,57.94,-42.06,-0.01912899,12610810.0,601.26,696.79,755.54,783.38,23.68,781.91,768.72,-1.0,-1.0
557,262.95,272.4,260.65,1282366.0,84.93,-15.07,0.08031882,357754601.0,205.6,219.73,254.46,238.84,106.68,240.07,235.48,-1.0,-1.0
558,780.0,790.0,706.5,40467.0,57.38,-42.62,-0.07764441,12575501.0,630.71,702.11,790.06,776.39,23.94,777.15,755.23,1.0,1.0
559,350.0,353.5,344.15,1114141.0,8.15,-91.85,-0.03166482,703956069.0,284.51,322.73,357.13,360.24,79.61,358.57,366.9,-1.0,1.0
560,278.05,278.75,265.2,1256247.0,54.96,-45.04,0.08587709,138358826.0,209.68,228.68,257.57,250.25,-9.21,250.76,254.69,1.0,1.0
561,229.75,237.7,220.2,1587725.0,5.77,-94.23,-0.04083387,29608856.0,183.35,220.97,229.6,254.14,41.25,249.45,280.61,1.0,1.0
562,914.9,914.9,902.25,50704.0,84.74,-15.26,0.02261576,10810270.0,721.77,810.39,898.78,898.58,41.31,900.46,872.6,1.0,1.0
563,1126.9,1130.0,1113.5,47338.0,11.96,-88.04,-0.01212711,-6779151.0,901.61,1016.69,1127.9,1130.9,38.05,1129.95,1149.23,1.0,1.0
564,810.0,851.6,790.0,62725.0,38.49,-61.51,0.02513541,11575116.0,650.37,744.74,816.5,834.88,39.9,827.76,867.89,-1.0,-1.0
565,375.3,378.25,369.3,939309.0,92.0,-8.0,0.02576467,711415716.0,294.25,318.54,366.42,348.7,68.87,349.99,350.39,1.0,-1.0
566,158.0,160.0,152.75,519522.0,75.19,-24.81,0.00130378,10659432.0,121.49,128.65,151.69,139.83,54.71,141.9,135.34,1.0,-1.0
567,456.0,481.0,451.1,2406186.0,93.78,-6.22,0.22333289,81744330.0,337.85,367.43,412.51,402.39,49.06,398.88,408.43,-1.0,-1.0
568,502.95,519.4,500.3,4021392.0,96.97,-3.03,0.1015299,566655405.0,390.42,413.1,482.81,446.44,80.38,449.15,440.34,-1.0,-1.0
569,915.0,915.0,890.1,114784.0,59.68,-40.32,-0.01930671,10652170.0,727.04,812.87,908.83,900.76,32.46,900.51,899.36,1.0,1.0
570,1102.0,1102.0,1055.0,261728.0,-21.14,-121.14,-0.05636436,-7031330.0,894.19,1013.05,1120.86,1126.75,77.97,1128.51,1125.13,1.0,1.0
571,379.4,382.4,375.2,1751527.0,84.04,-15.96,0.06543506,206633302.0,293.24,314.84,364.24,343.69,11.03,342.97,351.66,-1.0,-1.0
572,763.0,782.8,747.55,1385452.0,81.77,-18.23,-0.00531461,154968902.0,602.85,665.24,753.93,732.04,9.66,734.86,729.2,1.0,-1.0
573,448.05,449.8,442.0,210319.0,31.94,-68.06,-0.03501522,135050822.0,361.6,407.5,453.2,452.57,61.07,453.62,449.43,1.0,1.0
574,245.0,251.7,245.0,133667.0,77.13,-22.87,0.08007855,31547728.0,190.33,210.62,236.17,232.5,57.21,232.56,233.38,-1.0,-1.0
575,251.0,251.35,243.1,795415.0,9.35,-90.65,-0.07460437,337464943.0,205.56,229.99,258.98,255.57,38.08,255.61,253.44,1.0,1.0
576,498.0,515.7,486.6,557361.0,66.17,-33.83,0.04121298,114849909.0,395.51,447.78,493.88,499.94,60.11,497.58,508.47,-1.0,-1.0
577,506.0,522.5,497.15,1368534.0,11.08,-88.92,-0.10945146,142255224.0,430.63,518.38,548.17,590.02,22.56,587.89,611.91,-1.0,-1.0
578,437.0,440.45,423.15,1550726.0,76.41,-23.59,0.12923645,416066586.0,324.76,355.44,398.15,389.77,37.51,390.94,394.15,1.0,1.0
579,210.0,219.9,204.05,684272.0,91.87,-8.13,0.08173959,18509856.0,160.55,169.8,198.7,184.16,29.07,183.63,169.86,1.0,-1.0
580,485.0,487.0,472.0,834579.0,66.11,-33.89,-0.01904665,137819943.0,384.21,424.34,481.99,471.13,22.24,470.62,480.65,-1.0,-1.0
581,964.8,970.0,936.0,351142.0,17.32,-82.68,-0.04662688,-8334332.0,781.37,872.5,979.53,969.89,71.79,966.64,992.93,1.0,1.0
582,402.3,419.0,395.65,2813117.0,95.7,-4.3,0.10972502,225689354.0,315.75,343.8,392.1,377.07,55.69,378.16,365.11,-1.0,-1.0
583,514.8,524.5,481.0,680120.0,21.69,-78.31,0.01251826,98244954.0,398.86,456.57,494.62,507.56,6.73,507.49,518.0,1.0,1.0
584,615.0,622.0,599.0,219009.0,33.87,-66.13,-0.03256936,-6886699.0,495.76,561.17,620.44,626.0,53.46,624.37,637.02,1.0,1.0
585,1299.0,1310.0,1291.0,98606.0,9.77,-90.23,-0.0244169,-7186420.0,1045.18,1187.44,1310.55,1325.59,61.99,1323.48,1329.57,-1.0,-1.0
586,230.0,234.7,225.0,1292142.0,69.53,-30.47,0.01420765,344954690.0,180.38,204.12,225.89,226.55,64.21,227.97,224.69,-1.0,-1.0
587,972.0,1001.1,960.0,129655.0,68.86,-31.14,0.00466882,12569644.0,788.67,860.18,988.7,941.66,13.85,948.22,894.05,-1.0,-1.0
