0.0000,0.0000,nan
nan,nan,149.2000
-10.8500,155.0000,-16.6500
-10.7500,-15.0000,-12.4000
-31.1000,-15.0000,-28.5000
-22.1000,-32.0000,-18.6000
-6.9000,-8.0000,-17.5000
-28.2000,-20.0000,-25.7000
-0.7500,-19.9000,-6.5500
13.7000,-5.1000,12.2500
2.3500,17.0000,-2.4000
-24.0000,-12.0000,-14.4000
24.8500,-15.0000,25.4500
1.1000,36.1500,-9.6000
52.7500,-9.5000,52.6500
-5.4000,36.3500,10.9000
-31.5000,-2.0000,-18.6000
3.2000,-19.0000,3.6000
23.3000,3.6000,23.3000
-1.1500,19.5000,2.6500
1.9500,8.9000,-4.3000
10.3000,1.0000,5.0000
2.5500,6.9000,0.6500
-21.1000,1.1000,-21.5500
6.3500,-21.5500,6.3500
9.8000,8.5500,7.6000
-3.5000,-0.9500,5.0500
28.7000,5.9500,27.8000
32.9000,30.0500,30.6500
17.3500,-5.0500,53.0500
37.0500,45.0000,45.1000
-51.1500,40.0000,-46.0500
-20.8500,-47.0000,-19.9000
20.8500,-14.0000,14.9500
15.2500,-8.0000,38.2000
0.5000,37.9000,0.8000
-5.1000,-6.9000,2.6000
-36.6500,3.0000,-37.0500
39.1000,-30.0000,32.0500
-10.1000,31.0000,-9.0500
-16.4500,-7.1000,-18.4000
-16.4500,-23.9000,-10.9500
0.3500,-5.0000,-5.6000
0.1500,-1.0000,-4.4500
-4.7500,-3.0000,-6.2000
0.7500,-1.0000,-4.4500
-14.1500,0.1000,-18.7000
10.1500,-5.1000,-3.4500
28.7000,4.8000,20.4500
2.1000,27.2000,-4.6500
16.6500,-7.0000,19.0000
-13.6500,19.0000,-13.6500
-8.7000,-24.0000,1.6500
-3.9000,1.0000,-3.2500
-7.2000,-1.1000,-9.3500
40.9500,-9.9000,41.5000
3.6000,38.9000,6.2000
-16.0500,6.6500,-16.5000
-3.1000,-25.5500,5.9500
-8.9500,-18.0000,15.0000
12.9500,-3.0000,30.9500
-0.1500,26.0000,4.8000
-2.3500,-8.0000,10.4500
-28.5000,8.0000,-26.0500
1.1500,-10.2000,-14.7000
-2.7500,-19.4500,2.0000
-0.4000,-0.3500,1.9500
-1.0000,5.0000,-4.0500
5.3000,-8.0000,9.2500
-21.0500,4.1000,-15.9000
-23.8500,-25.9500,-13.8000
0.3000,-18.1500,4.6500
14.9500,3.2000,16.4000
-11.5000,24.8000,-19.9000
-3.7000,-19.9000,-3.7000
23.5500,-0.1000,19.9500
-24.1000,13.0000,-17.1500
34.0500,-18.2500,35.1500
-24.7500,27.2500,-16.8500
-1.1000,-16.8500,-1.1000
5.5500,-1.1000,5.5500
20.3500,10.4500,15.4500
9.6500,-33.5000,58.6000
-17.1000,63.9000,-22.4000
-5.3500,-22.4000,-5.3500
18.1500,-2.5000,15.3000
-13.1000,10.0000,-7.8000
-5.6500,-10.0000,-3.4500
4.5500,-4.0000,5.1000
13.8000,6.0000,12.9000
5.8000,0.0000,18.7000
-6.2500,20.0000,-7.5500
24.0000,-7.0000,23.4500
-9.1000,6.1500,8.2000
11.6000,8.8500,10.9500
-21.8500,0.5000,-11.4000
-17.9500,-45.5000,16.1500
-2.9500,43.7000,-30.5000
3.3500,-28.7000,1.5500
-15.0000,-10.0000,-3.4500
-20.1500,-1.0000,-22.6000
-10.5500,-14.0000,-19.1500
-6.0000,-7.0000,-18.1500
-8.1000,-1.0000,-25.2500
-17.7500,-18.0000,-25.0000
-20.6500,-24.0000,-21.6500
-23.1500,-15.0000,-29.8000
25.2500,-12.0000,7.4500
-18.1000,19.0000,-29.6500
-16.9000,-29.6500,-16.9000
21.0500,-17.3500,21.5000
0.3000,30.0000,-8.2000
1.2500,0.0000,-6.9500
2.7000,-5.0000,0.7500
-16.4000,-3.7500,-11.9000
-5.7000,-6.2500,-11.3500
-17.1000,-5.1000,-23.3500
1.4500,-9.9500,-11.9500
-20.8500,-0.0500,-32.7500
13.8000,-12.9000,-6.0500
5.2000,-7.0000,6.1500
-6.4500,7.0000,-7.3000
4.2000,3.0000,-6.1000
-16.3500,0.0000,-22.4500
9.3500,-15.0000,1.9000
-10.9000,1.9000,-10.9000
-5.8000,-11.5000,-5.2000
1.7000,-4.9000,1.4000
19.1000,14.5000,6.0000
25.8000,3.0000,28.8000
-7.2000,37.0000,-15.4000
-26.5500,-15.0000,-26.9500
11.6000,-20.0000,4.6500
-23.0000,-6.5000,-11.8500
-10.0500,-3.5000,-18.4000
-41.8500,-18.0000,-42.2500
0.2000,-32.0000,-10.0500
55.7000,7.0000,38.6500
21.6500,31.0000,29.3000
-0.4000,32.0000,-3.1000
-14.0500,8.0500,-25.2000
-6.3000,-28.0500,-3.4500
-0.6500,5.0000,-9.1000
33.5000,9.0000,15.4000
-4.8500,13.0000,-2.4500
21.4500,-21.0000,40.0000
69.1500,40.0000,69.1500
-33.6500,74.0000,-38.5000
25.0000,-44.2000,30.7000
-26.9500,32.2000,-28.4500
-26.5000,-23.0000,-31.9500
3.9000,-15.0000,-13.0500
-21.9000,-1.0000,-33.9500
-34.0000,-54.0000,-13.9500
-28.7000,-0.1500,-42.5000
-15.5000,-14.8500,-43.1500
-34.7000,-22.0000,-55.8500
7.6500,-55.0000,6.8000
-17.1000,-0.7500,-9.5500
-33.5500,-2.2500,-40.8500
-10.1500,-48.0000,-3.0000
17.7500,-6.7500,21.5000
15.6500,43.7500,-6.6000
72.4000,-9.0000,74.8000
7.8500,60.0000,22.6500
14.8500,30.0000,7.5000
-11.8500,7.0000,-11.3500
-10.4500,-12.0000,-9.8000
24.5500,4.9000,9.8500
34.0500,17.1000,26.8000
3.9000,33.0000,-2.3000
-12.5500,-29.0000,14.1500
30.3500,19.0000,25.5000
9.2000,6.0000,28.7000
-34.4000,15.0000,-20.7000
16.3000,-25.0000,20.6000
12.0500,25.0000,7.6500
21.4500,7.1000,22.0000
17.2500,21.8500,17.4000
8.0000,30.0500,-4.6500
-22.0500,-10.3500,-16.3500
-3.4500,-17.6500,-2.1500
9.9000,1.0000,6.7500
36.0000,17.0000,25.7500
6.5500,37.8000,-5.5000
-1.7500,-3.8000,-3.4500
9.2000,5.0000,0.7500
-4.7000,1.5000,-5.4500
-15.0500,-5.5000,-15.0000
28.1500,-9.0000,22.1500
-28.6000,22.0000,-28.4500
-5.5500,-28.4500,-5.5500
-41.1000,-9.5500,-37.1000
15.9000,-12.8500,-8.3500
9.0500,-3.7500,4.4500
-9.4000,-0.4000,-4.5500
3.8000,7.0000,-7.7500
-19.3000,3.5000,-30.5500
-38.3500,-23.4000,-45.5000
-36.0500,-30.1000,-51.4500
36.9000,-51.0000,36.4500
-21.4500,38.5500,-23.5500
1.8000,-27.5500,5.8000
7.9000,-14.6500,28.3500
-11.3000,28.6500,-11.6000
-8.4500,-9.0000,-11.0500
23.9000,-10.0000,22.8500
-3.6500,30.0000,-10.8000
-8.1000,-16.4500,-2.4500
55.0500,-8.3000,60.9000
-8.1000,69.7500,-16.9500
-22.0000,0.0000,-38.9500
-33.0000,-38.0000,-33.9500
-2.8500,-22.6000,-14.2000
-0.1000,-0.4000,-13.9000
4.2000,-17.0000,7.3000
21.0500,27.8500,0.5000
-24.1000,19.9500,-43.5500
-88.0500,-49.8000,-81.8000
-34.6500,-80.0000,-36.4500
-24.0500,-0.1000,-60.4000
29.7500,-49.9000,19.2500
-17.6000,37.8000,-36.1500
5.0000,-27.8000,-3.3500
-60.9500,-5.0000,-59.3000
-11.6500,-5.0000,-65.9500
46.0000,-66.0000,46.0500
18.6500,48.0000,16.7000
-6.0000,23.0000,-12.3000
-14.4500,-25.0000,-1.7500
-1.0500,4.0000,-6.8000
-24.6000,-9.2000,-22.2000
-18.2000,-6.5000,-33.9000
20.8000,-41.3000,28.2000
29.7500,38.0000,19.9500
14.1000,44.0000,-9.9500
9.3000,-8.9000,8.2500
-15.8000,-8.0000,0.4500
-2.5000,-2.1000,0.0500
-22.3500,0.0500,-22.3500
9.4000,-9.8000,-3.1500
-2.9500,-2.2500,-3.8500
16.9000,-2.0000,15.0500
-3.8500,23.9500,-12.7500
10.6500,-5.9500,3.8500
1.6000,10.0000,-4.5500
5.9000,0.0000,1.3500
-1.6500,-8.0000,7.7000
-25.8500,4.0000,-22.1500
1.9000,-22.0000,1.7500
-0.4000,-0.7500,2.1000
-2.2000,12.7000,-12.8000
-8.4000,-9.9500,-11.2500
-2.1500,-0.1000,-13.3000
-5.7000,-12.9000,-6.1000
0.4000,4.2000,-9.9000
-0.3500,-6.2000,-4.0500
-31.6500,-10.0000,-25.7000
22.9500,-25.0000,22.2500
6.1500,25.0000,3.4000
-4.5000,13.0000,-14.1000
5.0500,-3.0000,-6.0500
-2.8500,0.0000,-8.9000
-14.5000,-6.9000,-16.5000
51.0500,1.9000,32.6500
8.2000,46.8000,-5.9500
-2.3500,-6.8000,-1.5000
-4.5500,5.0000,-11.0500
38.4500,1.8000,25.6000
26.3500,28.2000,23.7500
-53.6000,29.0000,-58.8500
-23.1500,-57.0000,-25.0000
7.6000,-12.0000,-5.4000
-4.9500,0.0000,-10.3500
9.4500,4.9000,-5.8000
-18.0500,0.1000,-23.9500
-7.2500,-10.0000,-21.2000
-14.2500,0.0000,-35.4500
-7.0500,-34.0000,-8.5000
10.1500,-10.0000,11.6500
-13.3500,4.0000,-5.7000
-9.6500,10.0000,-25.3500
39.0500,-40.0000,53.7000
-25.8000,60.0000,-32.1000
2.5000,-25.0000,-4.6000
5.9500,8.0000,-6.6500
11.3000,-10.0000,14.6500
2.4000,22.0000,-4.9500
-2.3500,-3.0000,-4.3000
4.1000,-7.0000,6.8000
-1.3500,6.8000,-1.3500
-10.4500,0.2000,-12.0000
-22.2000,-12.0000,-22.2000
15.3000,-10.0000,3.1000
1.6000,10.0000,-5.3000
-31.7500,-13.9000,-23.1500
-26.7500,-27.1000,-22.8000
-123.2000,14.0000,-160.0000
-8.1500,-74.0000,-94.1500
-9.3000,-89.0000,-14.4500
0.3500,-29.4000,15.3000
15.8500,34.4000,-3.2500
22.6500,9.0000,10.4000
-21.7500,20.0000,-31.3500
-24.0500,-37.0000,-18.4000
-2.3000,-3.0000,-17.7000
5.4000,-9.0000,-3.3000
2.0000,8.0000,-9.3000
-22.4000,-21.0000,-10.7000
-48.0000,-12.0000,-46.7000
-68.9500,-60.0000,-55.6500
55.5500,-61.9500,61.8500
-10.2000,68.9500,-17.3000
-27.6500,-23.0000,-21.9500
-20.7000,-4.0000,-38.6500
29.5000,-0.1000,-9.0500
36.2500,-8.9000,36.1000
-6.8000,44.0000,-14.7000
11.7000,-25.0000,22.0000
31.3500,8.0000,45.3500
1.6000,56.0000,-9.0500
-12.4000,-14.0000,-7.4500
-10.3500,-5.0000,-12.8000
-37.6500,-10.0000,-40.4500
-19.1500,-49.9000,-9.7000
-20.0500,-15.0000,-14.7500
6.5500,-11.3000,3.1000
-22.1500,6.2000,-25.2500
-3.6000,-23.0000,-5.8500
-13.1000,-6.0000,-12.9500
4.6500,-11.0000,2.7000
-9.0000,3.5000,-9.8000
-14.2000,-8.5000,-15.5000
9.3500,-16.0000,9.8500
-3.4500,21.0000,-14.6000
-6.1500,-20.0000,-0.7500
1.9500,0.1000,1.1000
-17.1000,-1.9000,-14.1000
-44.4500,-13.2000,-45.3500
-2.9000,-16.0000,-32.2500
7.1500,-25.0000,-0.1000
32.8500,4.4000,28.3500
-25.3500,26.6000,-23.6000
10.7500,-36.0000,23.1500
1.6000,42.6000,-17.8500
-0.9000,-18.6000,-0.1500
-10.6000,4.0000,-14.7500
5.6000,-12.0000,2.8500
-5.5500,-1.3000,-1.4000
4.6000,-6.6500,9.8500
14.7500,6.8000,17.8000
-8.3000,41.1500,-31.6500
-2.7000,-37.7500,3.4000
-0.7500,4.7500,-2.1000
3.1000,-3.5000,4.5000
4.5000,1.5000,7.5000
-9.7000,4.0000,-6.2000
7.7000,-3.9000,5.4000
20.6000,5.9000,20.1000
23.2000,27.0000,16.3000
-1.7000,18.0000,-3.4000
12.4500,-3.0000,12.0500
13.6000,17.0000,8.6500
-10.7500,13.9500,-16.0500
-21.0000,-21.9500,-15.1000
6.9500,-15.0000,6.8500
-0.0500,7.5000,-0.7000
-3.5000,5.5000,-9.7000
-0.0500,-9.3000,-0.4500
-3.6500,4.3000,-8.4000
-20.3000,-5.0000,-23.7000
0.7000,-23.0000,0.0000
16.2000,5.9500,10.2500
3.0000,16.0500,-2.8000
34.8000,3.9000,28.1000
71.3500,27.1000,72.3500
-34.0500,80.0000,-41.7000
3.7500,-35.2000,-2.7500
3.4500,5.0000,-4.3000
49.4500,2.9000,42.2500
-5.0500,45.3000,-8.1000
-5.6500,-8.0000,-5.7500
3.1000,0.0000,-2.6500
-23.9000,-2.0000,-24.5500
-0.5500,-19.3000,-5.8000
-11.0500,1.0000,-17.8500
13.1000,-17.7000,12.9500
0.9000,16.5000,-2.6500
2.9000,-1.5000,1.7500
-5.8500,-101.4500,97.3500
-19.5000,102.3000,-24.4500
14.0500,-12.8500,2.4500
-6.1500,5.0000,-8.7000
5.1000,-23.4000,19.8000
5.3500,23.6500,1.5000
6.8500,-8.0000,16.3500
-5.8000,17.7500,-7.2000
-8.2500,-8.0000,-7.4500
-16.2500,3.0000,-26.7000
9.1000,-29.0000,11.4000
-4.4000,13.0000,-6.0000
-5.1000,-4.0000,-7.1000
-11.4000,-3.9500,-14.5500
1.5500,-20.0500,7.0500
3.7000,7.0000,3.7500
-1.2500,2.1500,0.3500
1.7500,4.8500,-2.7500
-7.9500,-7.8500,-2.8500
-12.8000,-2.1500,-13.5000
-10.9000,-13.0000,-11.4000
-6.9500,-8.1000,-10.2500
12.1000,-1.9000,3.7500
-1.7000,17.0000,-14.9500
-4.2000,-13.2000,-5.9500
35.6500,0.0000,29.7000
-2.3500,34.2500,-6.9000
1.7000,29.9500,-35.1500
-19.7500,-5.6000,-49.3000
7.9500,-42.7000,1.3500
7.5500,4.2000,4.7000
6.8500,19.1000,-7.5500
6.1000,4.3000,-5.7500
20.2000,5.7000,8.7500
-8.1500,11.0000,-10.4000
1.6000,1.0000,-9.8000
23.8500,-7.0000,21.0500
16.5500,21.0000,16.6000
31.9000,19.0000,29.5000
-12.9500,30.0000,-13.4500
-6.3500,-20.0000,0.2000
18.5500,4.0000,14.7500
-20.0500,14.0000,-19.3000
-11.0500,-18.0000,-12.3500
-13.9000,-5.0000,-21.2500
0.1000,-15.2000,-5.9500
-16.9500,-4.8000,-18.1000
27.4000,-10.0000,19.3000
-15.0000,34.0000,-29.7000
-3.7000,-26.1000,-7.3000
-11.0000,-5.9000,-12.4000
-24.2000,-12.0000,-24.6000
-34.2000,35.0000,-93.8000
-8.1000,-55.0000,-46.9000
25.1500,-47.0000,25.2500
-5.7500,37.5500,-18.0500
-10.6000,-22.5500,-6.1000
-8.2500,-4.2500,-10.1000
11.2000,0.0500,1.0500
-10.3000,-0.8000,-8.4500
-1.2000,-8.0000,-1.6500
12.5500,5.0000,5.9000
5.7500,15.0000,-3.3500
-1.9500,-4.7000,-0.6000
12.6500,-0.3000,12.3500
17.6000,15.0000,14.9500
4.7500,19.0000,0.7000
10.2000,1.0500,9.8500
-11.8500,9.9500,-11.9500
-22.3500,-13.0000,-21.3000
13.3500,-20.3500,12.4000
0.7500,12.2500,0.9000
49.4500,9.1000,41.2500
1.3000,46.9000,-4.3500
4.2000,6.1000,-6.2500
-15.0000,3.9500,-25.2000
36.6500,-23.9500,35.4000
15.5000,37.0000,13.9000
2.0500,15.2500,0.7000
50.1500,6.7500,44.1000
-23.9500,50.0000,-29.8500
21.2000,-20.0000,11.3500
2.0500,14.9500,-1.5500
-7.8500,-1.5500,-7.8500
-2.2000,-23.4000,13.3500
6.6000,14.0000,5.9500
15.9000,14.0000,7.8500
-3.0000,8.0000,-3.1500
-0.1500,-9.9000,6.6000
4.0500,5.9000,4.7500
1.5500,-10.9000,17.2000
-11.3500,16.0000,-10.1500
-18.8000,-25.5500,-3.4000
-45.5500,-11.5500,-37.4000
5.7500,-45.0000,13.3500
6.5500,20.0000,-0.1000
11.6000,0.0000,11.5000
-11.7000,20.0000,-20.2000
-17.5000,-21.0000,-16.7000
-24.7500,-13.9000,-27.5500
-43.0500,-16.1000,-54.5000
-9.6500,-54.5000,-9.6500
-5.6500,10.5000,-25.8000
-26.5000,-50.0000,-2.3000
-9.4500,-2.3000,-9.4500
12.0500,1.2500,1.3500
-58.2000,0.0500,-56.9000
21.6500,-55.0000,19.7500
-20.3500,26.0000,-26.6000
8.9000,-8.5000,-9.2000
-10.3500,18.5000,-38.0500
38.0000,-30.5000,30.4500
-4.4500,38.5000,-12.5000
-11.5500,-18.0000,-6.0500
1.0000,-4.0000,-1.0500
2.0500,9.0000,-8.0000
17.0000,-5.0000,14.0000
48.8500,14.0000,48.8500
34.8000,53.0000,30.6500
-2.1500,36.0000,-7.5000
-33.8000,-8.0000,-33.3000
-16.1000,-17.0000,-32.4000
13.3000,-37.0000,17.9000
21.2500,23.0000,16.1500
-16.9500,13.3500,-14.1500
-29.8500,-91.3500,47.3500
29.2000,42.0000,34.5500
-16.9000,4.1500,13.5000
11.7000,9.4500,15.7500
16.6000,13.4000,18.9500
1.4500,32.9000,-12.5000
-36.0000,-64.8500,16.3500
20.2000,6.9500,29.6000
-3.2500,33.7000,-7.3500
6.4000,-3.7000,2.7500
3.2000,3.0000,2.9500
2.0000,7.0000,-2.0500
3.2000,-2.0000,3.1500
45.9500,10.8500,38.2500
39.7000,44.1500,33.8000
-6.0000,32.0000,-4.2000
2.7000,0.7000,-2.2000
2.6000,4.3000,-3.9000
-15.0000,-2.0000,-16.9000
6.6500,-16.9000,6.6500
4.3000,13.9000,-2.9500
2.1500,-6.0000,5.2000
-0.6500,10.4000,-5.8500
-7.6500,-4.4000,-9.1000
-3.6000,-7.0000,-5.7000
3.2500,0.0000,-2.4500
-7.6500,-2.0000,-8.1000
9.9000,-3.4500,5.2500
-4.9000,12.3000,-11.9500
-2.4000,-69.3000,54.9500
11.3500,63.3500,2.9500
11.4500,4.1500,10.2500
-7.7500,25.9500,-23.4500
-0.9500,-23.0000,-1.4000
-3.0000,2.8000,-7.2000
-0.0500,-13.7500,6.5000
5.9000,7.8500,4.5500
21.9000,16.0000,10.4500
0.8000,11.1000,0.1500
7.9500,2.0000,6.1000
11.2500,11.5000,5.8500
14.4500,12.5000,7.8000
14.8500,10.0000,12.6500
-10.0000,17.9000,-15.2500
-4.7500,-23.9000,3.9000
-9.9500,-5.0000,-1.0500
-7.7000,9.9000,-18.6500
-1.1500,-14.9000,-4.9000
-6.9000,-2.1000,-9.7000
0.2000,-32.1000,22.6000
32.7000,34.0500,21.2500
-4.9000,29.0500,-12.7000
-2.5000,56.1000,-71.3000
8.0000,-78.5000,15.2000
-0.6000,18.2000,-3.6000
15.0000,2.8000,8.6000
3.3500,2.5000,9.4500
-16.3500,0.0000,-6.9000
15.2500,0.0000,8.3500
19.6000,7.5000,20.4500
-9.8000,41.5000,-30.8500
0.4500,-30.0000,-0.4000
-10.8000,-36.7500,25.5500
-3.2000,22.7500,-0.4000
-11.4000,-1.0000,-10.8000
8.0500,-40.7000,37.9500
-7.2000,-33.3000,64.0500
3.4500,68.0000,-0.5000
4.5000,-8.0000,12.0000
-8.2000,-5.0000,8.8000
4.8500,9.0000,4.6500
11.6500,22.0000,-5.7000
-35.7500,-4.0000,-37.4500
-6.4500,-17.0000,-26.9000
-5.5500,-18.1000,-14.3500
0.5000,-7.2500,-6.6000
-18.5500,-4.6500,-20.5000
-5.4000,-29.0000,3.1000
29.9500,10.0000,23.0500
2.6000,23.0500,2.6000
-22.0500,5.9000,-25.3500
-30.6500,-40.5000,-15.5000
-6.9000,-5.8000,-16.6000
20.6500,-12.3000,16.3500
-29.4000,-1.3500,-11.7000
3.9500,-5.0000,-2.7500
27.3500,9.7000,14.9000
-3.2500,8.3000,3.3500
17.6500,-15.7500,36.7500
17.0000,46.7500,7.0000
-18.6500,7.0000,-18.6500
14.9500,-35.9500,32.2500
4.5500,24.9500,11.8500
4.0000,15.0000,0.8500
-29.5500,-47.7500,19.0500
-1.7000,37.0000,-19.6500
6.6500,-0.2500,-12.7500
-7.9000,-26.0000,5.3500
17.0500,9.4000,13.0000
6.4000,40.6000,-21.2000
-12.0000,-50.7500,17.5500
5.0500,12.8000,9.8000
-7.6500,17.9500,-15.8000
13.4500,-17.0000,14.6500
12.7500,20.1000,7.3000
34.9000,7.9000,34.3000
21.5000,31.0000,24.8000
-3.1500,20.1000,1.5500
6.5000,2.9000,5.1500
12.8000,-8.0000,25.9500
56.8000,30.0000,52.7500
-13.6500,44.9000,-5.8000
5.0000,5.1000,-5.9000
21.5500,2.1500,13.5000
-15.4500,7.8500,-9.8000
-4.2000,-9.0000,-5.0000
-9.4500,9.0000,-23.4500
8.3500,-25.0000,9.9000
20.9000,27.0000,3.8000
-4.2000,8.0000,-8.4000
-5.0000,-5.1000,-8.3000
-1.3500,-5.9000,-3.7500
6.5000,-1.6000,4.3500
-17.7500,7.6000,-21.0000
59.1500,-17.0000,55.1500
-46.4000,87.0000,-78.2500
4.9500,-70.0000,-3.3000
41.1500,-4.0000,41.8500
-10.1500,20.0000,11.7000
-9.3500,15.0000,-12.6500
-22.5000,-11.0500,-24.1000
25.4000,-39.9500,41.2500
4.1000,44.0000,1.3500
7.7000,1.0000,8.0500
-22.8000,-10.0000,-4.7500
0.6000,0.0000,-4.1500
2.5500,-10.0000,8.4000
-8.9000,-30.0000,29.5000
-11.3000,35.0000,-16.8000
-51.2000,-35.0000,-33.0000
-15.1000,-30.0000,-18.1000
44.0000,-5.0000,30.9000
-15.7000,35.0000,-19.8000
17.9000,-15.0000,13.1000
19.4500,25.0000,7.5500
14.2000,10.0000,11.7500
-29.0500,0.0000,-17.3000
-17.0000,-9.0000,-25.3000
-43.4000,-38.7500,-29.9500
-7.7500,-30.3500,-7.3500
6.1500,-7.9000,6.7000
1.5500,12.7000,-4.4500
-10.7000,3.3000,-18.4500
-2.5000,-28.0000,7.0500
5.5500,13.9000,-1.3000
-37.9500,-6.9000,-32.3500
55.5500,-9.0000,32.2000
-21.7000,40.0000,-29.5000
4.3500,-21.0000,-4.1500
0.6000,-19.0000,15.4500
2.8500,28.0000,-9.7000
17.8500,-8.0000,16.1500
-36.5000,15.0000,-35.3500
1.5000,-40.0000,6.1500
11.9500,12.0000,6.1000
4.9000,-27.0000,38.0000
31.8500,16.3000,53.5500
-25.1500,78.7000,-50.3000
-8.4000,-25.0000,-33.7000
3.4500,-30.0000,-0.2500
8.3500,15.3000,-7.2000
-7.8000,-1.3000,-13.7000
9.7000,0.0000,-4.0000
9.2000,-4.0000,9.2000
30.2000,12.0000,27.4000
9.8000,30.0000,7.2000
21.5500,11.0000,17.7500
-1.2000,10.9000,5.6500
38.9500,13.1000,31.5000
52.0000,28.0000,55.5000
-25.9500,80.0000,-50.4500
50.5500,-45.0000,45.1000
-43.9000,57.0000,-55.8000
-18.7000,-37.0000,-37.5000
16.6000,-28.0000,7.1000
14.2000,17.8000,3.5000
-23.4500,30.2000,-50.1500
17.6000,-60.0000,27.4500
8.8000,38.8000,-2.5500
10.1500,6.0000,1.6000
-6.0500,15.2000,-19.6500
0.4000,-20.0000,0.7500
-4.0000,-14.9000,11.6500
-21.9000,-5.1000,-5.1500
-11.9500,-85.0000,67.9000
6.5500,75.0000,-0.5500
-53.5500,0.0000,-54.1000
-12.3500,-25.0000,-41.4500
-12.4000,-45.0000,-8.8500
13.2000,18.0000,-13.6500
-16.6000,-32.0000,1.7500
17.3000,4.0000,15.0500
-33.3000,15.0000,-33.2500
-117.3000,65.0000,-215.5500
-76.7000,-270.0000,-22.2500
61.1000,78.8000,-39.9500
-19.8000,11.2000,-70.9500
23.2000,-114.7000,66.9500
9.5500,66.9500,9.5500
15.7000,-20.0000,45.2500
11.9500,41.6500,15.5500
-51.1500,21.0000,-56.6000
65.7500,-35.1500,44.3000
4.1500,60.2500,-11.8000
1.6000,-13.9000,3.7000
-15.0500,2.9000,-14.2500
0.1000,-7.9500,-6.2000
-0.7000,-1.0500,-5.8500
-46.4500,-10.0000,-42.3000
-0.6500,-40.0000,-2.9500
10.3500,29.9500,-22.5500
21.7500,-15.9500,15.1500
12.9000,15.1500,12.9000
-16.7000,25.8500,-29.6500
5.5000,-25.0000,0.8500
-9.0000,-2.0000,-6.1500
1.1500,-5.9000,0.9000
1.5500,0.9000,1.5500
-14.6000,7.0000,-20.0500
-2.2000,-20.0500,-2.2000
-18.8500,-2.2000,-18.8500
-2.2000,-22.7500,1.7000
13.1500,9.0000,5.8500
7.6500,-11.0000,24.5000
-21.0500,-23.0000,26.4500
-5.3500,22.0000,-0.9000
-44.6500,-17.2000,-28.3500
-49.1000,-58.5500,-18.9000
3.6500,-16.2500,1.0000
-0.5000,21.0000,-20.5000
0.8500,-44.0000,24.3500
-31.8500,25.0000,-32.5000
-44.9500,-47.0000,-30.4500
-19.6500,-30.0000,-20.1000
-24.9500,-5.0000,-40.0500
4.1000,-2.0000,-33.9500
36.3000,-28.0000,30.3500
10.9500,39.9500,1.3500
-12.1000,0.0500,-10.8000
9.5500,-1.0000,-0.2500
-1.7000,0.9000,-2.8500
-7.2500,-7.9000,-2.2000
-0.1500,23.0000,-25.3500
-12.5000,-22.9500,-14.9000
-7.7500,-12.0500,-10.6000
-1.1000,0.0000,-11.7000
6.7000,-17.7500,12.7500
2.5500,12.7500,2.5500
-0.5000,-1.0000,3.0500
-0.6000,15.0000,-12.5500
0.6000,-37.0000,25.0500
10.6500,26.0000,9.7000
0.8500,22.0000,-11.4500
6.8000,-9.8000,5.1500
2.9000,9.8000,-1.7500
4.2000,4.9500,-2.5000
-21.8500,4.0500,-28.4000
9.0000,-26.9500,7.5500
1.6000,11.9500,-2.8000
0.6000,3.0000,-5.2000
1.0000,3.0000,-7.2000
10.0000,-3.0000,5.8000
18.4500,12.9000,11.3500
-13.5500,12.1000,-14.3000
-5.1000,-7.0000,-12.4000
-0.9000,-13.0000,-0.3000
-17.0000,-2.0000,-15.3000
-10.9000,-10.0000,-16.2000
-2.6000,-18.0000,-0.8000
-1.9000,-6.5000,3.8000
-3.7000,5.5000,-5.4000
15.4000,-3.0000,13.0000
-2.7000,12.0000,-1.7000
1.9000,-1.7000,1.9000
2.8000,1.7000,3.0000
-16.3500,3.5000,-16.8500
9.8500,-13.5000,6.5000
-7.4500,13.0000,-13.9500
7.2500,-10.0000,3.3000
-1.5000,3.3000,-1.5000
5.0000,-1.0500,4.5500
0.5000,-5.2500,10.3000
1.7000,5.0000,7.0000
-6.1000,9.5000,-8.6000
39.2500,-8.5000,39.1500
-15.0500,47.5000,-23.4000
-12.4500,-50.1000,14.2500
7.0000,13.6000,7.6500
12.0000,18.0000,1.6500
-22.2500,-9.0000,-11.6000
1.0000,-16.0000,5.4000
-11.9000,6.0000,-12.5000
8.1000,-1.0000,-3.4000
-2.7000,-5.0000,-1.1000
0.0000,-4.9500,3.8500
-4.2500,9.8000,-10.2000
-15.5000,-14.8500,-10.8500
-1.3500,-28.7500,16.5500
28.6000,-51.2500,96.4000
-27.4500,94.0000,-25.0500
-28.1500,-49.0000,-4.2000
-61.6500,-27.7500,-38.1000
-48.4000,-38.4000,-48.1000
-32.4000,-58.8500,-21.6500
-27.4000,-35.0000,-14.0500
12.7500,-17.0000,15.7000
22.4500,15.0000,23.1500
7.3500,12.0000,18.5000
24.8500,25.0000,18.3500
9.9500,16.0000,12.3000
-9.3500,16.0000,-13.0500
-4.3500,-22.0000,4.6000
-16.8500,-3.0000,-9.2500
-18.9500,-9.2500,-18.9500
10.1500,-2.7500,-6.0500
35.3500,1.0000,28.3000
-5.6500,23.9500,-1.3000
6.5500,-4.9500,10.2000
22.7500,20.1500,12.8000
0.9500,24.8500,-11.1000
14.6500,-14.0000,17.5500
15.7000,18.6000,14.6500
-14.8000,14.6500,-14.8000
24.3000,8.7500,0.7500
8.0500,7.0000,1.8000
34.9500,5.1000,31.6500
-12.5500,29.6500,-10.5500
-10.2500,-9.7500,-11.0500
-1.7500,-12.0000,-0.8000
7.1000,6.0000,0.3000
-5.1000,-21.6000,16.8000
15.7000,26.6000,5.9000
22.6500,11.0000,17.5500
-6.1000,17.5500,-6.1000
-18.5000,-10.5500,-14.0500
1.0000,-9.0000,-4.0500
2.1000,-17.4000,15.4500
2.8500,15.4500,2.8500
-20.6000,2.9500,-20.7000
-22.3500,-24.0000,-19.0500
10.3000,-19.0000,10.2500
-3.8000,4.0000,2.4500
-6.6000,2.5000,-6.6500
1.8500,-15.5000,10.7000
17.2500,19.0000,8.9500
12.4000,9.0000,12.3500
44.2500,20.0000,36.6000
-1.1500,31.0500,4.4000
10.4500,-0.6000,15.4500
1.3500,34.5500,-17.7500
0.8000,-18.0000,1.0500
-15.3500,-0.3000,-14.0000
-3.5000,-2.9000,-14.6000
-8.0500,11.1000,-33.7500
-2.7000,-41.9000,5.4500
0.7500,-6.0000,12.2000
-37.6500,17.7500,-43.2000
-36.9500,-67.2500,-12.9000
-3.7500,-2.5000,-14.1500
-6.2000,-10.1500,-10.2000
-10.9500,-19.8500,-1.3000
1.9000,-4.0000,4.6000
7.1000,7.1000,4.6000
-15.2500,6.9000,-17.5500
-17.7500,-25.0000,-10.3000
5.5500,-5.0000,0.2500
-0.7000,12.0000,-12.4500
-16.2000,-14.9000,-13.7500
-13.5000,-14.1000,-13.1500
-30.9000,-3.1500,-40.9000
-23.8000,-54.8500,-9.8500
-54.4000,-25.1000,-39.1500
28.0500,-42.2000,31.1000
0.5000,42.3000,-10.7000
-22.7500,-9.4000,-24.0500
-7.0500,-37.6000,6.5000
-15.6500,12.0000,-21.1500
-27.4000,-19.7500,-28.8000
11.5000,-25.2500,7.9500
-8.3500,10.0000,-10.4000
-9.7500,-27.6000,7.4500
-38.3500,2.6000,-33.5000
-26.0500,-50.6000,-8.9500
8.8000,-6.1000,5.9500
3.2500,4.8000,4.4000
-2.4000,14.9000,-12.9000
36.8000,-8.0000,31.9000
11.7500,35.9500,7.7000
-9.2000,17.9500,-19.4500
-9.6000,-37.9000,8.8500
5.5500,2.9500,11.4500
12.6500,12.1000,12.0000
-13.0000,7.0000,-8.0000
-5.4500,-5.9000,-7.5500
-3.0500,-7.3500,-3.2500
-2.7000,5.0000,-10.9500
-8.3500,-4.9000,-14.4000
-5.0000,-9.7500,-9.6500
-14.2000,-9.6500,-14.2000
-1.4500,-15.5500,-0.1000
-5.8000,1.4000,-7.3000
-8.2000,-4.2000,-11.3000
1.9000,-8.2000,-1.2000
-8.2500,-8.9500,-0.5000
-2.0500,0.0000,-2.5500
-4.6500,-8.0000,0.8000
5.3500,4.9000,1.2500
16.6500,3.1000,14.8000
-8.8000,12.0000,-6.0000
-1.8000,-3.0000,-4.8000
1.6500,-1.5000,-1.6500
17.5500,0.1000,15.8000
-3.7500,12.4000,-0.3500
-0.4000,-6.2500,5.5000
5.9000,8.2500,3.1500
-1.5500,6.0000,-4.4000
13.0000,-11.8500,20.4500
19.9000,22.3500,18.0000
-7.9000,23.5000,-13.4000
-13.3500,-14.0000,-12.7500
13.7000,-11.9000,12.8500
7.0000,13.9000,5.9500
4.9000,7.0000,3.8500
9.5500,4.9000,8.5000
2.5500,10.8500,0.2000
5.6000,2.2500,3.5500
-2.1000,5.0000,-3.5500
-1.7500,-1.1000,-4.2000
-8.0000,-8.9000,-3.3000
-26.1500,-1.6000,-27.8500
-16.4000,-27.8500,-16.4000
3.0500,-17.0500,3.7000
-14.6000,4.5500,-15.4500
11.3500,-10.3500,6.2500
1.4500,1.3000,6.4000
1.7500,10.4000,-2.2500
30.3500,-1.5000,29.6000
-19.4500,32.0000,-21.8500
-3.9000,-34.5000,8.7500
-2.5500,11.1000,-4.9000
-1.5500,-5.5000,-0.9500
7.5000,3.8500,2.7000
0.1000,5.9000,-3.1000
2.0000,1.7500,-2.8500
9.0500,-5.5000,11.7000
-12.0000,13.0000,-13.3000
-1.1000,-12.0000,-2.4000
0.3500,0.0000,-2.0500
-4.2500,-7.8500,1.5500
4.9500,1.9000,4.6000
5.2000,7.9500,1.8500
3.0500,2.0500,2.8500
1.6500,-2.2500,6.7500
-6.4500,5.0000,-4.7000
-2.1000,-2.8000,-4.0000
-9.1500,-2.0000,-11.1500
-2.5000,-15.0000,1.3500
-0.1000,0.0000,1.2500
-0.2000,-0.3000,1.3500
-4.8500,0.3000,-3.8000
-6.5000,-6.0000,-4.3000
-4.1000,-2.2000,-6.2000
2.8000,-5.8000,2.4000
-1.8000,2.9500,-2.3500
0.4500,-4.0000,2.1000
-5.5000,1.9500,-5.3500
-0.1500,-4.8000,-0.7000
-5.1500,0.8000,-6.6500
-3.3000,-7.9000,-2.0500
-6.7000,-2.0000,-6.7500
-5.3000,-5.1000,-6.9500
10.9500,-4.9000,8.9000
20.5000,9.0000,20.4000
4.8000,22.7000,2.5000
21.9500,6.1000,18.3500
5.0500,20.3000,3.1000
-18.6500,2.9000,-18.4500
-2.9500,-15.2000,-6.2000
-3.2000,-3.8500,-5.5500
3.0500,-5.9500,3.4500
11.0500,6.5000,8.0000
11.0000,11.5000,7.5000
-6.4000,1.1000,0.0000
-3.7500,-2.6000,-1.1500
-0.9500,-3.5000,1.4000
6.9000,5.0000,3.3000
-0.7000,8.0000,-5.4000
35.0500,-9.9000,39.5500
11.5000,44.9000,6.1500
-7.2500,7.9500,-9.0500
7.8000,-13.0500,11.8000
-24.1000,13.1000,-25.4000
3.5500,-23.0000,1.1500
8.4000,13.1000,-3.5500
-8.8000,-12.8000,0.4500
-2.4500,2.7000,-4.7000
4.1500,-2.2000,1.6500
1.2500,2.2500,0.6500
-2.5000,-5.0500,3.2000
-8.4500,5.7500,-11.0000
1.0000,-8.7500,-1.2500
5.1000,5.0000,-1.1500
14.7000,0.0500,13.5000
0.9500,23.7500,-9.3000
6.4500,-3.9500,1.1000
0.5000,2.4000,-0.8000
-6.3000,-0.2500,-6.8500
-4.4500,-6.6500,-4.6500
-0.2000,-2.3500,-2.5000
-8.1500,-8.0000,-2.6500
11.6000,-1.5000,10.4500
40.7500,25.5000,25.7000
-10.1000,35.9000,-20.3000
33.7500,-18.9000,32.3500
10.1500,31.0000,11.5000
15.9000,13.0000,14.4000
1.6000,10.0000,6.0000
-25.6000,20.0000,-39.6000
8.2500,-40.0000,8.6500
-2.6000,8.0000,-1.9500
17.9500,2.0000,14.0000
13.2000,10.3000,16.9000
19.8500,21.5000,15.2500
3.1500,22.2000,-3.8000
-7.6500,-11.5000,0.0500
21.4500,1.5000,20.0000
-46.6500,26.0000,-52.6500
-1.9000,-55.0000,0.4500
-3.8500,1.0000,-4.4000
3.3000,-6.0000,4.9000
-16.1500,5.0000,-16.2500
-11.5500,-20.0000,-7.8000
-14.5500,-11.3000,-11.0500
-22.9000,-22.4500,-11.5000
-15.2000,-16.2500,-10.4500
8.1000,-9.0000,6.6500
-7.2000,9.0000,-9.5500
6.5500,-15.0000,12.0000
-5.3500,9.0000,-2.3500
-3.5000,0.7500,-6.6000
7.9500,-2.3500,3.7000
7.4500,5.6000,5.5500
-13.2000,10.4500,-18.1000
8.5500,-18.4500,8.9000
4.0500,11.0000,1.9500
2.2500,-0.1500,4.3500
-7.0500,5.9000,-8.6000
-0.8000,-6.7500,-2.6500
-2.3000,-8.1500,3.2000
1.2500,0.6500,3.8000
-3.5500,6.2000,-5.9500
1.4000,-6.7000,2.1500
7.5500,5.0000,4.7000
5.5500,8.0000,2.2500
1.3000,9.8500,-6.3000
3.9500,-4.8500,2.5000
11.2500,6.8000,6.9500
-4.0000,9.9500,-7.0000
-6.8500,-6.7500,-7.1000
-2.1500,-3.0000,-6.2500
2.1500,-2.0000,-2.1000
0.2500,-5.9000,4.0500
-0.8500,5.9000,-2.7000
4.9500,-2.0000,4.2500
-1.9500,2.0000,0.3000
7.1500,3.3500,4.1000
-4.4000,3.6500,-3.9500
1.7000,-3.5000,1.2500
0.0000,3.9000,-2.6500
-4.4500,-2.4000,-4.7000
-7.8500,-13.0000,0.4500
-12.1000,0.9000,-12.5500
7.0000,-12.9000,7.3500
-6.5500,10.0000,-9.2000
10.5000,-4.5000,5.8000
19.6500,9.0000,16.4500
-17.7500,11.5000,-12.8000
7.2500,-12.9000,7.3500
-7.0000,11.4000,-11.0500
-0.1000,-7.5000,-3.6500
-0.4500,-5.0000,0.9000
2.8500,6.0000,-2.2500
3.7000,-8.0000,9.4500
5.4000,10.2000,4.6500
-5.3000,1.9000,-2.5500
9.6500,-1.8000,8.9000
4.0500,5.0000,7.9500
-5.9500,3.7000,-1.7000
-3.5500,-6.8000,1.5500
-3.1500,1.8500,-3.4500
2.2000,4.7500,-6.0000
3.5500,-6.3000,3.8500
7.0000,-2.5000,13.3500
-0.5000,-1.2000,14.0500
-9.2500,8.2000,-3.4000
4.9500,3.0000,-1.4500
4.6000,4.8500,-1.7000
2.2500,-1.3000,1.8500
1.7000,6.1500,-2.6000
48.6000,0.4000,45.6000
4.1000,43.7500,5.9500
-4.9500,1.1500,-0.1500
-2.0000,3.4000,-5.5500
-1.8000,-10.4000,3.0500
13.8500,1.9500,14.9500
2.1000,15.0500,2.0000
2.4000,4.0000,0.4000
5.4500,2.0000,3.8500
43.2000,5.0000,42.0500
39.9500,41.0000,41.0000
17.0500,31.0000,27.0500
-5.7000,25.1500,-3.8000
5.5500,-3.4500,5.2000
-8.0000,7.7000,-10.5000
-27.6000,-7.4000,-30.7000
-3.4000,-28.0000,-6.1000
3.5500,-5.0000,2.4500
0.3000,4.0000,-1.2500
6.7000,1.3000,4.1500
26.9500,5.7000,25.4000
-18.2500,8.0000,-0.8500
12.5500,2.0000,9.7000
-25.8500,9.0000,-25.1500
-37.1500,-29.1000,-33.2000
33.2500,-37.9000,37.9500
-5.1000,32.0000,0.8500
-12.7000,8.0000,-19.8500
24.7500,-49.4000,54.3000
41.5000,65.5500,30.2500
11.4000,33.8500,7.8000
7.2500,6.0000,9.0500
2.4000,4.0000,7.4500
-12.7000,11.1000,-16.3500
6.4500,-12.1000,2.2000
-3.2500,3.8000,-4.8500
-5.2500,-4.3000,-5.8000
4.6000,-3.5000,2.3000
-9.5500,2.0000,-9.2500
0.4500,-5.5000,-3.3000
-17.9000,0.5000,-21.7000
-9.4500,-26.9000,-4.2500
10.2500,-1.4000,7.4000
19.6500,8.8000,18.2500
-8.1500,22.5000,-12.4000
24.3000,-12.0000,23.9000
-19.6500,21.8000,-17.5500
5.1000,-5.8500,-6.6000
43.0000,-2.5000,38.9000
40.1500,43.3000,35.7500
61.5500,51.2500,46.0500
-27.8000,44.0000,-25.7500
-10.3500,-25.0000,-11.1000
4.7000,-8.0000,1.6000
-4.0500,-5.8000,3.3500
21.9000,4.4000,20.8500
-4.6000,24.6500,-8.4000
-6.7500,5.1500,-20.3000
-19.8000,-20.3000,-19.8000
5.5500,-15.7000,1.4500
-2.3000,2.6000,-3.4500
-19.5500,-2.0000,-21.0000
-6.6500,-18.0000,-9.6500
8.3500,-4.0000,2.7000
5.7000,6.7000,1.7000
13.7500,5.0000,10.4500
3.1000,13.5500,0.0000
-1.9500,2.7500,-4.7000
-2.7500,-1.0000,-6.4500
-3.2500,-3.0000,-6.7000
-2.7000,-1.6000,-7.8000
-1.2500,-3.6500,-5.4000
-6.2500,-5.4000,-6.2500
-11.6000,-2.5000,-15.3500
7.6500,-10.2500,2.5500
3.0000,5.0500,0.5000
-4.2000,-4.6500,0.9500
1.1000,5.7000,-3.6500
-9.3000,-4.7000,-8.2500
-20.2500,-15.0000,-13.5000
0.1500,-14.5000,1.1500
-10.7500,7.3000,-16.9000
15.3500,-18.0500,16.5000
7.4000,-4.7500,28.6500
20.2500,25.0000,23.9000
-59.6000,14.9000,-50.6000
12.7500,-29.9000,-7.9500
22.1000,-11.0000,25.1500
-5.3500,23.9000,-4.1000
-23.5000,1.9000,-29.5000
11.8500,-16.4000,-1.2500
-8.1000,4.6000,-13.9500
-19.1500,-30.8000,-2.3000
8.1500,2.6000,3.2500
-5.8000,10.2000,-12.7500
12.7000,-6.0000,5.9500
-6.3000,7.3000,-7.6500
0.7000,-0.3500,-6.6000
-3.9500,0.1500,-10.7000
3.8500,-2.1000,-4.7500
-1.9500,1.0000,-7.7000
2.2500,-4.0000,-1.4500
-12.0000,-8.9500,-4.5000
-16.0000,-0.0500,-20.4500
-17.1500,-27.0000,-10.6000
-10.0500,-15.0000,-5.6500
-13.6000,-1.1500,-18.1000
-7.2500,-14.8500,-10.5000
60.4000,-7.0000,56.9000
32.9000,63.2000,26.6000
-7.9500,23.7000,-5.0500
4.8000,-3.9000,3.6500
12.0000,5.0000,10.6500
-12.6500,12.0000,-14.0000
-5.6500,-11.0000,-8.6500
5.4000,-8.0000,4.7500
-13.1500,5.5000,-13.9000
-7.3000,-18.5000,-2.7000
12.1000,-2.0000,11.4000
-14.7000,15.0000,-18.3000
1.6500,-15.5000,-1.1500
-3.6500,2.2000,-7.0000
0.2500,-12.5000,5.7500
-3.8000,10.5000,-8.5500
-2.4000,-11.5000,0.5500
3.0000,6.8000,-3.2500
4.2500,0.5000,0.5000
8.4500,-3.5000,12.4500
2.7500,15.0000,0.2000
-6.1500,1.5000,-7.4500
-5.5000,-7.5000,-5.4500
11.2500,-2.0000,7.8000
-4.0000,12.0000,-8.2000
5.8500,-12.5000,10.1500
30.3500,12.5000,28.0000
21.3500,22.0000,27.3500
7.5000,30.0000,4.8500
8.8500,11.3500,2.3500
-14.0000,-39.5000,27.8500
-33.9000,16.0500,-22.1000
13.7500,-20.7000,12.3500
26.8500,16.8000,22.4000
-14.0000,18.0000,-9.6000
-19.9500,-10.0000,-19.5500
3.6500,-17.5000,1.6000
-3.9000,-9.5000,7.2000
-20.2000,4.0000,-17.0000
39.1500,-15.0000,37.1500
10.0500,35.0000,12.2000
-15.4500,9.0000,-12.2500
-0.4500,-9.3000,-3.4000
-11.6500,-12.7000,-2.3500
6.7500,-6.5500,10.9500
-15.2500,4.5500,-8.8500
16.4500,-4.9000,12.5000
-2.3500,19.3000,-9.1500
2.6000,-9.6000,3.0500
3.0000,7.8500,-1.8000
-4.2000,-0.6500,-5.3500
-6.6000,-18.8000,6.8500
7.1000,6.8000,7.1500
-5.7000,6.7000,-5.2500
-15.1500,-2.0000,-18.4000
-10.8500,-29.1500,-0.1000
4.4500,5.4500,-1.1000
1.4500,-6.0000,6.3500
2.8500,11.0000,-1.8000
2.5000,-1.0000,1.7000
-1.4000,6.9000,-6.6000
16.3000,-3.9000,13.6000
-15.1000,18.8000,-20.3000
-1.9000,-66.8500,44.6500
-2.0500,53.0500,-10.4500
-1.5500,3.0000,-15.0000
-3.7000,-25.9000,7.2000
5.8000,8.7000,4.3000
0.2500,6.2000,-1.6500
4.2500,-4.9000,7.5000
1.3500,14.8500,-6.0000
-3.0000,-3.0000,-6.0000
-1.4500,-5.4500,-2.0000
22.7000,3.5000,17.2000
-6.0500,24.2000,-13.0500
2.3500,-13.0500,2.3500
18.1500,9.8500,10.6500
1.3000,4.1000,7.8500
2.3500,1.9000,8.3000
7.1500,11.7000,3.7500
-8.3000,4.3000,-8.8500
-8.0000,-8.0000,-8.8500
4.0000,-8.8500,4.0000
-0.4500,1.8500,1.7000
-2.0000,-2.9000,2.6000
-0.9000,0.1000,1.6000
-4.7000,2.0500,-5.1500
10.2000,-1.0500,6.1000
3.2500,6.7000,2.6500
24.4500,9.4500,17.6500
3.6000,18.6500,2.6000
34.2500,4.0000,32.8500
39.9500,34.2500,38.5500
-30.9000,45.7500,-38.1000
12.7500,-40.9000,15.5500
-2.3500,19.3500,-6.1500
-0.2500,-2.4500,-3.9500
-1.4000,1.0000,-6.3500
5.3000,0.9000,-1.9500
7.8000,-1.9000,7.7500
-15.0000,12.0000,-19.2500
4.6000,-5.9000,-8.7500
25.8500,-6.1000,23.2000
23.6000,28.8000,18.0000
-1.0000,13.0000,4.0000
14.2000,-0.8000,19.0000
-9.0500,20.0000,-10.0500
1.2500,-7.0000,-1.8000
-1.8000,1.0000,-4.6000
-4.0000,-1.9000,-6.7000
-0.4000,-6.2000,-0.9000
6.1000,4.1000,1.1000
-13.7500,2.0000,-14.6500
-5.7500,-14.0000,-6.4000
3.5500,-10.0000,7.1500
72.9500,12.0000,68.1000
-15.3000,-17.0000,69.8000
30.1500,68.9500,31.0000
-2.6500,34.0500,-5.7000
40.1000,-4.9000,39.3000
35.8500,42.5500,32.6000
4.7000,38.3500,-1.0500
-35.1000,-14.0000,-22.1500
-0.1000,-23.0000,0.7500
-8.7500,3.0000,-11.0000
1.2000,-4.6000,-5.2000
-19.7000,6.6000,-31.5000
-39.2000,-27.0000,-43.7000
1.3500,-36.2000,-6.1500
-10.2000,-0.1500,-16.2000
-14.3500,-14.6500,-15.9000
40.4500,-6.0000,30.5500
14.8000,35.0000,10.3500
-5.8000,9.0000,-4.4500
3.1500,1.0000,-2.3000
37.0000,5.0000,29.7000
-15.0500,34.0000,-19.3500
4.6000,-28.5000,13.7500
-24.1500,8.1500,-18.5500
7.6000,-8.8500,-2.1000
4.2000,6.0000,-3.9000
7.9500,-4.9000,8.9500
19.2000,16.1000,12.0500
15.0500,23.0000,4.1000
17.1000,5.0000,16.2000
0.4000,28.4000,-11.8000
-5.8000,-6.4000,-11.2000
7.8500,-8.8000,5.4500
-12.0500,6.8000,-13.4000
-0.3500,-7.8500,-5.9000
-7.9000,-5.1500,-8.6500
4.1000,-56.0000,51.4500
-1.5000,56.0000,-6.0500
11.5500,-1.0000,6.5000
0.4000,11.0000,-4.1000
14.2500,0.0000,10.1500
-17.0000,10.0500,-16.9000
10.9500,-10.0500,4.1000
-15.4000,13.0000,-24.3000
-18.8000,-18.2500,-24.8500
-0.4000,-68.7500,43.5000
-5.2000,60.2500,-21.9500
2.2000,-26.3500,6.6000
-1.1000,11.1000,-5.6000
-4.9500,-4.7000,-5.8500
5.0500,-1.3000,0.5000
-2.9000,-4.9000,2.5000
38.3500,3.1500,37.7000
-24.5000,37.7000,-24.5000
8.4500,-21.0000,4.9500
2.1000,20.0000,-12.9500
-10.5000,-9.9500,-13.5000
-1.3000,-5.1000,-9.7000
8.1500,-3.0500,1.5000
3.4000,1.1500,3.7500
-8.9500,8.0000,-13.2000
87.2500,-6.2000,80.2500
14.8500,85.2000,9.9000
-30.6000,15.0000,-35.7000
-13.0500,-40.0000,-8.7500
40.1000,-9.0000,40.3500
-33.3000,48.6000,-41.5500
32.2500,-34.6000,25.3000
-35.0500,32.8000,-42.5500
27.6000,-34.1000,19.1500
-20.2500,18.7000,-19.8000
13.8000,-17.8000,11.8000
-26.0000,22.2000,-36.4000
-56.0500,-38.8000,-53.6500
-0.9000,-43.2000,-11.3500
1.9000,-14.8000,5.3500
31.2000,-10.0000,46.5500
-26.2500,25.5500,-5.2500
19.0500,4.6500,9.1500
-9.2500,6.3500,-6.4500
1.3500,-6.5500,1.4500
-31.3500,-10.0000,-19.9000
-43.1000,-20.0000,-43.0000
3.1500,-45.5000,5.6500
5.6500,6.2000,5.1000
17.3500,7.4000,15.0500
-36.8000,12.9000,-34.6500
-17.5500,-38.0000,-14.2000
12.1000,-14.2000,12.1000
5.7000,13.7000,4.1000
-4.2500,6.5000,-6.6500
-12.3000,-4.0000,-14.9500
-15.8000,-19.0000,-11.7500
5.2000,-11.0000,4.4500
6.0500,0.0000,10.5000
-0.9500,14.0000,-4.4500
18.7500,-4.0000,18.3000
32.0000,23.0000,27.3000
-3.2500,26.0000,-1.9500
-13.8500,-91.0000,75.2000
-4.2000,76.0500,-5.0500
16.0000,-46.9000,57.8500
-2.0000,60.8500,-5.0000
-22.0500,-8.0500,-19.0000
-12.9000,-18.9000,-13.0000
-10.0000,-10.1500,-12.8500
-20.6500,-10.9000,-22.6000
-28.9000,-19.0000,-32.5000
-34.8000,-41.5000,-25.8000
-1.6500,-28.8000,1.3500
-21.0000,41.3000,-60.9500
-8.5500,-63.0000,-6.5000
-8.0000,-8.7000,-5.8000
20.9500,-0.1000,15.2500
13.3500,22.8000,5.8000
-14.4500,7.0000,-15.6500
-26.9000,-25.0000,-17.5500
-28.3500,-24.5000,-21.4000
-41.6000,-23.5000,-39.5000
-8.4000,-34.0000,-13.9000
14.6000,-12.0000,12.7000
-12.8000,12.3500,-12.4500
-17.8500,-7.3500,-22.9500
-18.9500,-4.0000,-37.9000
-23.7500,-40.0000,-21.6500
-19.3000,-25.0000,-15.9500
31.6000,-10.0000,25.6500
39.1500,32.0000,32.8000
-8.8000,36.0000,-12.0000
5.5000,-15.0000,8.5000
14.0500,7.0000,15.5500
-12.6000,22.0000,-19.0500
-21.9000,-31.7500,-9.2000
-37.1500,-18.4000,-27.9500
-14.6000,-28.8500,-13.7000
-25.6500,-15.9000,-23.4500
23.4500,-19.1000,19.1000
-2.1000,22.0000,-5.0000
27.9000,-7.0000,29.9000
-1.1500,20.4500,8.3000
-0.8500,15.5500,-8.1000
-17.2000,-19.8000,-5.5000
16.3000,-9.7000,20.5000
13.3500,22.5000,11.3500
-8.4000,14.0000,-11.0500
-3.6000,-20.0500,5.4000
26.4500,10.0500,21.8000
-10.9000,12.0000,-1.1000
9.8000,-2.0000,10.7000
2.2500,5.9500,7.0000
-13.5000,2.1500,-8.6500
-13.8000,-7.6000,-14.8500
2.6500,-16.5000,4.3000
-6.6000,-0.6500,-1.6500
-4.5500,0.3500,-6.5500
6.2000,-2.9000,2.5500
10.3000,1.2000,11.6500
10.9500,1.1000,21.5000
7.1500,25.0000,3.6500
-22.6500,2.0000,-21.0000
12.5500,-20.1000,11.6500
-1.8000,12.1500,-2.3000
13.3500,-2.7500,13.8000
18.0500,16.2000,15.6500
-4.7500,16.5000,-5.6000
-16.6000,-6.1500,-16.0500
-5.8500,-18.8500,-3.0500
8.5500,-5.3000,10.8000
-2.9500,13.0500,-5.2000
6.6000,-6.3500,7.7500
10.2000,7.5000,10.4500
3.5000,14.0000,-0.0500
-3.1500,1.2000,-4.4000
7.1000,-2.2000,4.9000
4.1500,7.0000,2.0500
-8.6500,5.2000,-11.8000
-7.9000,-10.2000,-9.5000
-1.6500,-6.9500,-4.2000
9.1500,-1.0500,6.0000
-16.9500,2.3500,-13.3000
-22.9500,-12.2000,-24.0500
-6.8000,-3.9500,-26.9000
50.6000,-16.2000,39.9000
-12.5500,45.0000,-17.6500
-2.0000,-17.4000,-2.2500
-0.9000,-1.1000,-2.0500
6.1000,7.5000,-3.4500
-11.1000,-2.7500,-11.8000
0.2000,-12.2500,0.6500
-0.2000,-18.4500,18.9000
-10.1000,23.4500,-14.6500
-2.4500,-15.0000,-2.1000
-4.7000,1.8000,-8.6000
-6.1000,-7.5000,-7.2000
2.9000,-8.3000,4.0000
-12.4500,4.0000,-12.4500
2.3500,-9.9500,-0.1500
4.7500,2.9500,1.6500
-0.4000,6.0000,-4.7500
2.4000,-0.6000,-1.7500
7.4000,3.4000,2.2500
-9.3000,0.1000,-7.1500
7.5500,-5.6000,6.0000
-3.5500,5.9500,-3.5000
10.3000,-6.5000,13.3000
3.0500,9.2500,7.1000
-2.3000,7.0000,-2.2000
-10.4500,-2.0000,-10.6500
1.4000,-10.0000,0.7500
-2.6500,2.3000,-4.2000
-4.4000,-4.2500,-4.3500
-1.4000,-7.0500,1.3000
5.4000,3.8500,2.8500
-24.2500,4.1500,-25.5500
-8.6500,-21.5500,-12.6500
3.1000,-4.7000,-4.8500
-4.9000,-4.0500,-5.7000
56.1500,-1.1000,51.5500
13.9500,49.4000,16.1000
10.1000,15.6500,10.5500
-4.8500,7.4000,-1.7000
-9.0000,-3.0000,-7.7000
-4.2000,-6.0500,-5.8500
8.4000,-7.0000,9.5500
3.5500,7.0000,6.1000
-6.9500,4.4000,-5.2500
8.7500,-5.4000,8.9000
-7.7500,11.0500,-9.9000
1.4000,-11.0000,2.5000
1.0500,0.5000,3.0500
5.6500,7.1500,1.5500
0.5000,-2.4000,4.4500
16.8500,6.7000,14.6000
-1.5000,7.0000,6.1000
7.8500,9.3500,4.6000
-22.0500,5.6500,-23.1000
-3.0500,-22.9000,-3.2500
11.6000,-5.1000,13.4500
-6.8000,12.0000,-5.3500
-13.2000,-2.5500,-16.0000
-1.1500,-12.5000,-4.6500
-24.8000,-7.4000,-22.0500
-7.5000,-23.5500,-6.0000
-3.7000,-5.5000,-4.2000
-12.0000,-3.5000,-12.7000
3.8000,-8.0000,-0.9000
5.7500,7.0000,-2.1500
-2.5000,-6.4000,1.7500
-6.8500,1.4000,-6.5000
-24.9000,-9.3000,-22.1000
4.1000,-7.9000,-10.1000
-21.0500,-13.5500,-17.6000
-13.3000,-11.3500,-19.5500
-25.4500,-11.9500,-33.0500
-45.3500,-37.9500,-40.4500
-7.8000,-35.6000,-12.6500
-0.3500,-17.4000,4.4000
3.4000,9.0000,-1.2000
-5.1500,0.7500,-7.1000
-7.4500,-5.7500,-8.8000
-14.7000,-6.0500,-17.4500
-19.4500,-16.9000,-20.0000
18.7000,-13.5500,12.2500
2.4500,15.7000,-1.0000
7.5000,1.8000,4.7000
1.7500,4.0000,2.4500
6.5500,0.9500,8.0500
15.1000,12.7500,10.4000
-5.7000,11.8500,-7.1500
-8.6500,-1.5500,-14.2500
-13.7000,-20.0000,-7.9500
0.6500,-7.0500,-0.2500
-6.7000,0.0500,-7.0000
2.7000,-5.0000,0.7000
-1.1500,0.7000,-1.1500
3.3000,-0.6500,2.8000
5.5500,3.6500,4.7000
-0.4500,7.8000,-3.5500
-16.8000,-5.5000,-14.8500
-3.9000,-14.0000,-4.7500
0.1000,-0.1000,-4.5500
4.2500,0.1000,-0.4000
-16.1500,-1.0000,-15.5500
-5.5000,-14.0000,-7.0500
-7.9000,-8.9000,-6.0500
-9.0000,-9.0500,-6.0000
0.8500,-6.9500,1.8000
3.4000,4.9000,0.3000
2.0500,5.0000,-2.6500
3.7000,1.9500,-0.9000
-0.4500,2.6500,-4.0000
4.2000,-2.0000,2.2000
1.9000,5.4000,-1.3000
0.8000,-3.0000,2.5000
-6.7500,6.1000,-10.3500
4.0000,-11.1000,4.7500
-1.9500,8.0000,-5.2000
0.7500,-5.0000,0.5500
-6.0500,1.7000,-7.2000
1.8000,-4.0500,-1.3500
-1.5500,2.9500,-5.8500
2.9000,-2.9000,-0.0500
15.7000,4.3000,11.3500
6.2000,12.0000,5.5500
-4.9500,0.3000,0.3000
3.5500,-3.3000,7.1500
1.2500,5.2000,3.2000
-2.3500,5.5500,-4.7000
12.4000,-1.4500,9.1500
-7.1500,11.5000,-9.5000
6.0000,-14.5000,11.0000
-6.6000,-1.9000,6.3000
-21.0500,6.6000,-21.3500
10.3000,-30.0000,18.9500
-5.3000,19.0500,-5.4000
12.0000,-5.4000,12.0000
-16.5000,10.3500,-14.8500
11.8500,-14.1000,11.1000
-5.3000,8.2000,-2.4000
1.3000,-3.1000,2.0000
31.1000,1.0000,32.1000
-0.5000,53.7000,-22.1000
-10.8000,-21.6500,-11.2500
-11.5000,-15.9500,-6.8000
-2.8000,7.9000,-17.5000
6.9500,-16.3000,5.7500
2.0000,9.3000,-1.5500
2.0500,1.7000,-1.2000
-12.8500,-0.8000,-13.2500
-14.8500,-16.4000,-11.7000
1.6000,-9.5000,-0.6000
1.0500,-0.5000,0.9500
-10.8500,-1.5000,-8.4000
-9.7000,-9.5000,-8.6000
-14.1500,-1.5000,-21.2500
-12.4000,-25.7000,-7.9500
-14.4000,-6.2500,-16.1000
-2.1000,-12.5500,-5.6500
3.1000,-6.1000,3.5500
2.4000,5.6500,0.3000
1.4000,1.6500,0.0500
-4.3000,0.0500,-4.3000
-4.2000,-5.2500,-3.2500
-1.2500,-5.4000,0.9000
-1.9500,2.9500,-4.0000
2.7500,-2.1500,0.9000
4.4500,1.7000,3.6500
-1.9000,2.8500,-1.1000
0.3000,-1.9500,1.1500
0.4500,1.1500,0.4500
6.1500,2.4500,4.1500
3.2000,1.9000,5.4500
5.0500,7.0000,3.5000
13.2500,7.0000,9.7500
1.2500,10.4000,0.6000
4.2500,0.3500,4.5000
3.7000,5.2500,2.9500
21.9500,5.1000,19.8000
11.5000,53.8000,-22.5000
-3.6000,-22.9000,-3.2000
-11.4000,-5.0000,-9.6000
10.1000,-13.0000,13.5000
3.4500,15.0000,1.9500
-0.3000,3.4500,-1.8000
-2.0500,-0.8500,-3.0000
2.3000,-4.6000,3.9000
5.3500,6.0000,3.2500
12.4000,7.4000,8.2500
9.8000,11.3000,6.7500
7.5500,6.3000,8.0000
17.7500,13.0000,12.7500
43.1500,17.0000,38.9000
-10.1500,37.9000,-9.1500
5.6000,-8.9000,5.3500
-10.8000,5.0000,-10.4500
7.6500,-11.0000,8.2000
-6.1000,7.9500,-5.8500
10.0000,-5.1500,9.3000
8.0000,11.3000,6.0000
-16.2000,9.0000,-19.2000
23.9000,-16.1000,20.8000
-32.3500,24.4000,-35.9500
-6.3000,-34.4000,-7.8500
-12.6500,-8.0000,-12.5000
-18.2000,-13.0000,-17.7000
19.2000,-15.0000,16.5000
5.2500,19.7500,2.0000
-13.9000,2.7500,-14.6500
0.1000,-12.0000,-2.5500
0.0500,-0.9000,-1.6000
-9.1500,-1.6000,-9.1500
-3.2500,-13.8500,1.4500
-3.8000,0.8500,-3.2000
16.3000,5.3500,7.7500
-1.4500,-1.3500,7.6500
22.0500,8.5000,21.2000
9.4000,29.5000,1.1000
5.5000,-1.1500,7.7500
-10.5500,7.5500,-10.3500
2.0000,-9.3000,0.9500
16.8000,3.8000,13.9500
6.7500,13.1000,7.6000
-15.2000,5.0000,-12.6000
6.3500,-10.0000,3.7500
-5.9000,9.4500,-11.6000
0.8500,-8.7500,-2.0000
-7.5500,-2.7000,-6.8500
-6.9000,-15.0000,1.2500
10.9500,3.0000,9.2000
1.6500,8.7000,2.1500
13.0000,3.3000,11.8500
-1.7000,13.4500,-3.3000
-9.0500,-7.3000,-5.0500
10.1000,-5.1500,10.2000
17.1000,15.2500,12.0500
-9.2500,13.6500,-10.8500
4.8500,-5.9500,-0.0500
6.6500,0.8500,5.7500
11.3500,6.1500,10.9500
-6.1000,14.0500,-9.2000
-8.6500,-15.2000,-2.6500
-5.7000,0.3000,-8.6500
-7.0000,-11.1000,-4.5500
-2.7000,-2.0000,-5.2500
-9.8000,-2.5000,-12.5500
3.0000,-17.5000,7.9500
-3.2000,9.8500,-5.1000
3.9000,-4.1000,2.9000
0.5000,3.3000,0.1000
-7.7500,1.1500,-8.8000
-17.5000,-9.7000,-16.6000
-3.6500,-17.5000,-2.7500
20.7000,-6.7000,24.6500
-11.8500,26.7500,-13.9500
-6.8500,-14.0500,-6.7500
-2.3500,-5.9500,-3.1500
-1.1000,-4.2500,0.0000
-7.5500,3.0500,-10.6000
-8.7500,-13.8500,-5.5000
-2.4000,-7.2000,-0.7000
0.4500,2.2000,-2.4500
18.1000,-0.9000,16.5500
7.4500,23.4000,0.6000
-3.6500,4.5000,-7.5500
12.7500,-9.0000,14.2000
-1.5500,18.0500,-5.4000
-5.8500,-10.9500,-0.3000
2.8000,1.2500,1.2500
4.9000,1.5500,4.6000
-6.3000,0.1000,-1.8000
-1.1000,-3.1000,0.2000
-9.7500,2.8000,-12.3500
12.9500,-15.7000,16.3000
-1.3000,18.7500,-3.7500
17.6500,-1.1000,15.0000
5.2500,16.3500,3.9000
21.0000,3.0000,21.9000
-6.5500,21.0000,-5.6500
18.4000,-6.2500,19.0000
8.5000,18.2500,9.2500
-7.2000,9.9500,-7.9000
-4.7000,-7.0000,-5.6000
-12.4500,-3.7000,-14.3500
-1.2000,-20.0500,4.5000
17.8500,6.2000,16.1500
2.5500,14.6000,4.1000
9.3000,3.0000,10.4000
-0.9000,13.0000,-3.5000
6.9000,-2.5000,5.9000
-0.3000,7.0000,-1.4000
-11.0000,-1.0000,-11.4000
3.2500,-12.5000,4.3500
3.6500,7.0000,1.0000
15.0000,4.0000,12.0000
-0.9500,17.0500,-6.0000
-2.9500,-5.1500,-3.8000
-13.3500,-5.7000,-11.4500
3.6000,-12.2000,4.3500
1.2000,6.3500,-0.8000
-5.6500,-1.4500,-5.0000
-4.6500,-8.9000,-0.7500
-2.6500,-0.3000,-3.1000
-7.5500,-3.8000,-6.8500
-14.7500,-1.9000,-19.7000
4.9000,-17.9500,3.1500
-2.4000,8.9500,-8.2000
1.0000,-7.0000,-0.2000
-0.8000,-2.9000,1.9000
-10.6500,2.0500,-10.8000
-19.2500,-15.1000,-14.9500
11.5500,-13.3500,9.9500
-16.1000,14.0000,-20.1500
25.0000,-17.7000,22.5500
7.0000,24.9000,4.6500
11.3500,4.1000,11.9000
5.5500,11.5000,5.9500
2.8500,6.5000,2.3000
3.4500,7.4000,-1.6500
9.9500,-3.4000,11.7000
-9.8500,13.9000,-12.0500
-5.1500,-2.1000,-15.1000
-4.5500,-14.8000,-4.8500
20.9500,-4.8500,20.9500
6.0500,23.9000,3.1000
-14.9000,2.9500,-14.7500
-3.7500,-12.0000,-6.5000
4.0500,-7.0000,4.5500
16.6500,1.1500,20.0500
-17.6500,17.9500,-15.5500
-0.7500,-16.9500,0.6500
-4.2000,1.5500,-5.1000
-12.3000,-4.9000,-12.5000
-23.0000,9.2500,-44.7500
9.7000,-45.5500,10.5000
3.4500,11.4500,2.5000
-15.2000,-3.1500,-9.5500
0.4500,-8.8000,-0.3000
-7.8500,-0.3000,-7.8500
-1.3500,-7.7000,-1.5000
3.8000,3.0000,-0.7000
1.1000,-0.7000,1.1000
0.7500,2.7000,-0.8500
2.8500,1.0000,1.0000
16.3500,4.4000,12.9500
7.8000,15.6000,5.1500
7.5000,9.2000,3.4500
-8.2500,22.8000,-27.6000
0.4500,-23.0000,-4.1500
-0.4500,0.0000,-4.6000
7.7500,-1.0000,4.1500
-10.6500,5.0000,-11.5000
0.7500,-10.5000,-0.2500
-3.8500,-3.5000,-0.6000
-5.5500,1.2000,-7.3500
-3.8500,-4.2000,-7.0000
1.5000,-4.0500,-1.4500
1.9500,0.5500,-0.0500
20.1000,0.8000,19.2500
11.4500,22.2000,8.5000
-4.4500,9.5500,-5.5000
5.4500,-2.3500,2.3000
-10.1000,1.3000,-9.1000
-3.7000,-8.9500,-3.8500
9.6000,-2.5500,8.3000
0.4000,10.6000,-1.9000
-1.7500,0.9000,-4.5500
-3.2000,0.3000,-8.0500
0.5000,-4.9500,-2.6000
-17.3000,-1.6000,-18.3000
6.1500,-16.2500,4.1000
-6.4500,3.1500,-5.5000
-1.9500,-2.9500,-4.5000
-3.6000,-6.5500,-1.5500
-10.4000,-1.1000,-10.8500
-16.5000,-9.4000,-17.9500
12.9000,-16.6500,11.6000
15.0500,12.9500,13.7000
10.7000,17.5500,6.8500
15.1000,5.4000,16.5500
-5.6000,0.4000,10.5500
2.5500,10.5500,2.5500
-0.7000,-2.6000,4.4500
-4.8500,4.2000,-4.6000
6.6000,-7.5000,9.5000
-1.7000,12.4500,-4.6500
35.2500,-17.2500,47.8500
-10.4000,50.0000,-12.5500
2.8000,-12.8500,3.1000
13.2500,5.0000,11.3500
37.5500,14.8000,34.1000
-13.8000,35.9000,-15.6000
68.2000,-17.0000,69.6000
55.2500,99.0000,25.8500
-18.3500,25.0000,-17.5000
-10.5000,-15.0000,-13.0000
-4.9500,-6.3500,-11.6000
27.6500,-6.8500,22.9000
-25.4500,37.0000,-39.5500
11.8000,-32.8000,5.0500
0.0000,1.0500,4.0000
-10.5500,6.9500,-13.5000
-15.8000,-9.5000,-19.8000
22.7500,-16.3500,19.3000
23.9000,22.4500,20.7500
41.5000,29.4000,32.8500
5.1500,36.0000,2.0000
14.4500,8.0000,8.4500
2.8000,12.0000,-0.7500
-1.4000,3.9500,-6.1000
-14.5500,-7.6500,-13.0000
-45.2000,-12.2000,-46.0000
20.3500,-43.1000,17.4500
-6.9500,32.0000,-21.5000
-9.1000,-19.7000,-10.9000
-3.3000,-9.1500,-5.0500
-5.8000,-4.2000,-6.6500
18.6500,-5.9500,17.9500
1.9000,26.7000,-6.8500
27.4500,19.0000,1.6000
2.8500,8.5000,-4.0500
-5.9500,0.5000,-10.5000
-15.8000,-94.7000,68.4000
12.1500,70.1000,10.4500
-9.4500,12.9000,-11.9000
6.1000,-6.2000,0.4000
-1.1000,2.6000,-3.3000
-2.3000,1.7000,-7.3000
-9.6000,-7.4000,-9.5000
-1.8000,-13.7000,2.4000
-7.7500,5.3500,-10.7000
30.7000,-9.2000,29.2000
4.5500,33.8500,-0.1000
-10.8000,2.3000,-13.2000
-12.6500,-12.3000,-13.5500
25.2000,-13.0000,24.6500
-9.7000,32.0000,-17.0500
-12.9500,-14.3000,-15.7000
5.8000,10.8000,-20.7000
26.5000,-16.5000,22.3000
2.0000,26.2500,-1.9500
-18.4000,-1.2500,-19.1000
-10.4000,-14.0000,-15.5000
-5.9500,-10.1000,-11.3500
-6.9000,-11.9000,-6.3500
10.2500,-3.4000,7.3000
-5.3000,10.8000,-8.8000
-4.7500,-8.8000,-4.7500
2.0000,-2.0000,-0.7500
11.8000,3.7500,7.3000
22.3000,11.5500,18.0500
-47.2500,15.1000,-44.3000
18.1500,-44.1000,17.9500
-4.1000,18.0500,-4.2000
-24.8000,-7.9500,-21.0500
-31.8000,-31.0000,-21.8500
-22.4500,-28.0000,-16.3000
-56.4000,-16.3000,-56.4000
85.4000,-52.7500,81.7500
4.4000,107.0500,-20.9000
-1.3500,-17.8000,-4.4500
-38.1000,-16.9500,-25.6000
13.3500,-22.3500,10.1000
1.0000,13.8000,-2.7000
-9.3500,-10.8000,-1.2500
51.2000,4.1000,45.8500
6.7500,47.8000,4.8000
7.2500,6.4500,5.6000
5.9000,4.7500,6.7500
0.2000,10.9000,-3.9500
-0.1500,-3.5500,-0.5500
-16.4000,2.3500,-19.3000
-10.9500,-32.7000,2.4500
-2.0500,2.0000,-1.6000
3.8500,4.4000,-2.1500
-6.7500,2.6000,-11.5000
-7.0000,-5.2500,-13.2500
-9.1500,-4.7500,-17.6500
-9.4500,-17.0000,-10.1000
22.0500,-8.0000,19.9500
-0.6500,15.2000,4.1000
-8.5500,4.6000,-9.0500
-17.7500,-9.1000,-17.7000
-6.6000,-19.7000,-4.6000
-4.0000,-2.0500,-6.5500
-4.8000,-2.0000,-9.3500
3.2000,-6.9500,0.8000
-16.4500,-17.3000,1.6500
-11.3500,0.2000,-9.9000
28.4000,-14.9000,33.4000
3.9000,33.0000,4.3000
-6.9500,9.6000,-12.2500
14.0000,-2.2000,3.9500
36.4000,8.1000,32.2500
24.4000,37.6000,19.0500
61.6500,132.9000,-52.2000
-21.8000,-52.5000,-21.5000
-4.3000,-18.5000,-7.3000
12.4500,1.5000,3.6500
-8.7000,7.3000,-12.3500
-5.8500,-11.0000,-7.2000
5.4000,-6.3000,4.5000
-5.9500,1.9500,-3.4000
-17.0500,-5.4000,-15.0500
2.1000,-15.2500,2.3000
-0.5000,6.9500,-5.1500
-4.4000,-3.1000,-6.4500
-9.3500,-9.9000,-5.9000
-3.7000,-4.7500,-4.8500
8.1000,0.2500,3.0000
0.4000,5.2000,-1.8000
-3.7000,1.1500,-6.6500
3.2000,-3.7500,0.3000
6.8000,2.6000,4.5000
-6.2000,5.2500,-6.9500
4.6500,-23.4500,21.1500
-25.2500,19.7500,-23.8500
-13.8000,-29.6500,-8.0000
4.9500,-8.3000,5.2500
-15.3500,2.9500,-13.0500
-8.5000,-19.0000,-2.5500
-36.7000,-26.0000,-13.2500
-12.2500,-11.1000,-14.4000
-0.9500,-17.9000,2.5500
-8.1500,-1.5500,-4.0500
-7.8000,-5.5500,-6.3000
-9.0500,-5.9000,-9.4500
-49.9000,-5.0000,-54.3500
-3.9000,-54.2500,-4.0000
6.7500,-0.7500,3.5000
24.2000,-1.0000,28.7000
39.7000,43.0000,25.4000
6.1500,-12.0000,43.5500
1.7500,40.0000,5.3000
3.1500,8.1500,0.3000
-4.5000,-9.6000,5.4000
-16.0000,0.4500,-11.0500
-18.9000,-12.0000,-17.9500
-1.0500,-13.6500,-5.3500
-6.0500,-6.3500,-5.0500
3.0500,-2.8000,0.8000
12.0500,2.8000,10.0500
14.5000,15.0000,9.5500
-9.6500,-14.0000,13.9000
0.7500,4.0000,10.6500
-10.0500,9.8500,-9.2500
0.8000,-6.8500,-1.6000
-4.4500,-5.0500,-1.0000
-9.0000,2.0500,-12.0500
-12.9000,-15.0000,-9.9500
2.3500,-7.0000,-0.6000
-7.1000,0.1000,-7.8000
6.8500,-7.1000,6.1500
-18.3000,-1.1500,-11.0000
-14.4500,-9.8500,-15.6000
-12.5000,-16.7500,-11.3500
-6.1500,-8.2500,-9.2500
2.3000,-4.0000,-2.9500
-1.3500,4.0000,-8.3000
-15.9000,-8.4000,-15.8000
-18.2500,-20.3000,-13.7500
58.8000,-16.3000,61.3500
14.6500,74.0000,2.0000
-31.7000,30.0000,-59.7000
-25.7000,-61.6500,-23.7500
-7.5000,-21.3500,-9.9000
-18.7000,-6.7500,-21.8500
5.2000,-11.9500,-4.7000
-22.2000,-8.1500,-18.7500
13.2500,-21.8500,16.3500
2.4000,12.7000,6.0500
7.4000,11.0000,2.4500
2.7000,2.8000,2.3500
0.6500,2.6000,0.4000
-19.4500,-2.6000,-16.4500
-9.0000,-15.8500,-9.6000
-5.3500,-12.9500,-2.0000
-4.3000,1.9000,-8.2000
-2.7000,-11.3000,0.4000
20.7500,4.0000,17.1500
-2.6000,19.9000,-5.3500
-3.6500,-4.5000,-4.5000
-20.5500,-8.0000,-17.0500
5.5000,-11.0000,-0.5500
-3.1500,2.3000,-6.0000
15.9500,2.7000,7.2500
1.7000,13.0000,-4.0500
17.6500,11.0000,2.6000
-0.5000,10.9000,-8.8000
22.7000,-6.1000,20.0000
13.7000,29.2000,4.5000
8.1500,5.0000,7.6500
2.5500,11.0000,-0.8000
2.2500,1.0000,0.4500
-5.1000,4.0000,-8.6500
-10.6000,-7.0000,-12.2500
-7.9000,-13.0000,-7.1500
1.3500,-2.0000,-3.8000
4.7500,-2.0000,2.9500
-6.0500,0.7000,-3.8000
-5.2000,-4.8000,-4.2000
1.3000,-1.4000,-1.5000
3.5500,0.8000,1.2500
-2.7500,4.0000,-5.5000
9.3500,-10.6500,14.5000
11.1000,20.7000,4.9000
16.3500,19.0500,2.2000
-2.9000,25.6000,-26.3000
-12.5000,-27.3000,-11.5000
-14.1000,-9.7000,-15.9000
-10.9000,-19.0000,-7.8000
0.9000,-9.0000,2.1000
7.9000,5.9500,4.0500
7.6500,7.0500,4.6500
-12.1000,0.0000,-7.4500
-3.4000,-10.7000,-0.1500
1.6500,-3.0000,4.5000
-0.5500,4.2000,-0.2500
-0.5000,-2.3500,1.6000
-1.3500,3.1000,-2.8500
-5.9000,-19.2500,10.5000
6.2500,8.0000,8.7500
1.1000,9.2000,0.6500
-5.9000,2.1500,-7.4000
-2.7000,-6.1500,-3.9500
1.5000,-5.7000,3.2500
2.4500,6.7000,-1.0000
3.2000,1.4000,0.8000
3.5000,-2.1000,6.4000
0.5500,7.6500,-0.7000
-9.6500,-6.1500,-4.2000
-1.3000,-4.8000,-0.7000
0.3500,1.5000,-1.8500
-8.2500,-1.8500,-8.2500
-0.1000,7.1500,-15.5000
-8.1500,-15.0000,-8.6500
-11.4000,-6.3500,-13.7000
9.1500,-10.8500,6.3000
4.5000,7.2000,3.6000
-0.6000,8.5000,-5.5000
-8.6000,-3.8000,-10.3000
2.5000,-8.7000,0.9000
-12.3000,-2.0000,-9.4000
-13.4500,-10.8000,-12.0500
1.2000,-10.8000,-0.0500
8.6000,0.1000,8.4500
0.1500,8.5000,0.1000
-3.9000,-0.7500,-3.0500
-0.4500,-5.6000,2.1000
2.4000,5.4000,-0.9000
1.6000,8.0000,-7.3000
-4.4500,-7.0500,-4.7000
1.2500,-3.0000,-0.4500
-2.9000,-1.9000,-1.4500
-3.5000,-4.0500,-0.9000
-19.9500,-2.0500,-18.8000
-11.3000,-19.5000,-10.6000
6.1000,-11.5000,7.0000
2.1000,4.2500,4.8500
-0.1000,3.8000,0.9500
5.7000,-0.7500,7.4000
-1.8000,5.7000,-0.1000
4.7500,-0.5000,5.1500
2.3500,7.3000,0.2000
1.0500,2.2000,-0.9500
0.9500,0.5000,-0.5000
8.9000,1.5000,6.9000
-1.4500,8.4500,-3.0000
-6.7000,-1.4500,-8.2500
8.3500,-10.4500,10.5500
-2.9000,12.0500,-4.4000
4.5000,-1.7000,1.8000
-5.6000,3.0000,-6.8000
-4.5500,-6.6500,-4.7000
-8.2000,-5.2500,-7.6500
-6.6500,-10.0000,-4.3000
-6.8500,-4.0000,-7.1500
6.3500,-6.5000,5.7000
1.0000,7.0500,-0.3500
-4.7500,-2.6000,-2.5000
0.9000,-4.7500,3.1500
14.8500,5.8000,12.2000
-5.8500,10.0000,-3.6500
-2.8500,-5.7500,-0.7500
-5.7500,-2.2500,-4.2500
-12.8500,-8.1500,-8.9500
0.4000,-11.3500,2.8000
-2.2500,3.6500,-3.1000
-5.0000,-5.8500,-2.2500
-9.1500,-3.0000,-8.4000
-15.5000,-13.1500,-10.7500
-5.2000,-13.6500,-2.3000
-4.4500,-3.0000,-3.7500
22.7500,2.1000,16.9000
-5.7000,17.4000,-6.2000
-0.2500,-7.1000,0.6500
-3.6000,2.8000,-5.7500
-4.8000,-4.7000,-5.8500
-2.6000,-7.0000,-1.4500
-1.5500,-3.0000,0.0000
7.0500,9.5000,-2.4500
-2.8500,-4.8000,-0.5000
2.6000,0.7500,1.3500
-3.4500,-0.8500,-1.2500
0.0000,-0.6000,-0.6500
-0.4000,0.4500,-1.5000
-1.7000,-1.8500,-1.3500
-2.8000,-0.2500,-3.9000
2.7000,-3.3500,2.1500
-1.7000,2.1500,-1.7000
1.6000,-1.1500,1.0500
1.1000,2.8000,-0.6500
5.6500,-1.2500,6.2500
0.2500,7.5500,-1.0500
12.7000,-3.0000,14.6500
4.6000,16.4000,2.8500
-6.3500,2.5000,-6.0000
-1.2500,-5.3500,-1.9000
-5.9000,-4.4000,-3.4000
4.6000,-1.3500,2.5500
-3.9000,5.1000,-6.4500
-4.3500,-8.7000,-2.1000
0.2500,-1.2000,-0.6500
1.5500,-0.2000,1.1000
-0.9000,1.2500,-1.0500
1.1500,-3.3000,3.4000
-3.5500,5.4500,-5.6000
5.8500,-5.8000,6.0500
4.7000,7.7000,3.0500
15.0000,5.4500,12.6000
-3.6000,13.7500,-4.7500
34.3500,-1.4000,31.0000
-1.8500,31.2500,-2.1000
1.0000,-3.7500,2.6500
-5.0500,3.5000,-5.9000
15.7000,-3.2000,13.0000
14.1000,14.1500,12.9500
0.5000,13.6500,-0.2000
-11.5000,1.2500,-12.9500
-17.4000,-13.1000,-17.2500
5.6500,-16.7500,5.1500
-1.7500,6.5000,-3.1000
10.5500,-2.5000,9.9500
-1.0500,7.6000,1.3000
-6.2500,-1.0500,-3.9000
-7.5500,-6.6500,-4.8000
-4.1000,-7.7000,-1.2000
-19.1500,-3.6500,-16.7000
-7.4000,-18.0000,-6.1000
-3.7500,-6.3000,-3.5500
-6.1500,-3.2500,-6.4500
-1.6500,-7.0000,-1.1000
4.3000,1.0000,2.2000
2.5500,-0.5000,5.2500
-6.8500,3.6000,-5.2000
6.4500,-4.0500,5.3000
7.3500,5.5500,7.1000
-2.2000,9.4000,-4.5000
0.9000,-2.4500,-1.1500
20.9500,0.0000,19.8000
2.8500,23.2500,-0.6000
6.1500,1.8500,3.7000
3.6500,6.0500,1.3000
10.5000,4.3000,7.5000
-10.7500,11.1000,-14.3500
-9.1000,-14.3500,-9.1000
-23.3500,-36.2500,3.8000
-7.4000,3.9000,-7.5000
3.3000,-4.4000,0.2000
1.7000,5.0000,-3.1000
13.1000,-1.4000,11.4000
1.8500,11.4000,1.8500
1.4000,3.1500,0.1000
-0.3500,2.6500,-2.9000
4.2500,-0.9500,2.3000
12.7000,4.1500,10.8500
-10.9000,13.0000,-13.0500
-0.3000,-12.8500,-0.5000
-14.2000,1.7000,-16.4000
-6.5000,-18.8500,-4.0500
8.4000,-4.0500,8.4000
-4.4000,6.3500,-2.3500
-1.2500,-2.6000,-1.0000
-4.8000,-1.7000,-4.1000
3.0500,-4.1000,3.0500
16.0500,3.4000,15.7000
-4.2500,16.5000,-5.0500
-4.3500,-3.3500,-6.0500
0.1500,-5.3500,-0.5500
1.6500,0.9000,0.2000
4.5000,1.4000,3.3000
2.3500,4.6000,1.0500
7.1500,2.1500,6.0500
6.1500,7.5000,4.7000
3.1500,6.2000,1.6500
-12.0000,2.7500,-13.1000
-6.8000,-13.5500,-6.3500
-1.1000,-5.1500,-2.3000
-11.4500,-1.0000,-12.7500
1.5500,-12.7500,1.5500
4.7000,4.1500,2.1000
1.6500,3.4500,0.3000
1.1000,-0.5000,1.9000
-1.1500,1.5000,-0.7500
-1.0500,0.2500,-2.0500
2.9500,-2.0000,2.9000
9.5000,4.4000,8.0000
-3.7500,9.3000,-5.0500
-11.0500,-4.7000,-11.4000
-0.4500,-10.6000,-1.2500
-4.5500,-0.4000,-5.4000
0.1500,-7.9000,2.6500
1.2500,2.4000,1.5000
2.9000,3.0000,1.4000
0.7500,1.5000,0.6500
-1.8000,-1.4500,0.3000
3.0000,-0.4000,3.7000
-7.7000,1.1500,-5.1500
2.1500,-2.4000,-0.6000
0.4500,4.3000,-4.4500
-11.1500,-5.3000,-10.3000
0.6000,-11.6500,1.9500
4.5000,0.3000,6.1500
9.8500,8.1000,7.9000
-1.7500,9.0500,-2.9000
-4.2500,-3.6500,-3.5000
0.1500,-2.3000,-1.0500
-11.8500,-8.6500,-4.2500
-7.5500,-5.1000,-6.7000
-4.5000,-6.1000,-5.1000
1.4000,-5.8000,2.1000
1.4000,2.2000,1.3000
1.3500,1.9000,0.7500
0.9000,3.8000,-2.1500
-4.0000,-4.0000,-2.1500
-3.8500,-3.3500,-2.6500
-1.0000,-1.6500,-2.0000
6.6000,-1.9500,6.5500
8.1000,4.3500,10.3000
1.3500,12.5500,-0.9000
0.9500,-1.6500,1.7000
-5.2500,1.8000,-5.3500
-4.1500,-6.0500,-3.4500
-1.3500,0.0000,-4.8000
2.0500,-4.8500,2.1000
6.7000,6.8000,2.0000
-4.2500,-0.3000,-1.9500
-6.0000,-3.1500,-4.8000
-4.3000,-5.8000,-3.3000
-6.4000,-5.3000,-4.4000
1.9000,-5.2000,2.7000
0.6500,2.4000,0.9500
-4.8500,-0.6000,-3.3000
3.2000,4.9500,-5.0500
-0.9000,-5.2000,-0.7500
9.0000,-2.6000,10.8500
2.7500,10.8000,2.8000
21.1500,1.0000,22.9500
-10.0000,23.9000,-10.9500
-0.8000,-9.9000,-1.8500
-9.8000,-1.5000,-10.1500
0.3000,-9.3000,-0.5500
4.3000,3.2000,0.5500
-1.8000,1.9000,-3.1500
6.2500,-0.3000,3.4000
1.2000,5.1500,-0.5500
0.6000,-1.4000,1.4500
-3.0500,1.2500,-2.8500
0.8000,-0.3000,-1.7500
1.3500,-1.7500,1.3500
-1.1000,3.0500,-2.8000
8.5000,4.9000,0.8000
3.9500,2.9000,1.8500
7.0500,3.8000,5.1000
17.4500,15.4000,7.1500
-6.6500,9.5000,-9.0000
1.8000,-8.5500,1.3500
9.1000,3.1500,7.3000
2.9000,8.9000,1.3000
-4.5000,0.4000,-3.6000
-3.2000,-1.9000,-4.9000
-5.7000,-3.6000,-7.0000
-3.7000,-5.7000,-5.0000
2.3000,-3.8000,1.1000
-8.3500,-0.2500,-7.0000
-8.4000,-7.1500,-8.2500
11.4500,-8.1000,11.3000
12.7000,14.1000,9.9000
53.7500,30.0000,33.6500
25.4000,46.7000,12.3500
29.7500,6.2000,35.9000
-11.7500,32.7500,-8.6000
13.6000,-5.6500,10.6500
-12.8500,11.0000,-13.2000
36.6500,-5.9000,29.3500
25.0500,32.9000,21.5000
9.3000,20.4000,10.4000
3.5500,12.8500,1.1000
-39.8500,6.2500,-45.0000
-28.2500,-45.5000,-27.7500
27.8000,-27.2000,27.2500
-14.0500,31.2000,-18.0000
17.4000,-11.6000,11.0000
-5.8000,16.6000,-11.4000
-10.3500,-11.8500,-9.9000
7.7000,-1.7500,-0.4500
-12.4500,-2.4000,-10.5000
-1.4500,-6.5000,-5.4500
-1.2000,-3.3000,-3.3500
-1.7000,-1.1500,-3.9000
5.3500,-7.5000,8.9500
35.5000,10.2000,34.2500
20.1500,43.2500,11.1500
-12.0000,8.0000,-8.8500
-6.5500,-4.6000,-10.8000
16.2000,-6.5000,11.9000
4.9000,17.4500,-0.6500
-8.9000,2.6500,-12.2000
8.1500,-12.1000,8.0500
21.8000,21.5500,8.3000
1.1000,-4.4500,13.8500
-17.9500,23.5000,-27.6000
-17.4500,-27.7500,-17.3000
2.9500,-12.5500,-1.8000
2.0500,3.6500,-3.4000
5.9500,0.8500,1.7000
-2.2500,1.3000,-1.8500
-3.0500,2.0000,-6.9000
62.3000,-3.5000,58.9000
-11.5000,61.5000,-14.1000
37.6000,-13.6000,37.1000
-9.1000,39.0000,-11.0000
13.2500,3.1000,-0.8500
-32.3000,-14.5000,-18.6500
-27.2000,-17.7000,-28.1500
-0.7500,-23.1000,-5.8000
6.3000,2.3000,-1.8000
-28.8000,-8.5500,-22.0500
-21.6500,-23.9500,-19.7500
16.8500,-14.5000,11.6000
-6.9500,14.5000,-9.8500
-7.3500,-8.1000,-9.1000
-12.7500,-7.0000,-14.8500
0.1500,-13.4500,-1.2500
27.0500,2.3000,23.5000
20.9000,25.2500,19.1500
-3.5000,19.0000,-3.3500
6.4000,-1.6000,4.6500
-8.7500,6.9000,-11.0000
-16.7500,-8.5000,-19.2500
2.6000,-17.8000,1.1500
2.0500,4.0000,-0.8000
-14.3000,-17.0000,1.9000
8.5500,2.7000,7.7500
-20.8500,10.2500,-23.3500
3.5500,-21.4500,1.6500
-4.5000,0.2500,-3.1000
-4.1000,-3.6500,-3.5500
19.0500,-0.1000,15.6000
5.0000,19.9500,0.6500
16.7000,3.0500,14.3000
19.7500,20.4000,13.6500
6.9000,18.7000,1.8500
18.7500,4.9000,15.7000
-22.6000,22.5000,-29.4000
-21.2500,-30.5500,-20.1000
5.9000,-17.9500,3.7500
-5.6000,5.9000,-7.7500
4.4000,-7.9000,4.5500
-8.2500,-3.7000,0.0000
2.2500,1.7000,0.5500
25.7500,3.7500,22.5500
10.3500,26.2500,6.6500
1.0500,11.0000,-3.3000
-12.7500,-0.1000,-15.9500
14.9500,-15.9000,14.9000
-18.4500,15.9000,-19.4500
15.2500,-11.9500,7.7500
-5.7000,7.0500,-5.0000
3.5500,0.0000,-1.4500
-15.4500,-2.2000,-14.7000
-14.3500,-15.8000,-13.2500
-7.1500,-14.1500,-6.2500
-20.2000,-5.4500,-21.0000
-13.6000,-23.3000,-11.3000
-6.1000,-10.8500,-6.5500
1.3000,-1.5500,-3.7000
-33.5000,-7.7000,-29.5000
0.0500,-27.8000,-1.6500
5.5500,-4.1500,8.0500
-5.5500,9.3500,-6.8500
1.7500,-8.4500,3.3500
7.1000,2.1500,8.3000
22.5000,4.9000,25.9000
-17.7000,22.9000,-14.7000
-33.6000,-26.3000,-22.0000
17.6500,-14.6000,10.2500
3.1000,15.0000,-1.6500
-21.3000,-2.2000,-20.7500
1.3000,-17.8000,-1.6500
2.1000,-3.2500,3.7000
-4.2500,5.4500,-6.0000
11.0000,-7.3000,12.3000
8.0500,11.9500,8.4000
6.3500,9.1500,5.6000
-3.5000,7.3000,-5.2000
-6.5500,-4.7500,-7.0000
-4.9500,-3.8500,-8.1000
2.0000,-7.7000,1.6000
3.6500,0.5000,4.7500
12.4500,7.4000,9.8000
-0.2000,14.1000,-4.5000
-22.6000,-31.0000,3.9000
-26.3500,3.8000,-26.2500
-15.7500,-24.8000,-17.2000
-5.6500,-14.1000,-8.7500
-8.9000,-9.1000,-8.5500
-14.8500,-8.8000,-14.6000
-15.3000,-15.0000,-14.9000
0.8500,-15.3000,1.2500
-2.8000,5.3000,-6.8500
-8.7000,-4.5000,-11.0500
-11.3500,-10.5000,-11.9000
37.2000,-12.0500,37.3500
-2.6000,38.5500,-3.8000
1.3000,-2.5000,0.0000
-15.7000,2.0000,-17.7000
5.5500,-16.0000,3.8500
6.8000,4.0000,6.6500
4.0000,11.0000,-0.3500
-8.2500,-3.6000,-5.0000
1.4000,-1.8000,-1.8000
-8.9500,-23.3000,12.5500
7.9000,13.7000,6.7500
-3.1000,13.0000,-9.3500
1.8500,-8.0000,0.5000
-2.7500,1.9000,-4.1500
30.7500,-7.5000,34.1000
25.3000,37.8000,21.6000
0.0000,16.8000,4.8000
-3.2500,7.8500,-6.3000
1.1000,-3.4000,-1.8000
7.8000,-0.4500,6.4500
14.7000,7.8000,13.3500
-4.6500,15.1000,-6.4000
-0.7000,-4.4000,-2.7000
-5.4500,-0.5000,-7.6500
2.2500,-6.0500,0.6500
-24.6500,2.0500,-26.0500
3.3000,-27.0000,4.2500
3.4000,7.8000,-0.1500
-3.9500,3.0500,-7.1500
-4.1500,-6.8500,-4.4500
9.5000,-1.0000,6.0500
61.6500,17.0000,50.7000
-8.4500,54.6000,-12.3500
17.9000,-10.2500,15.8000
8.6000,34.6000,-10.2000
6.7500,-6.1000,2.6500
-5.1500,4.0000,-6.5000
2.0500,-7.0000,2.5500
-10.1000,4.4500,-12.0000
-11.2000,-10.9000,-12.3000
-17.0000,-9.4500,-19.8500
-17.8000,-18.9500,-18.7000
14.9000,-16.0000,12.2000
29.4500,21.4000,20.2500
-20.9000,23.6000,-24.2500
-4.7000,-20.7500,-8.2000
4.7500,-7.2500,3.8000
9.7500,7.0000,6.5500
-16.4500,-6.0000,-3.9000
-71.8500,-30.0000,-45.7500
23.0000,-31.0000,8.2500
0.9000,5.5000,3.6500
14.2000,13.4000,4.4500
-1.7500,6.0500,-3.3500
0.4500,-8.2500,5.3500
-13.3500,12.3000,-20.3000
-7.3000,-15.0000,-12.6000
8.4500,-7.0000,2.8500
-13.6500,0.9000,-11.7000
-10.8500,-9.8000,-12.7500
11.4000,-9.1000,7.7500
3.7500,16.0000,-4.5000
-5.0500,-13.0000,3.4500
16.8000,12.0000,8.2500
2.2000,9.0000,1.4500
6.8000,3.5000,4.7500
-5.8500,7.5000,-8.6000
6.0000,-1.7500,-0.8500
3.7000,-3.2500,6.1000
-14.4000,8.3000,-16.6000
4.6500,-19.3500,7.4000
0.0000,7.7000,-0.3000
-11.3000,1.3500,-12.9500
9.6000,-18.2000,14.8500
-5.3000,17.8000,-8.2500
-3.0000,-4.7000,-6.5500
8.3500,-4.1500,5.9500
4.7500,7.8000,2.9000
-2.3000,2.9500,-2.3500
-3.0000,-2.3500,-3.0000
-2.7500,-0.0500,-5.7000
2.9000,-3.6500,0.8500
40.4500,5.2500,36.0500
-2.7000,38.7000,-5.3500
-1.4500,-2.4000,-4.4000
18.7000,-2.0500,16.3500
33.5000,24.0500,25.8000
-21.8500,29.0000,-25.0500
12.5500,-23.0000,10.5000
3.0000,13.5000,0.0000
-13.0500,-0.9000,-12.1500
5.3500,-10.0000,3.2000
4.3500,7.4000,0.1500
-7.9000,-15.3000,7.5500
37.2000,12.3000,32.4500
13.3000,56.2500,-10.5000
2.4000,-5.7500,-2.3500
7.1500,0.8000,4.0000
-19.1500,4.7000,-19.8500
-24.5000,-20.9000,-23.4500
24.0000,-50.0500,50.6000
-18.8500,55.0500,-23.3000
9.0500,-19.1000,4.8500
4.5500,0.0000,9.4000
-8.0500,7.8000,-6.4500
1.4000,-2.6000,-2.4500
-13.5500,-18.2000,2.2000
34.0500,7.0000,29.2500
9.1000,30.0500,8.3000
9.0000,9.6500,7.6500
6.0500,7.3000,6.4000
32.8500,10.7000,28.5500
-1.1500,30.3000,-2.9000
9.7000,-5.0500,11.8500
-2.3500,14.4500,-4.9500
50.2500,-2.4000,47.7000
6.2000,45.0000,8.9000
-13.0500,7.9000,-12.0500
2.3000,-6.5000,-3.2500
14.9000,5.1000,6.5500
-12.6500,12.5000,-18.6000
11.8000,-7.1000,0.3000
-9.5500,1.9000,-11.1500
7.5500,-14.8000,11.2000
28.3000,16.7500,22.7500
0.4500,29.2500,-6.0500
15.4000,1.5000,7.8500
4.6500,8.5000,4.0000
3.7000,3.5000,4.2000
7.8000,7.1000,4.9000
-5.7000,9.1000,-9.9000
-15.3500,-8.7000,-16.5500
28.5500,-12.5000,24.5000
9.6000,27.8000,6.3000
10.4000,9.2000,7.5000
44.8500,15.5000,36.8500
57.9000,46.7000,48.0500
-27.8000,39.0000,-18.7500
5.8500,-9.8000,-3.1000
5.2000,1.9000,0.2000
-1.4000,-3.8000,2.6000
4.0000,14.0000,-7.4000
2.5500,-9.0000,4.1500
24.0500,14.9500,13.2500
2.6000,25.7500,-9.9000
-22.6000,-18.7000,-13.8000
-45.3000,-3.5500,-55.5500
-72.4000,-58.4500,-69.5000
35.6000,-63.0000,29.1000
-20.2500,18.0000,-9.1500
8.0000,11.0000,-12.1500
-41.6500,-5.7500,-48.0500
8.0500,-38.2500,-1.7500
20.2500,3.2500,15.2500
-20.5000,18.4500,-23.7000
-22.4000,-23.8000,-22.3000
3.3500,10.1000,-29.0500
-4.5000,-23.9000,-9.6500
-40.7500,-14.1000,-36.3000
-31.7500,-38.1000,-29.9500
40.5500,-28.4000,39.0000
24.5000,83.5000,-20.0000
-17.1000,-32.8000,-4.3000
10.0500,-0.1000,5.8500
-62.5000,5.9000,-62.5500
19.5000,-63.0000,19.9500
22.2500,35.0000,7.2000
-31.9500,12.8000,-37.5500
15.1000,-36.8000,14.3500
-6.4500,25.0000,-17.1000
14.5500,-3.0000,0.4500
-6.1500,1.7000,-7.4000
-1.6500,-11.7000,2.6500
-24.7500,1.7000,-23.8000
-20.2000,-22.7000,-21.3000
0.7000,-12.3000,-8.3000
-13.9000,-11.3000,-10.9000
18.6000,-23.4000,31.1000
3.7500,41.0000,-6.1500
3.4000,-0.8500,-1.9000
17.1000,0.8500,14.3500
-7.7000,11.0000,-4.3500
13.4000,-4.2000,13.2500
-3.8500,22.7000,-13.3000
1.8500,-12.5000,1.0500
-11.8500,4.5000,-15.3000
4.6000,-14.7500,4.0500
-2.2500,3.2500,-1.4500
-5.7500,3.0000,-10.2000
-0.2000,-13.0000,2.6000
23.8500,2.7500,23.7000
-6.1500,24.8500,-7.3000
13.8500,-13.6000,20.1500
-10.2000,21.6500,-11.7000
-5.4500,-12.8500,-4.3000
4.4000,2.2000,-2.1000
4.4000,1.0000,1.3000
19.2000,-6.0000,26.5000
21.9000,35.3500,13.0500
6.0500,10.6500,8.4500
34.5000,14.0000,28.9500
-14.7500,23.0000,-8.8000
0.7500,-11.2000,3.1500
11.6000,3.1000,11.6500
4.4000,10.1000,5.9500
-4.7500,11.0000,-9.8000
13.2000,-1.0000,4.4000
-15.3000,7.0000,-17.9000
-6.4500,-20.0000,-4.3500
-1.7500,-5.9000,-0.2000
10.1500,1.1000,8.8500
10.1000,15.4500,3.5000
1.3000,2.6500,2.1500
-9.3000,2.0500,-9.2000
-10.7000,-4.9000,-15.0000
1.5000,-20.4500,6.9500
2.0000,12.0000,-3.0500
2.8500,-1.0000,0.8000
-0.7500,2.0000,-1.9500
2.7500,1.8000,-1.0000
32.0500,2.1500,28.9000
3.3500,36.0500,-3.8000
-10.0000,-15.0000,1.2000
3.0500,-0.8000,5.0500
-2.4000,3.8000,-1.1500
10.9000,1.7500,8.0000
-8.0000,7.6500,-7.6500
-6.2000,-14.5500,0.7000
-15.1000,3.0500,-17.4500
-29.6000,-17.6000,-29.4500
3.3000,-26.2000,0.0500
-25.1500,2.8500,-27.9500
16.6500,-22.7000,11.4000
7.6000,14.1500,4.8500
-2.1500,35.6000,-32.9000
-4.8000,-30.3000,-7.4000
-11.3000,-4.7000,-14.0000
-12.8500,-23.0000,-3.8500
-5.0500,-4.3500,-4.5500
-12.6000,-2.8500,-14.3000
8.2000,-14.3000,8.2000
-13.4500,3.9000,-9.1500
-1.1000,-11.5000,1.2500
17.6000,1.2500,17.6000
0.8500,24.8500,-6.4000
-19.4000,-24.5000,-1.3000
8.9500,1.5000,6.1500
2.2000,8.3500,0.0000
-3.8000,-4.3500,0.5500
-7.6000,6.0000,-13.0500
36.0500,-19.1000,42.1000
-9.5500,44.1000,-11.5500
-13.5000,-10.1000,-14.9500
-6.3000,-15.0000,-6.2500
-23.0500,-21.7000,-7.6000
8.0000,-1.4500,1.8500
9.5500,5.2500,6.1500
7.4500,10.0000,3.6000
-2.8500,8.6500,-7.9000
-9.4000,-7.9000,-9.4000
23.7500,-9.7500,24.1000
0.7000,29.0000,-4.2000
-0.9000,1.8000,-6.9000
0.6000,-3.8000,-2.5000
3.5000,7.0000,-6.0000
2.2500,-2.0000,-1.7500
-11.6500,-0.3000,-13.1000
6.1000,-10.9000,3.9000
-9.7500,4.9000,-10.7500
-1.4000,-8.1000,-4.0500
-5.8500,-1.6000,-8.3000
6.3500,-6.1000,4.1500
-9.1000,7.0000,-11.9500
16.5000,-9.1500,13.7000
6.6500,15.2500,5.1000
-7.4500,1.9000,-4.2500
15.2500,-1.2000,12.2000
6.8000,15.9500,3.0500
31.9000,5.9500,29.0000
-12.0000,33.4000,-16.4000
-30.4000,-25.0000,-21.8000
15.6000,-22.2000,16.0000
-5.2000,18.2000,-7.4000
11.0500,-3.0000,6.6500
-11.2000,8.0000,-12.5500
-33.9000,-15.8000,-30.6500
-2.5500,-30.2000,-3.0000
-4.9000,-0.7500,-7.1500
-6.9000,-4.4000,-9.6500
-0.4500,-27.8500,17.7500
3.1000,22.8000,-1.9500
-2.7000,3.1500,-7.8000
-2.2000,-4.3000,-5.7000
5.6000,-1.9000,1.8000
6.3500,4.0000,4.1500
-6.6500,6.2500,-8.7500
-10.6500,-4.7500,-14.6500
-3.1000,-12.9500,-4.8000
-0.3500,-1.6000,-3.5500
5.4500,-0.1000,2.0000
4.4500,4.2000,2.2500
-0.4500,8.4000,-6.6000
-4.5500,-3.2000,-7.9500
-5.6000,-5.2500,-8.3000
20.9000,-6.3000,18.9000
-0.9500,22.6500,-4.7000
-7.7000,-3.6000,-8.8000
-9.6500,-14.8000,-3.6500
3.6000,-0.9000,0.8500
5.9000,2.9500,3.8000
0.0500,7.2500,-3.4000
-0.3500,-2.0000,-1.7500
-4.8500,-4.0000,-2.6000
0.1000,-0.7000,-1.8000
3.7500,3.6500,-1.7000
8.3000,-1.9500,8.5500
-6.5000,9.4000,-7.3500
-14.6000,-4.6000,-17.3500
0.7000,-14.6000,-2.0500
-65.6500,1.1000,-68.8000
14.7500,-66.3000,12.2500
16.7500,14.0000,15.0000
-5.7000,17.0000,-7.7000
-3.0000,-4.2000,-6.5000
-10.4500,-6.8000,-10.1500
-7.0000,-8.9000,-8.2500
0.2000,-5.9000,-2.1500
-15.0500,-2.5000,-14.7000
3.8000,-16.0000,5.1000
-0.1500,7.2500,-2.3000
5.7000,2.0500,1.3500
6.5000,3.0500,4.8000
-1.6500,9.4000,-6.2500
11.4500,-2.5500,7.7500
-5.8000,8.5500,-6.6000
-7.0000,-5.4500,-8.1500
-4.5000,-8.1000,-4.5500
-5.9000,-4.0000,-6.4500
4.4500,-6.1500,4.1500
8.1500,8.1500,4.1500
7.5500,23.6500,-11.9500
-12.3500,-17.6000,-6.7000
-5.5500,-8.5500,-3.7000
-20.9000,-1.4500,-23.1500
-0.6500,-18.9500,-4.8500
2.0500,-1.4000,-1.4000
-11.6500,-33.6000,20.5500
14.6500,29.4000,5.8000
-15.2500,3.6000,-13.0500
-45.6500,-13.0000,-45.7000
-6.3000,-39.9500,-12.0500
-10.8500,-11.0500,-11.8500
-2.0500,-10.2000,-3.7000
-11.6000,-4.7500,-10.5500
-7.7000,-11.0500,-7.2000
20.7500,-2.9000,16.4500
-7.6000,11.9000,-3.0500
16.5000,-1.0000,14.4500
23.9500,13.9500,24.4500
1.5000,25.0500,0.9000
1.2500,4.9000,-2.7500
-14.3500,-9.3500,-7.7500
-5.7000,-15.5500,2.1000
1.6000,2.0000,1.7000
-6.9000,3.8000,-9.0000
-3.1000,-6.8000,-5.3000
4.4000,-2.0000,1.1000
-4.0500,1.5000,-4.4500
-13.4000,-8.0000,-9.8500
6.0500,-16.5000,12.7000
-3.7500,11.1000,-2.1500
2.4500,-6.0000,6.3000
1.2000,9.9000,-2.4000
-2.5500,-4.0000,-0.9500
-7.2000,-2.8000,-5.3500
-1.8000,-4.2000,-2.9500
0.1000,-3.0000,0.1500
-1.0500,0.6000,-1.5000
-8.7500,-2.6500,-7.6000
3.0500,-7.9500,3.4000
-2.8500,3.1500,-2.6000
1.7000,-0.5500,-0.3500
5.3500,0.4000,4.6000
15.3000,-5.0000,24.9000
1.2500,26.7000,-0.5500
6.2500,3.1000,2.6000
3.4000,4.5000,1.5000
-1.5500,3.0000,-3.0500
1.4000,-2.3000,0.6500
14.9000,4.4000,11.1500
-0.4500,13.4000,-2.7000
2.7500,-2.8000,2.8500
-0.2500,4.5000,-1.9000
9.2000,-1.5000,8.8000
-1.2000,10.9000,-3.3000
7.2500,-0.9000,4.8500
1.7500,5.6000,1.0000
-5.3000,3.3500,-7.6500
1.5500,-7.4500,1.3500
-0.4500,3.0500,-2.1500
13.3500,1.4500,9.7500
2.7000,9.2500,3.2000
-4.8500,2.4500,-4.1000
-11.6500,-4.7000,-11.0500
nan,nan,nan
nan,nan,nan
nan,nan,nan
nan,nan,nan
nan,nan,nan
nan,nan,nan
nan,nan,nan
nan,nan,nan
nan,nan,nan
nan,nan,nan
nan,nan,nan
nan,nan,nan
nan,nan,nan
nan,nan,nan
nan,nan,nan
nan,nan,nan
nan,nan,nan
nan,nan,nan
nan,nan,nan
nan,nan,nan
nan,nan,nan
nan,nan,nan
nan,nan,nan
nan,nan,nan
nan,nan,nan
nan,nan,nan
nan,nan,nan
nan,nan,nan
nan,nan,nan
nan,nan,nan
nan,nan,nan
nan,nan,nan
nan,nan,nan
nan,nan,nan
nan,nan,nan
nan,nan,nan
nan,nan,nan
nan,nan,nan
nan,nan,nan
nan,nan,nan
nan,nan,nan
nan,nan,nan
nan,nan,nan
nan,nan,nan
nan,nan,nan
